business_type,location,monthly_kwh,monthly_bill_ngn,operating_hours_per_day,roof_size_sqm,avg_sun_hours,recommended_system_size_kw,installation_cost_ngn,annual_savings_ngn,roi_percent,payback_years
Bakery/Food Processing,Ibadan,1436.7182020405162,143671.82020405162,17.408571676918996,452.5966679962728,5.3,11.584568634417966,10025647.187604822,1724061.8424486194,17.19651420189769,5.815131998609619
Welding Shop/Technical Services,Kano,2197.3169683940732,219731.69683940732,7.872223685309239,135.79698618491147,6.2,15.145553959154073,10755527.189738791,2636780.362072888,24.51558455069021,4.079037960250661
Welding Shop/Technical Services,Ibadan,1116.167224336399,111616.7224336399,16.394113749299223,380.61325645876485,5.3,8.999896987069818,7109595.602092324,1339400.6692036786,18.839336921069023,5.30804244432641
Retail Store/Trading,Enugu,766.4580622368364,76645.80622368364,6.247013931549629,583.4504186890969,5.1,6.422474126335147,4331440.627792143,919749.6746842037,21.23426715773837,4.709369024000302
Agro-processing Unit,Lagos,3581.1066020010544,358110.66020010546,8.548069328139313,150.00373196390535,5.0,30.607748735051747,23017450.385051243,4297327.922401265,18.669869383935673,5.356223867642274
Welding Shop/Technical Services,Ibadan,1366.8090197068677,136680.90197068677,9.650906915514453,338.6160373977308,5.3,11.020875824116011,7011815.958058028,1640170.8236482413,23.391527008967568,4.275052242705796
Bakery/Food Processing,Kano,1534.3065316915968,153430.6531691597,9.494749682376503,386.5190920973087,6.2,10.575589548467029,6561768.447061327,1841167.8380299164,28.059018736854075,3.563916505342903
Small Manufacturing Plant,Ibadan,2988.2285122821463,298822.8512282146,9.505735782422619,251.49901381153043,5.3,24.094730787632205,17620281.80627393,3585874.2147385757,20.350833511991727,4.913803650404541
Other,Kaduna,1075.318973168961,107531.89731689611,15.422111536716162,159.82058018709785,6.0,7.65896704536297,5355547.026238484,1290382.7678027533,24.094322418994143,4.150355351813818
Other,Kano,1174.1985453031398,117419.85453031398,13.10897482634451,75.54772699599874,6.2,8.093455647250757,5922908.583499024,1409038.2543637678,23.78963366561641,4.203511554889213
Welding Shop/Technical Services,Lagos,2215.089703802877,221508.9703802877,8.046289484247499,85.77837614190373,5.0,18.932390630793822,11637063.35674745,2658107.6445634523,22.841739045978617,4.377950374037104
Other,Abuja,1913.1054133306666,191310.54133306665,17.587584396894712,494.61854146405364,5.5,14.864843926423204,9614330.322226917,2295726.4959968,23.878173716264126,4.18792497233099
Salon/Personal Services,Lagos,347.998949962691,34799.8949962691,7.172065368076606,426.3281645816863,5.0,2.9743499996811193,1586991.7595084968,417598.73995522916,26.313856858624305,3.8002790901108527
Retail Store/Trading,Kano,552.121994991681,55212.199499168106,7.464458818137346,322.3473005611986,6.2,3.8056382340204093,1982397.101432201,662546.3939900172,33.421477135501995,2.992087979671459
Agro-processing Unit,Kano,1585.971302788046,158597.1302788046,16.911844824945383,192.32898988000932,6.2,10.93170183890299,6574138.02766333,1903165.5633456553,28.949279058902032,3.4543174562839263
Agro-processing Unit,Kaduna,3156.3057108849553,315630.57108849555,9.740532913072931,336.0374116477959,6.0,22.480809906588,11908056.765602471,3787566.8530619466,31.80675846291467,3.1439858958464995
Other,Ibadan,1229.4074748835756,122940.74748835756,8.218253466306324,583.2715452705072,5.3,9.912977543005768,5367975.313994144,1475288.9698602906,27.483154887360573,3.6385924545362047
Welding Shop/Technical Services,Enugu,2550.265646722229,255026.5646722229,17.27398729877027,542.1550427352068,5.1,21.369747333016836,17633703.515748706,3060318.776066675,17.354940630216994,5.762047945349247
Salon/Personal Services,Lagos,538.6349862272053,53863.49862272053,17.062490820277404,98.67087612855573,5.0,4.603717831001755,2373444.3283459544,646361.9834726463,27.233079611481507,3.672004834805383
Other,Lagos,633.1708661125468,63317.08661125469,6.542727466926457,228.93168191979538,5.0,5.411716804380742,4132263.1186152683,759805.0393350562,18.387140836028582,5.43858345850354
Retail Store/Trading,Lagos,510.9418317515856,51094.183175158556,9.256188381286751,505.80563003356116,5.0,4.3670242030050055,2659618.6158198677,613130.1981019026,23.053312774053357,4.337771364146441
Retail Store/Trading,Enugu,485.40266135487144,48540.266135487145,9.37121411624857,348.48284573703666,5.1,4.067392838569393,3451663.883364025,582483.1936258457,16.87543206142517,5.925774204536412
Small Manufacturing Plant,Enugu,2993.2347874116695,299323.47874116694,15.626363769048476,91.00285402387395,5.1,25.081571873736127,17406533.474403277,3591881.7448940035,20.635250264941902,4.846076433097311
Bakery/Food Processing,Kaduna,2477.707792220879,247770.7792220879,15.26693723155989,159.29362484379482,6.0,17.64749139758461,10980808.87370917,2973249.3506650547,27.076778995614475,3.6932014703889497
Salon/Personal Services,Lagos,153.58937613034155,15358.937613034155,15.78553714145801,438.7715391161894,5.0,1.3127297105157398,928172.8593375768,184307.25135640986,19.856996409908735,5.0360083637875634
Bakery/Food Processing,Kaduna,2039.3121856696785,203931.21856696784,15.25524416023135,90.7245584537497,6.0,14.525015567447852,9481686.252821555,2447174.622803614,25.80948744296812,3.8745442047608476
Agro-processing Unit,Lagos,2396.1643213606812,239616.43213606812,7.390428714301557,524.7068842315764,5.0,20.48003693470668,14862781.126046311,2875397.1856328174,19.346293006991957,5.168948902193249
Welding Shop/Technical Services,Kano,2246.596253655116,224659.6253655116,9.97077629823179,84.957092657313,6.2,15.485223694893271,8452038.682027139,2695915.504386139,31.89662998252571,3.13512744308048
Small Manufacturing Plant,Lagos,3588.4381260048176,358843.8126004818,9.902199864320965,451.28339808593523,5.0,30.67041133337451,27566449.19337878,4306125.7512057815,15.620893793750104,6.401682344195302
Small Manufacturing Plant,Ibadan,4731.451149743246,473145.1149743246,16.64655291091592,309.71820883907213,5.3,38.150710770385786,25569459.067850947,5677741.379691895,22.20516814464271,4.503456103039072
Bakery/Food Processing,Ibadan,1003.3102180951129,100331.0218095113,14.558937446675941,468.4317767392936,5.3,8.089906612603716,5171814.648253804,1203972.2617141355,23.27949363229096,4.295626081028245
Other,Kano,1254.1712358681436,125417.12358681437,15.251606159454731,321.5875780004149,6.2,8.644687316433302,6778160.485314904,1505005.4830417724,22.203745194620485,4.503744711690709
Other,Enugu,1188.6458099493898,118864.58099493898,11.130492220302596,63.980519709252356,5.1,9.960162644120913,6429880.231977489,1426374.9719392678,22.1835387360021,4.507847065793342
Bakery/Food Processing,Ibadan,983.4154258886176,98341.54258886176,6.3771502282408115,400.02572619507924,5.3,7.9294906135189285,6607721.618844281,1180098.511066341,17.859386020453226,5.599296632340906
Welding Shop/Technical Services,Port Harcourt,1628.7119621526533,162871.19621526534,12.102848293976432,549.1615606593512,4.8,14.50064068868103,9885206.96407547,1954454.3545831842,19.771506673416198,5.057783488723959
Welding Shop/Technical Services,Lagos,1498.58445829775,149858.445829775,10.924595076427558,465.55312619867675,5.0,12.808414173485042,10090767.958390282,1798301.3499573001,17.82125361887889,5.611277530670754
Small Manufacturing Plant,Lagos,3300.7935792206786,330079.35792206787,6.923758917945516,209.36329910257243,5.0,28.211910933510072,15318539.69546611,3960952.2950648144,25.857244710063014,3.8673880810310157
Welding Shop/Technical Services,Port Harcourt,1322.4425745080089,132244.25745080088,17.156371828110878,494.4662087604293,4.8,11.773883320049936,9871785.086257594,1586931.0894096107,16.075421775730923,6.220676595308379
Salon/Personal Services,Ibadan,561.7124417317752,56171.244173177525,16.45752708225261,492.01964229451295,5.3,4.529208528719361,3597492.3365387423,674054.9300781303,18.736799609882123,5.337090756270789
Welding Shop/Technical Services,Abuja,1373.1401177720718,137314.01177720717,16.710707981879732,346.6382330536079,5.5,10.66930938439838,6238203.416710728,1647768.1413264861,26.41414572843986,3.785850242066733
Small Manufacturing Plant,Lagos,5326.040543074219,532604.0543074219,16.753095599081917,224.90191123452513,5.0,45.5217140433694,25406324.297744654,6391248.651689063,25.15613268880623,3.975173816939564
Other,Kaduna,487.08827169705046,48708.827169705044,8.7352219505033,284.909283744441,6.0,3.469289684451926,2173568.755307915,584505.9260364606,26.8915314783156,3.718642803242223
Agro-processing Unit,Ibadan,3545.0369148062327,354503.69148062327,16.328766999076123,53.82367179215488,5.3,28.58439699085819,25452354.144323315,4254044.297767479,16.71375572430602,5.983095699704092
Other,Kano,1168.2704143818619,116827.04143818619,11.008932037785348,172.15929575890164,6.2,8.052594529789507,4853561.477869123,1401924.4972582343,28.884449154515014,3.4620705233137086
Welding Shop/Technical Services,Kano,1239.7307346673656,123973.07346673656,10.051382056843536,568.6003371518856,6.2,8.545152568702546,5831646.920825452,1487676.8816008386,25.510407296576567,3.9199687734276103
Small Manufacturing Plant,Abuja,3631.210262072643,363121.02620726434,12.225487460920393,436.6604273923478,5.5,28.214531950836385,14446068.622487435,4357452.314487172,30.163585874873633,3.3152556998636005
Small Manufacturing Plant,Kano,3772.703608327529,377270.3608327529,17.661384992651527,579.3460122181611,6.2,26.004298375568847,17133998.46851659,4527244.329993035,26.4225792847581,3.7846418747500974
Welding Shop/Technical Services,Kaduna,1503.5645916507283,150356.45916507283,11.966982070708625,215.48307039922332,6.0,10.709149513181824,7801915.34264949,1804277.509980874,23.1260841824022,4.324121594095685
Welding Shop/Technical Services,Ibadan,1569.6809887549352,156968.0988754935,6.4426433682543935,385.26038368894325,5.3,12.656676251854016,11153693.985201856,1883617.186505922,16.887832757515202,5.921422922399518
Retail Store/Trading,Port Harcourt,602.1432185830893,60214.321858308926,6.617745014999873,203.2555553301363,4.8,5.36096170390927,3788561.711135925,722571.8622997071,19.072458557974983,5.243162526531529
Retail Store/Trading,Enugu,926.612708773323,92661.2708773323,8.87474268800367,129.6921796501727,5.1,7.7644771976983655,6426214.661478916,1111935.2505279875,17.30311402750572,5.779306536444019
Other,Lagos,1132.0696924718573,113206.96924718573,17.827805449327208,183.13039933132524,5.0,9.675809337366301,6955465.7697629025,1358483.6309662287,19.531166940277195,5.1200217737005715
Welding Shop/Technical Services,Ibadan,2344.2710948117574,234427.10948117575,15.139435383944612,180.7006491958198,5.3,18.902363286661483,9759554.899574554,2813125.313774109,28.824319784263324,3.4692926233282746
Agro-processing Unit,Port Harcourt,3320.540871529649,332054.0871529649,10.41339759263104,397.7682068264687,4.8,29.563220010057414,18506673.582798306,3984649.045835579,21.53087656735489,4.644492744509063
Other,Kano,1377.000508293521,137700.0508293521,12.429296208897101,99.65937352992457,6.2,9.491318640015997,6930748.828779752,1652400.6099522253,23.841588416689916,4.194351410327872
Other,Port Harcourt,1720.0142425017045,172001.42425017044,9.849360779660831,152.58518071991983,4.8,15.313517116290104,13479533.345316399,2064017.0910020452,15.31222957150226,6.53072758170443
Small Manufacturing Plant,Kaduna,2642.7129954416737,264271.29954416736,13.090715318258901,422.6603990132553,6.0,18.822742132775453,15879846.754402157,3171255.5945300083,19.970316109321924,5.007432003208057
Small Manufacturing Plant,Lagos,2558.0574012474967,255805.74012474966,12.145116699591371,174.57267635886586,5.0,21.863738472200826,12928952.206926461,3069668.8814969957,23.742595937917336,4.211839356634894
Salon/Personal Services,Abuja,569.3623137661424,56936.23137661424,8.092397148059897,430.01575595635626,5.5,4.423949601912527,2601476.7189123887,683234.7765193708,26.26334387512851,3.8075882673379002
Agro-processing Unit,Kano,2466.8383657513436,246683.83657513437,17.240759864840815,125.63651928029628,6.2,17.00329725497204,9869890.131286968,2960206.038901612,29.992289676233924,3.334190256212436
Salon/Personal Services,Kaduna,371.69312818266803,37169.3128182668,7.361682254887069,558.5814900532096,6.0,2.647386952868006,2300578.0932765556,446031.7538192016,19.387811920957187,5.157879620851147
Retail Store/Trading,Abuja,901.8714827047849,90187.14827047849,9.095299532581867,412.99122531879846,5.5,7.007548428164606,5893813.958449153,1082245.779245742,18.362401441163144,5.445910782444239
Agro-processing Unit,Enugu,3543.0555005030396,354305.550050304,12.662409739193548,341.30781809580355,5.1,29.68875063267169,24046503.712154463,4251666.6006036475,17.681017795758038,5.655783007242469
Welding Shop/Technical Services,Port Harcourt,1483.7045818009033,148370.45818009033,7.11723321367079,543.4686668743298,4.8,13.20962056446673,8679963.018731184,1780445.498161084,20.512132301933992,4.875163563106088
Small Manufacturing Plant,Kano,5651.4632000716565,565146.3200071657,13.597217487279215,236.46638507678537,6.2,38.954116350094125,27336140.031045694,6781755.840085988,24.808754390283113,4.03083518127646
Bakery/Food Processing,Enugu,1393.6562768415235,139365.62768415236,14.711468146442872,543.4106429739174,5.1,11.67803148015354,8008008.033257737,1672387.5322098285,20.88393924262192,4.788368652017073
Welding Shop/Technical Services,Ibadan,2774.1728485302347,277417.2848530235,15.358506550291487,403.1174053848583,5.3,22.36875381817638,13451656.863483146,3329007.4182362817,24.74793590128997,4.040741029832212
Bakery/Food Processing,Port Harcourt,943.037940491583,94303.7940491583,7.939544569135365,544.2048036898937,4.8,8.395993059932184,5894081.3181805555,1131645.5285898997,19.199693175241556,5.20841656620598
Welding Shop/Technical Services,Kano,2212.85811931918,221285.811931918,6.110364619399556,105.80934857631766,6.2,15.25267520898249,7812399.180248547,2655429.743183016,33.989939350468966,2.942047026589363
Retail Store/Trading,Port Harcourt,730.8014152864447,73080.14152864447,6.060739006154624,138.44442827962428,4.8,6.506422856894984,3596257.0392073854,876961.6983437336,24.385400953904444,4.100814261329116
Retail Store/Trading,Kano,638.9870314932689,63898.70314932689,14.30274237231232,408.5786927264303,6.2,4.40437711258112,3764138.5265381783,766784.4377919226,20.370781584840415,4.9089918118025615
Small Manufacturing Plant,Port Harcourt,3284.9425831119593,328494.25831119594,14.54615065617043,180.48699812324003,4.8,29.24628368155234,23416677.722489845,3941931.099734351,16.833861517205925,5.940407665691546
Salon/Personal Services,Kano,361.50980380352405,36150.980380352405,14.95789686141629,407.29809447596807,6.2,2.4917962765613733,1667378.9091482325,433811.7645642288,26.017587375255825,3.843553922109841
Agro-processing Unit,Abuja,3623.058526235445,362305.85262354446,13.89135470760412,362.5697318345094,5.5,28.151192900042304,19898956.29281323,4347670.231482534,21.848735016583518,4.576924015239258
Bakery/Food Processing,Kaduna,959.2471053077572,95924.71053077573,10.412589636713202,195.861302224949,6.0,6.832244339798841,4427291.287632193,1151096.5263693088,26.00001787966698,3.846151201234514
Small Manufacturing Plant,Port Harcourt,3353.9637518267928,335396.3751826793,17.676126657029346,266.2037485667182,4.8,29.8607883887713,23778502.53676443,4024756.5021921513,16.92603012308867,5.908059909664863
Retail Store/Trading,Lagos,913.6372441416906,91363.72441416906,13.573663511967155,487.1462169479066,5.0,7.808865334544365,6353877.499151988,1096364.6929700286,17.255049268991314,5.7954050690372645
Small Manufacturing Plant,Ibadan,4259.229825868172,425922.98258681723,12.92284661551631,320.8847316003751,5.3,34.343088420159425,27656972.52085783,5111075.791041806,18.480243226865227,5.411184191267965
Agro-processing Unit,Ibadan,1988.1074694951112,198810.7469495111,14.669425383138064,204.4247993424707,5.3,16.030539183156836,12648811.819245296,2385728.9633941334,18.86128908775623,5.301864550971482
Salon/Personal Services,Kaduna,165.805378180445,16580.5378180445,13.745667550886013,147.41087367387692,6.0,1.1809499870402065,687078.7519716725,198966.45381653402,28.95831856909718,3.4532391706856496
Agro-processing Unit,Abuja,3851.1464608822857,385114.64608822856,17.44714292403105,553.1754146212467,5.5,29.92343792449328,19007008.43990454,4621375.753058743,24.3140616666236,4.112846359079199
Retail Store/Trading,Kaduna,496.1269602043555,49612.69602043555,6.185479398346409,560.5752094232489,6.0,3.5336678077233294,2430944.979144695,595352.3522452266,24.490572898720878,4.083203786760861
Welding Shop/Technical Services,Kano,1856.3682966346287,185636.82966346288,17.599857828524037,579.990987399089,6.2,12.795480401396668,8090802.296191111,2227641.9559615543,27.533016806136224,3.632003013113812
Retail Store/Trading,Abuja,882.407564373888,88240.7564373888,9.533386704835028,261.8037507310589,5.5,6.8563136314987405,5498599.529874146,1058889.0772486655,19.257432215160826,5.192800311210384
Agro-processing Unit,Lagos,3627.8416787921424,362784.1678792142,9.803064061875332,143.22101067735088,5.0,31.007193835830275,19588528.344688006,4353410.01455057,22.22428320262825,4.499582690170811
Small Manufacturing Plant,Kaduna,4448.804418604225,444880.44186042255,17.23385728992937,432.81638817123513,6.0,31.68664115814975,17595364.791278556,5338565.302325071,30.340748064349437,3.295897641940497
Salon/Personal Services,Enugu,520.5397605580872,52053.97605580872,7.166117925249223,388.2539746845434,5.1,4.361821355438974,2877127.9438908133,624647.7126697047,21.710807612711783,4.606000927457416
Welding Shop/Technical Services,Abuja,2980.1077002085267,298010.7700208527,7.681008182838289,335.0813088000552,5.5,23.155459986080235,20653877.768270083,3576129.240250232,17.314565721620227,5.77548415639052
Bakery/Food Processing,Abuja,2291.5342222775243,229153.42222775242,14.889223413050454,433.3586575473974,5.5,17.805238712335075,10511368.347352277,2749841.066733029,26.16063842369001,3.8225366820346434
Welding Shop/Technical Services,Port Harcourt,2404.9681679742184,240496.81679742184,10.313893814637062,211.47551434547134,4.8,21.411753632249095,15948832.971780717,2885961.8015690623,18.09512838133911,5.526349296483942
Welding Shop/Technical Services,Enugu,2618.7223109570273,261872.23109570274,15.721360736150169,526.889775219057,5.1,21.943374484305576,14772043.151850618,3142466.773148433,21.27306792191945,4.7007794252826836
Small Manufacturing Plant,Lagos,5696.3419339476495,569634.1933947649,12.136108786331253,325.83396207795977,5.0,48.68668319613376,25726521.84778093,6835610.320737179,26.570285564376796,3.7636027568356885
Welding Shop/Technical Services,Kano,2596.5903579335504,259659.03579335505,13.799567169333182,436.0817824917368,6.2,17.897645147046802,12441559.521402935,3115908.4295202605,25.044355767137016,3.992915646535381
Other,Enugu,1652.8475380413718,165284.75380413717,16.680064101810796,235.8973362683447,5.1,13.849903955432978,10814915.38280057,1983417.045649646,18.339644606040657,5.452668366706642
Agro-processing Unit,Abuja,2438.95738159986,243895.738159986,7.127783278090428,368.0540775478957,5.5,18.950717805748717,13365713.676548827,2926748.857919832,21.89743794268942,4.566744304138354
Agro-processing Unit,Abuja,1589.8556844918553,158985.56844918552,11.587176217589523,348.45454908916713,5.5,12.353191021692735,10485912.62950159,1907826.8213902263,18.194189564603573,5.496260201363846
Welding Shop/Technical Services,Ibadan,1573.0825042565689,157308.25042565688,13.089999126828129,66.77513746647719,5.3,12.684103404745757,7808014.501070289,1887699.0051078824,24.17642801315398,4.13626032537113
Salon/Personal Services,Kano,174.27632268698937,17427.632268698937,15.871206727915899,248.10485277619458,6.2,1.2012429189894496,642063.9420137631,209131.58722438724,32.571769498294664,3.070143303244106
Other,Enugu,516.0028715082042,51600.28715082042,12.266919120657652,473.496454204236,5.1,4.323804855942719,3781713.2038096995,619203.445809845,16.37362254721112,6.107383977593447
Welding Shop/Technical Services,Port Harcourt,1431.6420549936863,143164.20549936863,13.474685709828004,96.94110574657239,4.8,12.74610091696658,8301261.993489307,1717970.4659924237,20.695292683688706,4.832016706814514
Retail Store/Trading,Enugu,241.34537693488616,24134.537693488615,12.376255578817776,347.3493168855586,5.1,2.022334313179874,1477441.046594757,289614.4523218634,19.602437132051666,5.101406489731393
Salon/Personal Services,Kaduna,564.3294359738343,56432.943597383426,14.71309600467194,586.718643704394,6.0,4.019440427164062,3283083.967025242,677195.3231686011,20.62680485696498,4.848060603348044
Salon/Personal Services,Kaduna,485.59522639577693,48559.52263957769,9.875477675294952,487.35240712278704,6.0,3.4586554586593796,2178003.4188821297,582714.2716749323,26.75451593065052,3.737686761338035
Retail Store/Trading,Abuja,416.6658010096594,41666.58010096594,11.267657048467633,93.15100973824627,5.5,3.2374965113415644,2546180.3332294053,499998.96121159126,19.637217155684567,5.092371246251258
Other,Ibadan,343.09626380627776,34309.62638062778,17.5517809761351,509.7890662817132,5.3,2.766459150187693,1533081.861568416,411715.51656753337,26.85541632762707,3.7236436322577746
Welding Shop/Technical Services,Port Harcourt,2391.9484121873957,239194.84121873957,10.90743533297124,145.31187603896518,4.8,21.29583700309291,13129256.16574989,2870338.094624875,21.86215318208724,4.574114871811209
Salon/Personal Services,Enugu,251.68407773620595,25168.407773620595,9.002914777975144,352.07466558836626,5.1,2.1089666309385446,1176559.2765707963,302020.89328344713,25.66984080595737,3.895622133223059
Small Manufacturing Plant,Kaduna,5001.085729450218,500108.57294502185,13.922368520612775,203.96364332026857,6.0,35.62026872827791,29368634.56047788,6001302.875340262,20.434395283110536,4.893709777781001
Salon/Personal Services,Ibadan,770.6624324310761,77066.24324310762,14.854763000349223,354.8947288812704,5.3,6.214017355515852,3660427.162514557,924794.9189172913,25.26467206854614,3.958096100700923
Salon/Personal Services,Abuja,547.6184850523289,54761.84850523289,11.035200749133478,186.2520442256366,5.5,4.254999883856478,3348520.759899197,657142.1820627947,19.624850170634065,5.095580304079798
Small Manufacturing Plant,Kaduna,3745.9043752794155,374590.43752794154,15.09415332557243,57.91641874636573,6.0,26.680230593158228,23407082.79924735,4495085.2503352985,19.2039533028859,5.207261152055206
Other,Enugu,497.3234888617576,49732.34888617576,6.552031704261033,72.40084127543358,5.1,4.167282460715247,2963391.5783998924,596788.1866341091,20.138688082401508,4.965566753446391
Other,Kaduna,1754.2829928187123,175428.29928187124,14.443894312560284,310.79560599802886,6.0,12.494893111244389,8946489.36932177,2105139.591382455,23.530342511791808,4.249831890457472
Bakery/Food Processing,Port Harcourt,966.3180731067025,96631.80731067025,11.899390501401989,310.4094739293111,4.8,8.603259197887308,5888186.113052576,1159581.687728043,19.693359983264664,5.0778536565106
Retail Store/Trading,Enugu,338.56149592801216,33856.149592801215,11.206219790855677,269.1776039185554,5.1,2.836949019004627,1788287.9985438623,406273.7951136146,22.71858869737025,4.401681870827447
Other,Abuja,1346.945166688768,134694.5166688768,13.621123810411726,74.91720537462449,5.5,10.465774410946137,7224126.505909785,1616334.2000265217,22.374112616996115,4.469450999546534
Salon/Personal Services,Kano,393.4981995072063,39349.81995072063,13.510318988570837,326.7249422190482,6.2,2.712284253564973,2010136.2778614827,472197.83940864756,23.490837144186223,4.256978982324141
Agro-processing Unit,Ibadan,3641.224602970806,364122.4602970806,13.90432357942734,139.61393489478633,5.3,29.35997905959366,26259466.29454338,4369469.523564966,16.639597600934202,6.0097607164722335
Bakery/Food Processing,Port Harcourt,919.9668705807308,91996.68705807308,13.709031338475787,64.581220797892,4.8,8.190588235227303,7167631.464399637,1103960.244696877,15.402022972024346,6.492653606713628
Bakery/Food Processing,Abuja,1795.8184881648876,179581.84881648875,17.28276289709949,366.51079783173344,5.5,13.953523606564781,11788790.465687485,2154982.185797865,18.279926104973764,5.470481632460817
Welding Shop/Technical Services,Abuja,1776.339852413044,177633.98524130438,13.719458621308238,302.03908977033416,5.5,13.802174455423804,11809861.134689054,2131607.8228956526,18.049389392348488,5.5403536278292105
Other,Ibadan,1227.5485418370895,122754.85418370894,17.297577705318304,262.3564507904258,5.3,9.897988565046681,6801300.629079768,1473058.2502045073,21.658478731351348,4.6171294503360825
Small Manufacturing Plant,Lagos,5864.1669733837,586416.69733837,16.864207703472765,157.68512413411304,5.0,50.121085242595726,38241271.887186944,7037000.36806044,18.40158556655707,5.434314322442919
Salon/Personal Services,Ibadan,195.08484556885753,19508.484556885753,7.20933601652912,60.02200410835235,5.3,1.5730111721404412,1349685.5680661397,234101.81468262902,17.34491500994972,5.765378495232527
Agro-processing Unit,Port Harcourt,1736.107401889821,173610.7401889821,14.196081280996282,89.15375665312595,4.8,15.45679666924698,10157902.364822049,2083328.8822677853,20.509439916282187,4.875803552324765
Retail Store/Trading,Port Harcourt,455.18050423500904,45518.05042350091,16.138503731633456,62.79956465470423,4.8,4.0525329793002935,3585296.154349586,546216.6050820109,15.234908960570953,6.5638725022123365
Agro-processing Unit,Lagos,3536.1712064723397,353617.12064723397,9.382257297280798,114.99065519191095,5.0,30.223685525404612,20138477.637032446,4243405.447766808,21.07113320206316,4.745829236664338
Retail Store/Trading,Abuja,757.3897322913206,75738.97322913205,13.547314161358608,532.6096074398791,5.5,5.884924104827665,4357392.399040471,908867.6787495846,20.85806361964839,4.794308897677326
Agro-processing Unit,Kaduna,3337.6776095097143,333767.76095097145,15.641771164618183,205.11901491421855,6.0,23.772632546365486,18635886.924503706,4005213.1314116577,21.491937290869352,4.6529076763351656
Retail Store/Trading,Enugu,341.9516350237783,34195.16350237783,15.0073770196903,493.7591065969952,5.1,2.865356418835079,2522192.179961739,410341.9620285339,16.26925835741663,6.146561681123789
Retail Store/Trading,Kaduna,992.4041136005386,99240.41136005385,10.951412122937118,254.60994718603075,6.0,7.068405367525203,4225821.477560624,1190884.9363206462,28.181146379332866,3.548471685784108
Bakery/Food Processing,Kaduna,2119.9020332613945,211990.20332613945,10.089642483036215,561.9165290819606,6.0,15.099017330921614,12055846.49408591,2543882.4399136733,21.100819765427463,4.73915236998728
Small Manufacturing Plant,Ibadan,5504.444631450541,550444.4631450542,11.147928328500221,462.97908728532354,5.3,44.38352387881423,31438014.341040917,6605333.55774065,21.01065762641912,4.759489292436924
Salon/Personal Services,Lagos,640.4528681550435,64045.28681550435,7.237486426031191,546.4040986737616,5.0,5.473956138077295,3325006.0723685855,768543.4417860522,23.11404626213438,4.326373620001826
Salon/Personal Services,Lagos,478.41404209110715,47841.40420911071,15.917489593292899,226.02728056683645,5.0,4.0890089067616,3314725.3673725678,574096.8505093285,17.319590218853907,5.773808660388577
Salon/Personal Services,Lagos,732.0900985225303,73209.00985225303,10.670420144809958,55.960708314164094,5.0,6.257180329252396,4510731.920177677,878508.1182270364,19.475954984095623,5.134536410751699
Small Manufacturing Plant,Ibadan,5668.836917467423,566883.6917467422,7.095440121433603,225.62250067472817,5.3,45.709054325652495,34939522.4731903,6802604.300960907,19.469654475617585,5.13619798056678
Welding Shop/Technical Services,Lagos,2900.12393410161,290012.39341016096,17.407285763250673,365.3908384678074,5.0,24.78738405215051,15595241.145151343,3480148.720921932,22.31545308296776,4.481199625578065
Agro-processing Unit,Abuja,3079.5930304244985,307959.3030424499,11.381346263739838,211.26592443393548,5.5,23.928461774860125,16570689.03124715,3695511.6365093985,22.301496513155346,4.484004019237515
Agro-processing Unit,Kano,2321.6613634247897,232166.13634247897,14.07022147292446,463.805991190724,6.2,16.00262864229935,11953030.648872437,2785993.636109748,23.30784315668561,4.290401275131116
Salon/Personal Services,Abuja,664.5263784218015,66452.63784218015,15.475417713534647,100.1633566767797,5.5,5.1633751237125205,3417970.1321454975,797431.6541061618,23.330562388665612,4.28622329518219
Other,Ibadan,1140.5145179943884,114051.45179943883,6.690705120199731,352.2408852780545,5.3,9.196214465363557,5327817.800873114,1368617.421593266,25.688142364196075,3.8928466909845216
Other,Kano,1050.601852334741,105060.18523347408,16.652450193099597,243.0032569036433,6.2,7.241534686619388,6406268.5357733015,1260722.222801689,19.67950946423302,5.0814274706261005
Retail Store/Trading,Enugu,293.6536131420847,29365.36131420847,7.71590018463403,468.83084744460973,5.1,2.4606470013581756,1733739.9281582516,352384.33577050164,20.325097787004236,4.920025529419076
Other,Kaduna,1350.9707076376437,135097.07076376438,7.2134721134734825,96.25874336324858,6.0,9.622298487447605,7635949.591294333,1621164.8491651725,21.23069082348901,4.710162322620372
Agro-processing Unit,Abuja,3252.4228286478,325242.28286478,6.873156076370322,502.0230326096959,5.5,25.271350649944054,16790762.429784253,3902907.39437736,23.244372676336585,4.302116533426723
Other,Kano,1500.6117861660437,150061.17861660436,6.976185367702797,96.66074274685556,6.2,10.343340130728174,6640969.51598148,1800734.1433992523,27.115530933635355,3.687923361882447
Salon/Personal Services,Abuja,791.3157260257641,79131.57260257642,10.491249549073444,253.85318088679,5.5,6.148529339749526,4075649.3239642237,949578.871230917,23.298836473676275,4.292059825089678
Agro-processing Unit,Ibadan,3531.9989181437563,353199.89181437565,17.366982928606305,592.300585102579,5.3,28.479268812641156,18901082.892561413,4238398.701772507,22.424105147121193,4.45948675962385
Bakery/Food Processing,Abuja,2080.7429149402005,208074.29149402006,10.515115026370989,95.92539418426782,5.5,16.16738861647397,11602882.872953556,2496891.497928241,21.519578584633663,4.646931147220806
Agro-processing Unit,Abuja,3442.867289818592,344286.72898185917,12.700850996829661,283.32210508583694,5.5,26.751105592996048,19190920.747891337,4131440.74778231,21.528100720421477,4.645091608343339
Small Manufacturing Plant,Ibadan,5672.2403478315755,567224.0347831575,7.3343697876738165,320.94380735997254,5.3,45.73649691849359,31963478.046504512,6806688.41739789,21.29520575794242,4.6958926406570765
Retail Store/Trading,Lagos,209.08291581393524,20908.291581393525,11.623927703929516,80.96680162501055,5.0,1.787033468495173,989863.4177375279,250899.4989767223,25.34688063836003,3.9452586464884267
Bakery/Food Processing,Abuja,1001.9904576557223,100199.04576557223,7.410314961325259,407.065666163835,5.5,7.785473641458602,5437609.845545241,1202388.5491868667,22.11244615447949,4.522340011656387
Retail Store/Trading,Enugu,796.8359034123387,79683.59034123387,13.000425181165916,579.1949016609981,5.1,6.677022820616211,3790155.651173666,956203.0840948063,25.22859671472085,3.9637559365975408
Salon/Personal Services,Port Harcourt,393.66587669040763,39366.58766904076,9.428545035382328,527.7295205042032,4.8,3.5048600132692984,1929265.3160867728,472399.0520284891,24.48595577236003,4.083973724761886
Retail Store/Trading,Kano,378.8766708155621,37887.66708155621,17.558670473287336,56.68496107939899,6.2,2.6115017288086713,2279993.225685321,454652.0049786745,19.940936659669905,5.0148095702168165
Welding Shop/Technical Services,Enugu,2939.757653415278,293975.7653415278,6.517918943406913,540.128712533939,5.1,24.633464499876638,18277538.11916787,3527709.184098334,19.300789641898124,5.181135168838903
Welding Shop/Technical Services,Abuja,2055.4022181725995,205540.22181725997,17.915577553431604,90.58811060446936,5.5,15.970491205692301,12198197.672254222,2466482.66180712,20.220058143649634,4.945584196126868
Small Manufacturing Plant,Kano,4438.489995404623,443848.99954046233,17.631630427429187,337.70381429358184,6.2,30.593396714947772,20213591.6190993,5326187.994485548,26.34953794877784,3.795132961890827
Welding Shop/Technical Services,Abuja,2258.797276270525,225879.7276270525,14.348984267815407,299.99758562227527,5.5,17.550872387494362,15156799.248414615,2710556.73152463,17.883437572138796,5.591766101825598
Retail Store/Trading,Kaduna,702.0464640672508,70204.64640672508,13.011771743077203,545.636905770044,6.0,5.000330940649934,3776110.896336632,842455.7568807009,22.310143425554678,4.482266119609842
Welding Shop/Technical Services,Kaduna,1090.8927606829157,109089.27606829157,9.371558275106764,572.7263162421073,6.0,7.7698914578555245,6275492.2884682305,1309071.3128194988,20.860057707744023,4.793850592411176
Salon/Personal Services,Kaduna,728.6714595290956,72867.14595290956,11.467881033428554,391.0729287908452,6.0,5.189967660463644,3360114.7482776092,874405.7514349148,26.02309197574678,3.842740904624202
Other,Ibadan,771.5480110679255,77154.80110679255,8.257453916685137,305.03412271699017,5.3,6.221157967004721,5499533.207813196,925857.6132815107,16.835203612665584,5.939934098852672
Salon/Personal Services,Kano,379.6789482169344,37967.89482169344,13.003873342210465,92.75405033074166,6.2,2.6170316254268977,2167385.070226595,455614.73786032124,21.021402431857105,4.757056543879963
Salon/Personal Services,Kaduna,783.3566249830083,78335.66249830082,17.834528933755234,433.9889427108598,6.0,5.579463140904617,4695561.159901027,940027.9499796098,20.019501779834634,4.995129304403
Welding Shop/Technical Services,Abuja,2072.1927326882405,207219.27326882406,9.714331395435932,497.58726083882175,5.5,16.10095363394126,9159473.583311649,2486631.2792258887,27.14818986711719,3.6834868361195383
Small Manufacturing Plant,Port Harcourt,4896.559103938578,489655.9103938578,7.951403272138696,551.0099514716134,4.8,43.59472136697452,26522386.902626224,5875870.924726293,22.154382055803843,4.513779700472518
Retail Store/Trading,Abuja,858.0297943385352,85802.97943385353,17.39759895950309,449.145729613598,5.5,6.666898168908586,4095146.4662231035,1029635.7532062423,25.14283095119333,3.977276870457334
Salon/Personal Services,Kaduna,548.7198773582634,54871.98773582634,11.018916435487426,563.0006658447073,6.0,3.9082612347454653,2377644.2235130332,658463.852829916,27.69396053110999,3.6108955917542045
Agro-processing Unit,Kano,3665.159723751021,366515.9723751021,6.542624041274273,64.5018359734886,6.2,25.26302539117053,21275591.94320732,4398191.668501225,20.67247614187036,4.837349880765296
Other,Lagos,939.9877236926843,93998.77236926844,15.726639969381996,593.0018711232194,5.0,8.03408310848448,4119507.592083375,1127985.2684312211,27.381555761638023,3.652093433642712
Small Manufacturing Plant,Kaduna,3026.4591188623485,302645.9118862348,13.129568584225622,259.48997114706185,6.0,21.555976630073708,11434152.14864423,3631750.942634818,31.762310798579346,3.1483855388907274
Agro-processing Unit,Kaduna,3924.785994536508,392478.5994536508,16.105427077628505,511.08078759112584,6.0,27.954316200402477,17039999.262433507,4709743.19344381,27.639339186046445,3.61803150671867
Welding Shop/Technical Services,Kaduna,1937.3863195899405,193738.63195899405,10.977834028051982,200.37388956188843,6.0,13.79904786032721,8002746.627433061,2324863.5835079285,29.050820821171563,3.4422435295570835
Welding Shop/Technical Services,Ibadan,1112.7509933018541,111275.09933018542,16.376668515060636,497.0955550215427,5.3,8.972351179663393,5318305.941886926,1335301.191962225,25.10764154136763,3.9828511903532986
Other,Abuja,1999.520044586422,199952.00445864222,17.959642044886863,355.4874380814451,5.5,15.53628628272278,12726972.671596635,2399424.0535037066,18.853062039322285,5.3041781643442105
Retail Store/Trading,Lagos,815.1899321444084,81518.99321444084,17.337188758589136,517.3060648725764,5.0,6.967435317473576,5053136.906133607,978227.9185732901,19.358824760633258,5.165602831601273
Small Manufacturing Plant,Abuja,3365.7183561011916,336571.83561011916,11.406529623721122,121.03767833332225,5.5,26.151657778564033,13136193.832997898,4038862.02732143,30.74605992167896,3.2524492651980514
Retail Store/Trading,Port Harcourt,963.2408218069779,96324.08218069779,13.27409561341056,175.75354302690448,4.8,8.575862017512268,5760656.128618505,1155888.9861683734,20.06523146601312,4.983745149881872
Bakery/Food Processing,Kaduna,1941.8911634899564,194189.11634899565,13.41753888549475,246.98949491806226,6.0,13.831133643090856,9172171.195253288,2330269.396187948,25.405864615718155,3.9360990665962925
Salon/Personal Services,Enugu,223.81243492975887,22381.243492975886,14.058878347113595,336.16923549708633,5.1,1.875418425756317,1023187.2360157846,268574.9219157106,26.24885382283711,3.809690155423003
Salon/Personal Services,Kano,652.0069546281655,65200.695462816555,12.24196201334392,518.699825175197,6.2,4.494120172512859,3462525.0669095227,782408.3455537986,22.596467330477328,4.425470518797576
Small Manufacturing Plant,Port Harcourt,4431.6739357107,443167.39357107,12.731255658424635,532.1594814620898,4.8,39.45578646466079,30808611.929186363,5318008.72285284,17.26143565012371,5.793260886691272
Other,Lagos,985.9208725610749,98592.0872561075,7.608182741407688,65.83047197233644,5.0,8.426674124453632,6643229.956418974,1183105.04707329,17.809184008904026,5.615080396159822
Agro-processing Unit,Kaduna,3387.8431391840477,338784.31391840475,13.443714616241575,437.24387245457297,6.0,24.12993688877527,19096151.621041745,4065411.767020857,21.2891678265753,4.697224467138159
Retail Store/Trading,Kaduna,370.3713292071286,37037.13292071286,7.636457707041237,57.999566117335064,6.0,2.637972430250204,1319041.9575214915,444445.5950485543,33.694576015131254,2.967836721111816
Agro-processing Unit,Port Harcourt,2376.4688970164925,237646.88970164926,13.079012242255597,265.7342248048528,4.8,21.158020806770764,18652240.889705557,2851762.676419791,15.28911562574618,6.540600676183292
Bakery/Food Processing,Ibadan,1543.7073674403396,154370.73674403396,16.849904333924982,241.5405068628152,5.3,12.447245343011929,10277485.18509022,1852448.8409284074,18.024339685897058,5.5480534512032005
Welding Shop/Technical Services,Lagos,2027.9789783196215,202797.89783196215,15.403836152893717,268.0985302766986,5.0,17.333153660851465,14934118.291857447,2433574.7739835456,16.295403092597756,6.136699990282864
Retail Store/Trading,Abuja,697.6693601822988,69766.93601822987,16.34836450496094,572.2363430117032,5.5,5.42089634951281,2744368.4477269733,837203.2322187584,30.50622568234863,3.278019412865667
Bakery/Food Processing,Port Harcourt,1050.0249175793645,105002.49175793644,17.119051501937932,320.663961193746,4.8,9.34851244283622,8166332.450320123,1260029.9010952374,15.429569011066208,6.481062428139063
Salon/Personal Services,Enugu,317.8588523943229,31785.885239432293,11.509629074859136,589.0179164070124,5.1,2.6634728707417707,2194476.3462503497,381430.62287318753,17.381395954662672,5.753277829976271
Welding Shop/Technical Services,Kaduna,1985.2361879857392,198523.6187985739,9.945019323450099,398.37046987419916,6.0,14.139858888787316,11805193.66056464,2382283.4255828867,20.179960567194478,4.955411070652183
Salon/Personal Services,Ibadan,306.09465220582547,30609.465220582548,6.9103599373039675,120.88384705085707,5.3,2.468107177921508,1326150.8944974802,367313.58264699054,27.697721591944262,3.6104052699079943
Agro-processing Unit,Enugu,1820.114597394431,182011.4597394431,7.822832322147532,126.35494495717558,5.1,15.251504922024727,12132743.158746652,2184137.516873317,18.002009012271422,5.554935559238585
Welding Shop/Technical Services,Ibadan,2281.749489606429,228174.9489606429,8.182561012789737,240.11700582812477,5.3,18.398238103583527,16263429.378047315,2738099.387527715,16.835928781562227,5.939678249857794
Retail Store/Trading,Kaduna,917.4307279248095,91743.07279248095,11.68753968315447,417.15675618656496,6.0,6.534406894051349,5040765.217306892,1100916.8735097714,21.840272777035892,4.578697391781008
Welding Shop/Technical Services,Port Harcourt,1344.6397424032598,134463.97424032597,8.30746822570405,72.47773894656338,4.8,11.9715076780917,8717945.933560353,1613567.6908839117,18.508576483278798,5.402900654750137
Agro-processing Unit,Kano,1922.3376576804114,192233.76576804114,9.343084068383504,147.35576635221076,6.2,13.250190637444247,11637004.719761794,2306805.1892164936,19.823014983392678,5.044641296179112
Retail Store/Trading,Port Harcourt,270.9620270056445,27096.20270056445,7.44763045320721,303.4283224179992,4.8,2.412411209095837,1633624.195506639,325154.4324067734,19.903869770117637,5.024148628129261
Salon/Personal Services,Ibadan,284.1169169637651,28411.69169637651,10.371238332576905,326.8794989701713,5.3,2.290895960036809,1694615.6639930955,340940.3003565181,20.11903392614381,4.970417584019993
Other,Port Harcourt,1473.671208669921,147367.1208669921,6.471745678093187,489.67571939997345,4.8,13.12029209998149,9060025.069611864,1768405.4504039052,19.518769946181447,5.123273663029339
Small Manufacturing Plant,Ibadan,4697.651363218178,469765.13632181776,6.981108383386463,530.4682432587274,5.3,37.878175804049164,33072893.17035593,5637181.635861813,17.04471878775505,5.8669199090477315
Bakery/Food Processing,Lagos,2365.4830809040823,236548.30809040822,6.7329355182583654,202.28270648096205,5.0,20.2178041102913,10724208.495757677,2838579.6970848986,26.46889696528928,3.7780191645740953
Bakery/Food Processing,Port Harcourt,2170.542175648204,217054.21756482043,14.9791162846039,151.48656064600755,4.8,19.32462763219555,13535894.463140612,2604650.610777845,19.242545203573574,5.196817725621285
Welding Shop/Technical Services,Kano,1418.6986466734206,141869.86466734207,10.445665233496584,316.4876418550617,6.2,9.778733434473535,7576376.639824371,1702438.376008105,22.47035036589165,4.450308890233981
Small Manufacturing Plant,Lagos,4663.891700356036,466389.17003560363,10.42696367483727,304.3940938732313,5.0,39.86232222526527,32558054.55538528,5596670.040427243,17.189817133903425,5.817397545362499
Other,Kano,1570.700594827386,157070.0594827386,6.440198434687175,188.8403193892114,6.2,10.826444684500869,7938029.9968850175,1884840.7137928633,23.74443929454157,4.211512378099753
Other,Port Harcourt,1512.694296003739,151269.4296003739,16.74248205224639,331.42259316361634,4.8,13.46771987182816,11630279.761658773,1815233.1552044868,15.607820210728866,6.407044587255028
Salon/Personal Services,Kaduna,495.87376542245516,49587.37654224552,7.286064136077313,296.07680175290005,6.0,3.5318644260858627,3096726.64541345,595048.5185069463,19.21540344506256,5.204158230968355
Agro-processing Unit,Enugu,2831.543166137558,283154.3166137558,8.909646043616757,198.08377702215952,5.1,23.72668984529544,12473777.826569516,3397851.7993650693,27.239957666454057,3.671077658213462
Salon/Personal Services,Port Harcourt,395.2347060180047,39523.47060180047,6.240854373332716,227.14354107074806,4.8,3.518827510844059,2325762.7650585715,474281.64722160564,20.39252043875857,4.9037587237101565
Salon/Personal Services,Kano,287.441204547754,28744.120454775402,9.929968226134976,115.86917250058816,6.2,1.981260025832327,1009221.3817086658,344929.4454573048,34.177778206930256,2.925877726590282
Agro-processing Unit,Abuja,3726.3182018497373,372631.8201849737,13.123109442648584,423.5062755294693,5.5,28.953521381893836,18291869.58408409,4471581.842219684,24.445734328384045,4.09069323329304
Bakery/Food Processing,Kaduna,2141.591105632475,214159.1105632475,11.981306387148688,97.80615844808304,6.0,15.253497903365204,10902396.2465618,2569909.32675897,23.571967745801036,4.242327203159074
Agro-processing Unit,Lagos,2842.7663545463693,284276.63545463694,13.04209341625055,459.9917108013815,5.0,24.297148329456146,21000461.974454843,3411319.625455643,16.244021820116167,6.156110913133756
Salon/Personal Services,Port Harcourt,430.5787050492916,43057.87050492916,7.530963633546765,206.07674818929846,4.8,3.833499866891841,3214856.286441054,516694.4460591499,16.072085344478857,6.221967956034552
Welding Shop/Technical Services,Lagos,1726.1645927972702,172616.45927972702,13.751006895979215,363.92806756790156,5.0,14.753543528181796,8129200.871005467,2071397.5113567242,25.480948794669427,3.924500645789133
Other,Port Harcourt,905.3644340263386,90536.44340263386,17.838182985515758,383.1761506462879,4.8,8.060580787271533,4330241.93414342,1086437.3208316062,25.08952934627469,3.9857264207647667
Salon/Personal Services,Ibadan,304.1974146283964,30419.74146283964,7.221389671444845,134.07252655138262,5.3,2.4528093422705726,1804548.8445741946,365036.8975540757,20.22870695086176,4.943469705844936
Welding Shop/Technical Services,Ibadan,1491.9154567690161,149191.54567690162,7.9281764791146685,152.61186322821817,5.3,12.029636000395227,8575292.207376609,1790298.5481228195,20.87740574697589,4.7898671516926905
Welding Shop/Technical Services,Kano,1570.1903373876942,157019.03373876942,8.080483143537059,543.2209835445339,6.2,10.822927608131335,6564658.175914434,1884228.404865233,28.702612601801867,3.484003403708354
Salon/Personal Services,Abuja,202.15193468006743,20215.193468006742,12.294136674843056,275.71825484431383,5.5,1.5707221031862268,1350477.387868209,242582.3216160809,17.962708875785644,5.567089056083488
Small Manufacturing Plant,Lagos,5938.325159180122,593832.5159180121,7.344466826016628,268.8205794751579,5.0,50.75491589042839,44204819.58994609,7125990.191016145,16.12039197788486,6.203323103879072
Welding Shop/Technical Services,Kano,2938.9408665507376,293894.08665507374,16.386085510727764,499.38963902210395,6.2,20.257381214162788,13391031.962137021,3526729.0398608847,26.336499306645432,3.7970118517143705
Small Manufacturing Plant,Port Harcourt,3402.6598946572894,340265.9894657289,8.05065104868079,417.75377095843703,4.8,30.294336668957346,25935618.495450918,4083191.8735887473,15.743568538012445,6.351800086400523
Welding Shop/Technical Services,Kaduna,2858.7519782551717,285875.19782551716,12.681154716167157,364.3869792084449,6.0,20.361481326603787,13307847.95966417,3430502.373906206,25.77804002798944,3.879270879066887
Bakery/Food Processing,Ibadan,1275.9644592224831,127596.44592224831,15.233915198303244,152.87406170663786,5.3,10.288376545899718,8176447.8774381885,1531157.3510669798,18.726436883331736,5.340044164461914
Welding Shop/Technical Services,Lagos,1647.3584728084875,164735.84728084874,11.105237263397001,329.18570827645027,5.0,14.079986947081089,9720497.557795258,1976830.1673701848,20.336717905812186,4.917214295007762
Bakery/Food Processing,Kaduna,1212.0965451056363,121209.65451056363,7.378041896870442,385.8410233428979,6.0,8.63316627568117,4739895.446930327,1454515.8541267635,30.686665358172483,3.258744436151906
Bakery/Food Processing,Ibadan,1290.6719405084348,129067.19405084348,12.974858657071348,134.89949340081125,5.3,10.406966138594054,9066274.993743828,1548806.3286101217,17.08316072123197,5.853717683268884
Retail Store/Trading,Ibadan,584.912081483854,58491.2081483854,12.39107319061903,78.5029452523348,5.3,4.716272226123641,3214793.373591355,701894.4977806248,21.833269395989657,4.580166084442124
Retail Store/Trading,Enugu,469.28342255513644,46928.34225551364,7.612976123267691,84.85623376002226,5.1,3.9323229642629163,3121457.5843767747,563140.1070661637,18.04093414194508,5.542950227144863
Bakery/Food Processing,Abuja,2482.932395062907,248293.23950629067,9.868246139696677,495.4309452200492,5.5,19.292404002042787,12479668.227813223,2979518.874075488,23.874984652517327,4.188484367861414
Other,Kaduna,732.8891130983985,73288.91130983985,14.178032666687152,468.1253229393276,6.0,5.220007928051271,2649427.298368243,879466.9357180782,33.19460534960644,3.0125376984241092
Retail Store/Trading,Port Harcourt,676.5109924862754,67651.09924862755,11.6589142626019,276.5125027809977,4.8,6.023067953047324,3253734.449221722,811813.1909835306,24.95019810782999,4.0079842078936245
Agro-processing Unit,Lagos,2372.1706663574882,237217.06663574884,17.154349730973912,506.840674283251,5.0,20.274962960320412,14161814.106899282,2846604.799628986,20.10056605842744,4.974984272051066
Small Manufacturing Plant,Abuja,5877.594187332794,587759.4187332793,7.491566681826537,451.97711136200434,5.5,45.668952504528306,35438456.03443266,7053113.0247993525,19.90242751531392,5.024512709469988
Other,Abuja,1895.1787765957642,189517.87765957642,8.174796793987921,86.57294705172762,5.5,14.725553819702906,9334442.136611054,2274214.531914917,24.363689855605976,4.104468600308933
Bakery/Food Processing,Lagos,2059.9051037931004,205990.51037931003,12.893677358158943,513.0058272170496,5.0,17.606026528146156,13700928.568993563,2471886.1245517205,18.04174156593898,5.542702162899289
Bakery/Food Processing,Abuja,1037.6130402646922,103761.30402646922,15.543207742318682,160.89502602625947,5.5,8.062261385118044,6284163.7865376,1245135.6483176306,19.813863715408758,5.04697122359999
Bakery/Food Processing,Kano,1078.2151028716976,107821.51028716976,7.971189575171915,498.01609612726014,6.2,7.431865886901692,5808555.845944804,1293858.123446037,22.275039747604968,4.4893298118919
Agro-processing Unit,Lagos,3162.9930517405,316299.30517405,12.276785097229432,247.35676626792636,5.0,27.034128647354702,18843023.988966983,3795591.6620886,20.143219391489417,4.964449726554156
Welding Shop/Technical Services,Enugu,2754.4010816262166,275440.1081626217,10.709341289071624,499.1296917093674,5.1,23.080283908381233,19986474.7896507,3305281.29795146,16.53759020906971,6.046830205355858
Welding Shop/Technical Services,Enugu,1878.2698171404368,187826.98171404368,10.523333153098891,304.47388211828354,5.1,15.738811941850484,10949154.770567236,2253923.7805685243,20.58536780051157,4.857819445786871
Bakery/Food Processing,Port Harcourt,1312.3423860790415,131234.23860790415,14.971312562115013,326.49621455086356,4.8,11.683959990019956,7946332.1972953025,1574810.8632948496,19.818084925154132,5.045896229512815
Salon/Personal Services,Lagos,300.93825184543124,30093.825184543122,16.794894879294823,261.14017175526624,5.0,2.5721218106447115,1491193.6066029314,361125.90221451747,24.21723782984784,4.129290082651359
Retail Store/Trading,Abuja,634.842288891191,63484.2288891191,16.877665331574562,393.33089775269565,5.5,4.932729517414071,3073396.490941118,761810.7466694291,24.787258946734585,4.034330710583623
Welding Shop/Technical Services,Kano,1233.7960814167282,123379.60814167281,17.277985483361704,395.2394291892798,6.2,8.504246494463247,4396132.431069088,1480555.2977000738,33.67858727904655,2.9692456863300776
Salon/Personal Services,Kano,367.688649527106,36768.8649527106,7.671264871960647,486.7138540986628,6.2,2.534385508182423,1909441.8209163789,441226.37943252723,23.107610538286732,4.327578562669262
Other,Kano,1354.123685078473,135412.3685078473,12.401533103715858,541.6409206780268,6.2,9.333634443606789,5594713.9337975355,1624948.4220941677,29.044352246106676,3.4430101643394284
Salon/Personal Services,Ibadan,662.588187295945,66258.8187295945,7.820098556793014,221.44713728755153,5.3,5.3425914150616425,3321286.6081147953,795105.824755134,23.939693214445175,4.177162969643243
Salon/Personal Services,Port Harcourt,311.5179408794028,31151.794087940278,14.927355510872124,68.44283910467865,4.8,2.7734859408778734,2241880.2659831354,373821.52905528335,16.67446449872517,5.997194093258311
Other,Abuja,1268.8124642812381,126881.24642812382,15.149504228888286,532.2211002189622,5.5,9.858682706147926,6219729.280881598,1522574.957137486,24.47976251663598,4.0850069493951136
Welding Shop/Technical Services,Kaduna,1684.163497431815,168416.3497431815,15.855087656064153,110.84745532536397,6.0,11.995466505924608,7159834.337168776,2020996.196918178,28.226856959896413,3.542725289679825
Salon/Personal Services,Ibadan,700.1939896274368,70019.39896274368,7.529863947983789,268.508009808202,5.3,5.645815107461996,3204695.071368037,840232.7875529241,26.21880612167701,3.8140561982844323
Other,Enugu,1655.4021218252412,165540.21218252412,7.799009128185285,176.08826737795283,5.1,13.871309886251392,11234975.348978305,1986482.5461902893,17.68123635777214,5.655713094748774
Salon/Personal Services,Lagos,619.4641694554931,61946.41694554931,14.640438438552891,402.6311980869135,5.0,5.29456555090165,2921978.089566968,743357.0033465917,25.440197720878732,3.9307870598006454
Bakery/Food Processing,Ibadan,1979.71235559407,197971.235559407,12.512693320171154,188.489482398824,5.3,15.962847569698999,10878704.628471155,2375654.826712884,21.83766273509669,4.579244638634504
Small Manufacturing Plant,Ibadan,3709.935977263718,370993.59772637184,8.179172601617108,549.6478087334956,5.3,29.914013685403305,21022732.614652164,4451923.172716462,21.176710251328675,4.722168779436634
Other,Abuja,1291.7660511024048,129176.60511024049,10.810217001163679,304.10319200427296,5.5,10.037032254097939,7778258.016956204,1550119.2613228858,19.928874279352847,5.017844891700893
Agro-processing Unit,Kaduna,3868.208349029538,386820.8349029538,7.840216837392962,372.4264076092385,6.0,27.5513415173044,20754794.558261868,4641850.018835446,22.365193766698418,4.471233338872259
Bakery/Food Processing,Enugu,1660.0107541035923,166001.07541035922,13.337450825215774,59.96060110146228,5.1,13.909927552401477,11465790.106561359,1992012.9049243107,17.373533672000246,5.755881439431246
Retail Store/Trading,Enugu,897.6991271553212,89769.91271553212,17.18541938980335,360.82325097406493,5.1,7.5221981494496495,3895750.736110891,1077238.9525863854,27.651639582613228,3.6164220823591924
Retail Store/Trading,Enugu,757.3206591015138,75732.06591015137,17.069992574127546,438.98124887236924,5.1,6.345907986438024,3925428.218372233,908784.7909218165,23.1512268309587,4.319425520304445
Small Manufacturing Plant,Kano,3033.8866501999146,303388.66501999146,12.915460322001758,383.69327551057074,6.2,20.91181865315629,12799154.882735137,3640663.9802398975,28.444565391976095,3.5156100514092903
Welding Shop/Technical Services,Kano,1848.261342604772,184826.1342604772,14.837330827496674,563.9018581229582,6.2,12.739601203506837,7113879.460238845,2217913.6111257263,31.17727287230786,3.2074646300710143
Welding Shop/Technical Services,Lagos,2851.1370258135526,285113.70258135523,11.410072456849585,112.28092521241538,5.0,24.368692528320963,15003104.645802245,3421364.430976263,22.804376239110848,4.385123230360238
Salon/Personal Services,Enugu,790.1467793255175,79014.67793255176,16.06677703735121,118.56447466179677,5.1,6.620971839496543,4130864.888465457,948176.135190621,22.953453109497648,4.356642964479368
Salon/Personal Services,Abuja,748.547223701292,74854.7223701292,16.43875634474554,335.36093141933964,5.5,5.816217744376782,4122266.3393792426,898256.6684415503,21.790359828540716,4.589185345577514
Small Manufacturing Plant,Kano,4569.464025107252,456946.40251072525,10.788032446441562,80.11890135211723,6.2,31.496167804709483,24109742.958754193,5483356.830128703,22.74332347511697,4.396894768234206
Salon/Personal Services,Kano,367.87820706983564,36787.82070698356,15.634241383176137,52.54761265253157,6.2,2.5356920807129555,1654387.4620849246,441453.84848380275,26.68382459375418,3.7475887179758613
Other,Ibadan,866.9485918749451,86694.85918749451,10.77802432309132,345.5675816158576,5.3,6.990393419407717,5506948.697876981,1040338.3102499342,18.891374649104716,5.293421037771814
Agro-processing Unit,Kaduna,3799.6390410319013,379963.9041031901,10.156151932391534,240.82426104292523,6.0,27.06295613270585,17170529.190879077,4559566.849238281,26.55460876337059,3.7658246405023266
Bakery/Food Processing,Kaduna,2053.7521217865724,205375.21217865724,11.426615290677686,173.53265261699008,6.0,14.627864115288977,9012424.13230317,2464502.5461438866,27.345612123495016,3.656893820785281
Small Manufacturing Plant,Kano,4083.5383064644266,408353.83064644266,7.690284244557598,147.0128425784228,6.2,28.146803876926015,20166487.565960027,4900245.967757312,24.298956135666728,4.115403124384304
Bakery/Food Processing,Abuja,1647.2252136571155,164722.52136571155,11.027105394054574,553.165245587455,5.5,12.798952709068494,6520894.184128264,1976670.2563885385,30.312871219406034,3.298928672120669
Salon/Personal Services,Lagos,385.5560344258115,38555.60344258115,12.967060203336521,397.7453583557417,5.0,3.2953507215881324,1752848.6192509413,462667.2413109738,26.395162493192885,3.7885730018062684
Retail Store/Trading,Enugu,210.47556527066692,21047.556527066692,13.962448464200527,147.9197817783633,5.1,1.7636631914753387,1176694.5954101912,252570.6783248003,21.464420701002297,4.658872531105879
Other,Kaduna,1933.8195396980736,193381.95396980736,7.7839527330373555,278.04326804986306,6.0,13.773643445142975,12081759.117212709,2320583.4476376884,19.207330862370746,5.206345468641397
Small Manufacturing Plant,Ibadan,2798.7238382752535,279872.38382752537,17.96249102215137,326.2072556821834,5.3,22.566713741938827,17796216.789834745,3358468.605930304,18.871812169925196,5.298908186430746
Bakery/Food Processing,Kaduna,1812.1545294440743,181215.45294440744,6.804917728661129,462.4782587195478,6.0,12.907083543048962,6908524.569486884,2174585.435332889,31.47684304312175,3.1769386740279146
Small Manufacturing Plant,Lagos,3234.6695758345504,323466.957583455,16.776651473288567,162.82680226510394,5.0,27.646748511406415,23182550.759713627,3881603.4910014602,16.743642799423377,5.9724159908287
Retail Store/Trading,Kaduna,352.55017653093324,35255.017653093324,6.438596014177138,309.63681981049956,6.0,2.511041143382715,1991055.5174225615,423060.2118371199,21.24803693996313,4.7063171192027085
Small Manufacturing Plant,Kano,4476.943966419158,447694.3966419158,6.788503673140228,476.5401891822558,6.2,30.8584502785991,22970370.333810825,5372332.75970299,23.388098152667922,4.275678994813558
Welding Shop/Technical Services,Enugu,1906.5776694960553,190657.76694960552,12.29268323193096,292.4195108160255,5.1,15.976015330116098,13230012.830609463,2287893.203395266,17.293204720874563,5.78261817945695
Small Manufacturing Plant,Enugu,3902.670713063641,390267.0713063641,12.715683975698614,135.38213526189188,5.1,32.702117588936154,21637157.898362983,4683204.855676369,21.64426990677315,4.620160459591522
Other,Port Harcourt,609.277821841961,60927.7821841961,16.341427452162208,570.363504173498,4.8,5.424482032068741,3192852.4042107975,731133.3862103531,22.899066215717326,4.366990298118034
Agro-processing Unit,Kaduna,2433.2732906993824,243327.32906993825,9.248936077722645,404.19974878145865,6.0,17.331006344012696,12215055.413977064,2919927.948839259,23.904336491982956,4.183341379650426
Other,Kaduna,994.8480908667639,99484.80908667638,6.304636267924138,135.8839285514047,6.0,7.0858126130111385,5098502.240238135,1193817.7090401165,23.415066872351854,4.270754405492578
Retail Store/Trading,Enugu,772.777783077918,77277.7783077918,13.907087302921816,64.90279587691592,5.1,6.475429722456159,4632072.69710607,927333.3396935016,20.019835618574415,4.995046008630557
Welding Shop/Technical Services,Port Harcourt,1443.944323865899,144394.4323865899,8.772897559056856,419.5410089793006,4.8,12.855629664048244,9333566.590475263,1732733.1886390788,18.564534487891283,5.386615003205439
Welding Shop/Technical Services,Ibadan,1039.4210755087283,103942.10755087284,7.249302983814886,489.95384695525416,5.3,8.381076241805582,7371005.421198193,1247305.290610474,16.92177958550081,5.909543939792454
Small Manufacturing Plant,Kaduna,3124.9063171901676,312490.63171901676,13.832953294222497,181.00052957569957,6.0,22.25716750135447,19161156.534923933,3749887.5806282014,19.570257013419297,5.109794926629228
Small Manufacturing Plant,Kano,2848.044874657708,284804.4874657708,8.91806629199345,447.24681252061254,6.2,19.63085797255106,16691859.693808267,3417653.8495892496,20.474973503743296,4.884011204298638
Small Manufacturing Plant,Port Harcourt,5494.937638372,549493.7638372,15.962638374803898,268.4509412901501,4.8,48.92216558379629,40143901.161862075,6593925.1660464,16.42572090704236,6.088012852886477
Other,Port Harcourt,1435.7447321700986,143574.47321700986,8.45981154498985,211.2312516435573,4.8,12.782627601229509,11215109.866096733,1722893.6786041183,15.362254130139414,6.509461381960128
Retail Store/Trading,Kano,917.0686548168958,91706.86548168957,6.156023082128833,97.02969196995744,6.2,6.321123895898095,3409600.6812040857,1100482.3857802749,32.27599031894973,3.0982782871045926
Retail Store/Trading,Kano,366.3090041168218,36630.90041168218,6.318386446485837,149.78948929938852,6.2,2.52487595889731,1530199.3190361727,439570.8049401862,28.72637567353375,3.4811213616527414
Welding Shop/Technical Services,Kaduna,2166.0831219393845,216608.31219393844,11.057094607109976,540.9694410923362,6.0,15.427942463955729,10769049.090377117,2599299.7463272614,24.136761978826097,4.143057800699394
Welding Shop/Technical Services,Abuja,2634.8871234768817,263488.71234768815,10.101808220374512,192.68288838721085,5.5,20.47309342250879,17169018.616491035,3161864.548172258,18.416105304558595,5.430029767219386
Agro-processing Unit,Abuja,2449.231020418167,244923.10204181672,13.083539310177693,197.43500245258195,5.5,19.030544059193215,13360703.361727428,2939077.2245018007,21.997922900683296,4.545883738727615
Welding Shop/Technical Services,Port Harcourt,2248.297815698268,224829.78156982682,10.912939826294885,353.6259494685891,4.8,20.01689650728515,15997781.838144416,2697957.3788379217,16.864571639582117,5.929590275823803
Small Manufacturing Plant,Kaduna,4026.4428519736084,402644.28519736085,9.533589114503012,571.6493188291862,6.0,28.678367891549918,15933241.259736294,4831731.42236833,30.324849436493746,3.2976256060040745
Retail Store/Trading,Lagos,810.8846353278086,81088.46353278086,7.681358109197431,527.657386743852,5.0,6.930637908784689,4165074.450758839,973061.5623933703,23.36240501573957,4.280381233551453
Welding Shop/Technical Services,Abuja,1974.8623964990272,197486.2396499027,16.734626722729097,489.9203907710234,5.5,15.344696165493605,12163900.818556584,2369834.8757988326,19.48252383136454,5.1328052189527895
Agro-processing Unit,Ibadan,2563.033761173084,256303.3761173084,6.269631699841408,197.77254766172035,5.3,20.666293833035667,11694923.489304878,3075640.5134077007,26.29893659604019,3.8024351150022135
Bakery/Food Processing,Kaduna,1720.778164923474,172077.8164923474,13.601738637913767,191.83822698826125,6.0,12.256254735922179,7850650.503204613,2064933.7979081688,26.302709527895413,3.801889683416255
Retail Store/Trading,Abuja,311.4848592582593,31148.485925825928,16.019162841591587,591.4211993869536,5.5,2.420239776676451,1466535.8294021639,373781.83110991115,25.48739850851677,3.923507531244681
Retail Store/Trading,Kano,620.5521458421487,62055.21458421487,8.060151430179642,199.76902958565293,6.2,4.277310076110757,2737241.8180325734,744662.5750105784,27.204851617597082,3.675814939395456
Salon/Personal Services,Abuja,161.95393975585338,16195.393975585339,16.971585678725987,114.76309558957763,5.5,1.258383370286351,985728.9667966198,194344.72770702408,19.71583815159631,5.072064359176301
Other,Lagos,1280.078008374231,128007.80083742311,9.288662648246472,354.7979013836864,5.0,10.940837678412231,7080241.35894407,1536093.6100490773,21.695497825206438,4.609251228327068
Other,Kaduna,1407.4146601981693,140741.46601981693,15.95690164448642,163.53169946833177,6.0,10.0243209415824,7238615.57195576,1688897.5922378032,23.33177629685188,4.286000291091975
Welding Shop/Technical Services,Kano,1021.991657316961,102199.16573169609,7.642627560825687,545.0102530164578,6.2,7.044331798435077,3803747.2189022116,1226389.9887803532,32.24162695896227,3.101580454586917
Retail Store/Trading,Kaduna,899.1120620500122,89911.20620500122,13.1689572260437,380.28427323850934,6.0,6.403932065883278,5264077.480665088,1078934.4744600146,20.496173896051715,4.878959385647265
Retail Store/Trading,Abuja,732.0293396370043,73202.93396370043,8.104455343481394,552.9265702587279,5.5,5.68787365685318,3685488.7363440283,878435.2075644052,23.834971978121008,4.195515735944379
Other,Kano,1011.9098923165243,101190.98923165243,10.59766233899397,335.40473790556064,6.2,6.974840724541799,5296789.34774379,1214291.870779829,22.92505499198428,4.362039700012275
Welding Shop/Technical Services,Lagos,1093.93193355011,109393.193355011,7.995400425072953,455.91848903450375,5.0,9.349845585898375,7387835.099010973,1312718.320260132,17.76864673706467,5.627890603025163
Welding Shop/Technical Services,Ibadan,1165.5973358502529,116559.73358502529,13.237825313596659,184.94201032472654,5.3,9.398462633851418,5487427.453823968,1398716.8030203034,25.48948145174282,3.923186911013547
Welding Shop/Technical Services,Kano,1778.591228083953,177859.1228083953,9.464324841248398,245.61999405572203,6.2,12.259382603280622,10467918.94967817,2134309.4737007436,20.38905234135732,4.904592833731619
Salon/Personal Services,Abuja,617.3798383697596,61737.98383697596,9.5654605874781,361.5225521632934,5.5,4.797046141179172,3580945.537898449,740855.8060437115,20.688831991521933,4.8335256451876525
Small Manufacturing Plant,Kano,4166.176407696848,416617.64076968486,13.964053984351779,565.2563566286169,6.2,28.716407552363165,19282782.135573667,4999411.689236218,25.926817271938674,3.8570102512440982
Salon/Personal Services,Port Harcourt,626.1718631866627,62617.18631866627,8.57928454308908,67.15072428370657,4.8,5.5748919443257,3194045.5506017953,751406.2358239952,23.525219785372865,4.250757311188923
Bakery/Food Processing,Ibadan,1245.8488753097026,124584.88753097027,13.140935168403058,78.28419741633769,5.3,10.045548099578314,8809145.80817489,1495018.6503716432,16.9712101823115,5.892331715049203
Agro-processing Unit,Abuja,2740.915618003091,274091.5618003091,13.16211418700267,233.83413994932846,5.5,21.296935648819662,17080723.405954253,3289098.7416037093,19.25620281666259,5.19313184183275
Bakery/Food Processing,Kaduna,2110.5507463678973,211055.07463678974,7.279179037605262,91.32577995469481,6.0,15.032412723418071,8767050.795154944,2532660.895641477,28.888402209795977,3.461596777619299
Welding Shop/Technical Services,Kaduna,2456.3775124072067,245637.75124072068,11.945895794474382,428.62131803525483,6.0,17.495566327686657,11111159.667348174,2947653.014888648,26.52876120168422,3.76949376715153
Salon/Personal Services,Enugu,432.63777009243506,43263.77700924351,8.956824398869282,500.50627472080987,5.1,3.625253645822315,2986736.6453360636,519165.3241109221,17.382360273431686,5.752958656187009
Salon/Personal Services,Ibadan,669.6203213298365,66962.03213298366,14.33635765025312,199.6798254764795,5.3,5.39929302797804,4202113.536676473,803544.3855958038,19.122386355875133,5.229472835605383
Retail Store/Trading,Ibadan,672.1845334952696,67218.45334952697,10.331686763280322,100.37014032964879,5.3,5.4199688235387,4370195.208599295,806621.4401943237,18.457332034210356,5.417901125398388
Retail Store/Trading,Enugu,933.8508603697942,93385.08603697942,7.641823571027537,572.6305446014413,5.1,7.825128710992074,5293546.520395143,1120621.032443753,21.16956993059736,4.7237615278837275
Other,Ibadan,1058.2098140285248,105820.98140285247,8.221595146063436,348.045521058097,5.3,8.532573891537854,6711641.606779795,1269851.7768342297,18.920136849254334,5.285374032796233
Bakery/Food Processing,Kaduna,2284.007920989894,228400.79209898942,14.786698636914734,493.60863132379734,6.0,16.267862685113204,10648902.067439942,2740809.505187873,25.737953902009913,3.8853127323454744
Small Manufacturing Plant,Lagos,4805.7417834875105,480574.17834875104,14.30731877421423,517.0576083609255,5.0,41.07471609818385,24008383.783216167,5766890.1401850125,24.020318036637445,4.1631422134991345
Welding Shop/Technical Services,Kano,1499.3360177183717,149933.6017718372,11.873099563717686,171.66519300078124,6.2,10.334546579255388,7782645.404104982,1799203.2212620461,23.11814463900733,4.3256066419477985
Bakery/Food Processing,Enugu,2479.0356135943002,247903.56135943002,17.32871207623936,71.68474625267825,5.1,20.772880958557902,18496288.915422365,2974842.7363131605,16.083457335231778,6.217568643089195
Bakery/Food Processing,Ibadan,1999.4777932766704,199947.77932766703,17.10297980898799,149.31643982003345,5.3,16.12222055536744,10064141.223902471,2399373.351932004,23.84081561011346,4.194487371379158
Other,Lagos,1265.50689193947,126550.68919394701,16.9858595710565,68.67028822218936,5.0,10.816298221704873,7402542.943055841,1518608.270327364,20.51468369733588,4.874557242770768
Small Manufacturing Plant,Abuja,4940.970935363939,494097.0935363939,9.56818808847061,558.4179074570917,5.5,38.39138255916036,29546029.072436724,5929165.1224367265,20.067553267142763,4.983168534239455
Salon/Personal Services,Port Harcourt,781.1878593574891,78118.7859357489,17.331197869361205,310.8178191616051,4.8,6.9550201153622595,4983984.891583904,937425.4312289869,18.808753469777763,5.316673439347364
Retail Store/Trading,Abuja,889.6341207914508,88963.41207914507,16.134592782420846,225.5052602837906,5.5,6.912464031013602,5788297.735745157,1067560.9449497408,18.44343524966081,5.421983412869849
Bakery/Food Processing,Port Harcourt,2209.156306056151,220915.63060561512,6.4440916165859115,377.9484331651292,4.8,19.668414405770577,15827115.691451566,2650987.5672673816,16.74965684808392,5.970271564783701
Other,Kaduna,691.0150233890952,69101.50233890951,7.446802629327346,92.32426089606503,6.0,4.921759425848256,2575649.637968189,829218.0280669142,32.19451962111764,3.1061187176219303
Retail Store/Trading,Abuja,757.0310207025118,75703.10207025117,10.078499565216793,448.6217243408188,5.5,5.882136912995429,5290208.614410304,908437.224843014,17.172049177200112,5.823416819279394
Salon/Personal Services,Enugu,192.48162151931254,19248.162151931254,9.783484053967324,346.7202108064355,5.1,1.612884376732969,1291857.4534143563,230977.94582317505,17.879522637169018,5.592990485781429
Bakery/Food Processing,Ibadan,2144.229380226238,214422.9380226238,9.825030035184838,394.240257040355,5.3,17.28938381088726,14619234.309806531,2573075.2562714857,17.600615748702214,5.681619406262734
Bakery/Food Processing,Kaduna,2306.1621720015182,230616.21720015182,13.390358258187655,178.12771111449857,6.0,16.425656495737307,12491368.219743934,2767394.6064018216,22.15445544250037,4.51376474856445
Salon/Personal Services,Abuja,165.86050801174972,16586.05080117497,16.44118648681116,61.69817596771293,5.5,1.2887374359887311,1085779.3981520722,199032.60961409964,18.330851548006947,5.455283936925051
Retail Store/Trading,Lagos,899.7613381473595,89976.13381473595,12.347245608326544,566.487234182093,5.0,7.690267847413329,4190835.9951830297,1079713.6057768315,25.763680731430682,3.88143297700487
Salon/Personal Services,Abuja,669.2091032528825,66920.91032528825,17.975209326400048,242.89149849844057,5.5,5.199759932034828,3323141.271694952,803050.923903459,24.16541634096304,4.138145132243759
Retail Store/Trading,Kaduna,813.7506311449015,81375.06311449016,10.823170963310906,313.93159116714986,6.0,5.795944666274227,4929847.250535308,976500.7573738819,19.807931316083845,5.048482772090439
Other,Ibadan,1366.759287471229,136675.9287471229,16.484125370236065,591.2459080596124,5.3,11.020474822377269,6399171.882615816,1640111.144965475,25.630052998280146,3.9016696534615165
Salon/Personal Services,Port Harcourt,649.3777190119368,64937.771901193686,11.013201386008005,281.7463512523886,4.8,5.781496786074936,3071690.969627932,779253.2628143242,25.36886915120611,3.941839086479175
Retail Store/Trading,Ibadan,790.0658412711132,79006.58412711132,8.865325749219629,110.76076222226706,5.3,6.37047122456953,5193511.223668469,948079.0095253359,18.255068078117183,5.477930817462826
Bakery/Food Processing,Abuja,1402.8576679893201,140285.76679893202,9.44686789984898,212.96946625079454,5.5,10.900214980491997,9092898.974140689,1683429.2015871843,18.513668813155096,5.401414544530681
Welding Shop/Technical Services,Kaduna,1467.2155020998198,146721.55020998197,6.505118275636343,59.83066410337759,6.0,10.45025286395883,5905029.155566722,1760658.6025197837,29.816255875045012,3.3538751618943516
Bakery/Food Processing,Kaduna,2479.1280625512536,247912.80625512535,11.133277604830347,261.37965593782496,6.0,17.657607283128588,14863085.980722586,2974953.6750615044,20.01572001211604,4.996073083529715
Agro-processing Unit,Enugu,3199.1182067326745,319911.8206732675,8.619046654380771,572.4786511726239,5.1,26.806755544936102,20767384.33755124,3838941.8480792097,18.485437480625322,5.409663693640494
Bakery/Food Processing,Kano,2136.7865245064386,213678.65245064386,7.072932027747115,279.6694266817106,6.2,14.728332812975175,10428146.745959183,2564143.8294077264,24.588681880616132,4.066911780205367
Agro-processing Unit,Abuja,3697.795768905412,369779.5768905412,17.336784267496924,307.0708311874283,5.5,28.731901856296904,23907817.750214987,4437354.922686494,18.56026747839247,5.387853387157174
Other,Kaduna,1342.799361658203,134279.9361658203,8.004407353104902,595.1427443753371,6.0,9.564098017508568,6385945.3744556755,1611359.2339898436,25.232900369543053,3.9630798891713344
Salon/Personal Services,Enugu,300.5866058992382,30058.660589923817,17.31278128962151,407.30565694580264,5.1,2.5187414605265475,1454818.9785158506,360703.9270790858,24.793732581565703,4.03327734825819
Other,Kaduna,1333.1525512940605,133315.25512940605,12.152262132198103,176.86839644476728,6.0,9.495388541980487,5829609.007646602,1599783.0615528726,27.442373226994533,3.643999707052739
Salon/Personal Services,Kano,264.74322080358036,26474.322080358037,8.645834508842103,152.54104417934,6.2,1.8248085249764292,1281135.3053254103,317691.86496429646,24.7976824652102,4.032634910149146
Welding Shop/Technical Services,Lagos,2559.1689471335067,255916.89471335066,10.201503110000761,81.813472109868,5.0,21.873238864388945,15585389.569852669,3071002.736560208,19.70436942109262,5.075016503342381
Retail Store/Trading,Port Harcourt,975.2821041126491,97528.21041126491,16.60543061956111,560.2637557573671,4.8,8.683067166245095,7139498.552653933,1170338.524935179,16.39244712081543,6.100370448840318
Small Manufacturing Plant,Kano,5982.177379262524,598217.7379262523,8.086742990633848,267.9331103964623,6.2,41.23364612119192,33668966.32624465,7178612.855115028,21.32115606269553,4.690177197988086
Agro-processing Unit,Kaduna,3395.596189260228,339559.6189260228,14.352247416645508,134.64274848692028,6.0,24.185158043164016,17716755.84838313,4074715.4271122734,22.99921871691956,4.347973782536978
Bakery/Food Processing,Ibadan,2186.91631248405,218691.63124840503,8.693286862039928,173.0996881524427,5.3,17.633577749427914,14324005.48533387,2624299.5749808606,18.320989737597078,5.4582204036055355
Welding Shop/Technical Services,Enugu,2073.9488457868274,207394.88457868274,13.115279218100438,369.04741431079617,5.1,17.378488736273063,10022337.522085609,2488738.614944193,24.831917798217358,4.027075186564077
Agro-processing Unit,Lagos,1728.7170934943872,172871.70934943872,16.529530351564564,196.08002342378833,5.0,14.775359773456302,7683568.446604701,2074460.5121932647,26.99865988842658,3.7038875415763375
Other,Port Harcourt,520.1753661807671,52017.536618076716,16.664976958427726,575.6083240263644,4.8,4.63119093821908,3933981.486192548,624210.4394169205,15.867142273235615,6.302332094713617
Agro-processing Unit,Lagos,3655.3190431636267,365531.9043163627,15.714192896698536,410.38308935146193,5.0,31.242043103962622,16565212.25231512,4386382.851796352,26.479484747823378,3.7765085292386598
Agro-processing Unit,Lagos,2877.143426522848,287714.34265228483,7.043841118936921,274.6492671888843,5.0,24.59096945746024,14722007.785267506,3452572.111827418,23.451774799918592,4.264069600410248
Welding Shop/Technical Services,Lagos,1745.3770340246278,174537.7034024628,9.117045405123914,447.8810625287217,5.0,14.917752427560922,11607914.59325577,2094452.4408295536,18.04331367191861,5.5422192296991
Small Manufacturing Plant,Abuja,4235.565072775698,423556.50727756985,6.972554590891775,171.10076107239624,5.5,32.9103735258407,21845220.589600295,5082678.087330839,23.26677392193748,4.297974456429186
Salon/Personal Services,Lagos,594.1181963787374,59411.819637873734,6.913570313883602,518.1638027268227,5.0,5.0779333023823705,4318912.2076619305,712941.8356544848,16.507439868532085,6.057874558163842
Welding Shop/Technical Services,Kano,1990.2930540279485,199029.30540279485,11.767038927919776,375.82428156273465,6.2,13.718590115990821,8494440.124322925,2388351.6648335382,28.11664606352039,3.5566119719287506
Bakery/Food Processing,Kaduna,2201.9576420727535,220195.76420727535,10.173710494826317,422.90888390748495,6.0,15.683458989122176,7916203.006014908,2642349.170487304,33.378997083318716,2.9958958847800554
Welding Shop/Technical Services,Kaduna,2131.463927991582,213146.39279915817,9.204339242033056,533.246492495337,6.0,15.18136700848705,9416428.953253293,2557756.7135898983,27.162703890058193,3.6815186148165813
Retail Store/Trading,Port Harcourt,837.9408172855425,83794.08172855424,13.901422015901106,517.819951001833,4.8,7.460299299194644,5455194.803323526,1005528.9807426509,18.43250364093399,5.425198982623551
Retail Store/Trading,Lagos,893.8353607678418,89383.53607678419,14.500355720580417,510.3573306000196,5.0,7.6396184681012125,4968619.536290192,1072602.4329214103,21.58753402403329,4.632303063827045
Welding Shop/Technical Services,Port Harcourt,2394.942923338567,239494.29233385672,14.161689261123605,390.23625801835135,4.8,21.322497536846218,15223177.975299994,2873931.5080062808,18.87865669487219,5.296987048191938
Welding Shop/Technical Services,Ibadan,2505.4332791152824,250543.32791152823,7.903261263516884,534.4789175594107,5.3,20.201848726941478,17184485.399881348,3006519.9349383386,17.495548251675302,5.715739716268932
Welding Shop/Technical Services,Abuja,2743.687055490464,274368.7055490464,6.35096739641471,504.1992128106195,5.5,21.318469739630643,18440348.87640546,3292424.4665885568,17.854458658324162,5.600841891298546
Agro-processing Unit,Kano,1822.174668683613,182217.46686836128,10.021426251109702,458.92954096038426,6.2,12.559792312404278,7616127.761218794,2186609.6024203356,28.71025370076535,3.4830761525919307
Bakery/Food Processing,Abuja,1073.291823282124,107329.1823282124,15.815604289428746,507.67379787675804,5.5,8.339485806387907,5711348.470150644,1287950.1879385486,22.55071975856128,4.434448260217302
Retail Store/Trading,Kano,605.974187008669,60597.418700866896,6.0766304606020025,207.87097324620203,6.2,4.176827867443265,3005885.9441617057,727169.0244104028,24.191504199378354,4.133682600959128
Small Manufacturing Plant,Abuja,4659.244214315098,465924.42143150984,17.77423413632908,397.4974398591676,5.5,36.20236374759206,31845227.634451672,5591093.057178118,17.55708303095755,5.695706959047518
Welding Shop/Technical Services,Enugu,1519.6071621283195,151960.71621283196,13.608068437195335,346.9919588437205,5.1,12.733426865496225,11453041.67282715,1823528.5945539835,15.921784331584037,6.280703086878902
Agro-processing Unit,Kaduna,3449.613487877859,344961.3487877859,7.2837676659235004,468.56534637611543,6.0,24.569896637306687,14598521.027336963,4139536.1854534307,28.355860005967727,3.526607903232495
Bakery/Food Processing,Kano,1720.1531837493876,172015.31837493877,17.555904046307937,238.02969132127734,6.2,11.856583841669337,9376091.039161729,2064183.820499265,22.015398654702203,4.542275230552834
Salon/Personal Services,Abuja,561.2042305370662,56120.423053706625,17.18433726612021,106.38035039487359,5.5,4.360561231834236,2839651.6536783925,673445.0766444795,23.71576371954358,4.216604667788642
Agro-processing Unit,Abuja,3843.071218091128,384307.1218091128,14.25462866760976,87.31038250784454,5.5,29.860693225261283,15027193.164562335,4611685.461709353,30.688934461724994,3.2585034884387807
Welding Shop/Technical Services,Enugu,1601.9271338936323,160192.71338936323,14.498065063743379,87.04283080782443,5.1,13.423220495170373,6761289.707102638,1922312.5606723586,28.43115210183934,3.5172686510136373
Agro-processing Unit,Enugu,2955.426150440683,295542.6150440683,10.15059668343548,391.5035347721124,5.1,24.764757419479498,16944700.89091472,3546511.3805288197,20.92991433345608,4.7778504205414665
Other,Abuja,377.76145748127186,37776.14574812719,16.458441673828517,585.4189330475683,5.5,2.935209459838942,2040950.832407451,453313.7489775262,22.21090982592704,4.502291926973154
Small Manufacturing Plant,Kano,5891.07249349992,589107.249349992,14.995821980915096,121.54743207184758,6.2,40.605683026605455,20669424.691329878,7069286.992199904,34.20166307369566,2.9238344283003457
Other,Enugu,1589.0474330793384,158904.74330793382,6.295042997505618,62.167953340948486,5.1,13.315296070716762,10316304.808735374,1906856.919695206,18.483914105373923,5.410109537942859
Small Manufacturing Plant,Abuja,3632.6357670233947,363263.57670233946,11.863718284855988,473.72407979428624,5.5,28.225608135379908,17432173.84247194,4359162.920428073,25.006421802697727,3.998972775433703
Bakery/Food Processing,Port Harcourt,1961.602140231059,196160.2140231059,11.35083247652098,200.49466645491623,4.8,17.464406519151165,12643483.552572463,2353922.5682772705,18.61767414407193,5.371240211110961
Retail Store/Trading,Kaduna,997.6996001261689,99769.9600126169,11.114175626831676,298.2628633813215,6.0,7.106122508021145,4408408.37357603,1197239.5201514028,27.1580901471753,3.682144048350946
Welding Shop/Technical Services,Ibadan,1327.2476423833384,132724.76423833385,15.537714584999152,431.52522417981874,5.3,10.701883908912581,6066402.768427078,1592697.1708600062,26.254392127560095,3.8088865098890152
Salon/Personal Services,Lagos,293.5002483126942,29350.024831269424,6.988572547390112,424.2746161410922,5.0,2.5085491308777286,1662840.696670242,352200.29797523306,21.180639773881957,4.721292702560898
Salon/Personal Services,Kaduna,575.4322892827379,57543.22892827379,9.279114323978511,572.9749592377257,6.0,4.0985205789368795,2430051.155681552,690518.7471392856,28.415811145573066,3.5191675327409797
Welding Shop/Technical Services,Port Harcourt,1302.1157835618005,130211.57835618005,11.188017612511223,568.9887560921794,4.8,11.592911178434832,8276415.6786430525,1562538.9402741606,18.879415932505992,5.2967740293185175
Other,Lagos,1013.5364387744079,101353.64387744079,13.662311371969027,268.67691887953686,5.0,8.66270460490947,5020309.432414765,1216243.7265292895,24.226469362153985,4.127716610502793
Retail Store/Trading,Enugu,419.372161878936,41937.2161878936,17.807731775517937,275.13370347327367,5.1,3.5140955411340373,2471682.64081213,503246.5942547232,20.360485846571695,4.911474154082528
Salon/Personal Services,Lagos,731.1644823914373,73116.44823914373,8.759455270693035,167.20758721379582,5.0,6.249269080268695,3518034.814881796,877397.3788697248,24.939985674905973,4.009625398486802
Welding Shop/Technical Services,Kano,1062.2681657690227,106226.81657690227,13.82000190451062,252.68948904806862,6.2,7.3219476548733295,5626110.507676167,1274721.7989228272,22.65724779461084,4.4135987259575975
Retail Store/Trading,Enugu,891.4865998717096,89148.65998717096,11.678518880298686,582.5063853530969,5.1,7.470140773183422,5987878.641385863,1069783.9198460516,17.865825009413612,5.597278600193911
Welding Shop/Technical Services,Ibadan,1371.0510314062424,137105.10314062424,16.42347801546733,477.12826903545795,5.3,11.055080079069846,6015706.879495168,1645261.2376874909,27.349424941156038,3.6563840086274624
Salon/Personal Services,Enugu,651.0991990186337,65109.91990186337,16.137398737402652,468.56319501864937,5.1,5.45583374408106,3748817.746102861,781319.0388223605,20.841745097760278,4.798062711684652
Retail Store/Trading,Enugu,700.9762573051323,70097.62573051323,7.574938532188651,67.88939872018855,5.1,5.873774571016694,3103401.0427528685,841171.5087661587,27.104827805947966,3.6893796454244834
Small Manufacturing Plant,Kaduna,5722.967467354903,572296.7467354904,13.399803774248856,488.095510036897,6.0,40.76187654811184,30134153.873428218,6867560.960825885,22.789957832138047,4.387897544021848
Salon/Personal Services,Port Harcourt,462.9895284831575,46298.952848315756,7.407698267548733,118.85218571140274,4.8,4.122057767834379,2496984.7999690655,555587.434179789,22.250333049150804,4.494314749316373
Retail Store/Trading,Abuja,748.4522297831771,74845.22297831772,11.163670738793552,160.2885996851852,5.5,5.815479640894926,4135095.535160963,898142.6757398127,21.719998198417716,4.6040519472642
Bakery/Food Processing,Ibadan,1635.7107294604427,163571.07294604427,6.770507244901609,370.08427105291935,5.3,13.189088287860367,9324479.719248086,1962852.8753525312,21.050535090989648,4.750473067204997
Agro-processing Unit,Abuja,2172.4835110877443,217248.35110877443,15.570709207646258,220.69907740796558,5.5,16.880213761365532,14681426.462682217,2606980.213305293,17.756995343278188,5.63158338822533
Welding Shop/Technical Services,Kano,1910.4402981636024,191044.02981636024,6.139446478897208,89.84578828700738,6.2,13.168185126575699,9476264.373160534,2292528.357796323,24.192321652500674,4.133542924751224
Other,Abuja,967.2390458913642,96723.90458913642,11.759266016605482,380.01130146561707,5.5,7.5154549020308,5510326.9639256075,1160686.855069637,21.06384725749111,4.747470809941246
Bakery/Food Processing,Kaduna,1295.8263838058156,129582.63838058156,14.33978263351851,523.0673184540625,6.0,9.229532648189569,6097594.57909068,1554991.6605669786,25.50172269404751,3.921303717389317
Retail Store/Trading,Lagos,823.8807911146798,82388.07911146799,6.475425904180286,314.2788209918059,5.0,7.041716163373332,6194117.754510821,988656.9493376159,15.961223026760084,6.265184054651899
Other,Kaduna,478.38130331089724,47838.13033108972,8.90454019035033,592.6644262969305,6.0,3.4072742401061054,2762871.33165586,574057.5639730766,20.777571412601002,4.812882026209899
Small Manufacturing Plant,Ibadan,2998.7344001552965,299873.44001552963,11.986657841416273,389.9856538749655,5.3,24.179442026731948,14850097.281766037,3598481.2801863556,24.23203842984124,4.126767968346077
Retail Store/Trading,Port Harcourt,761.9719764352832,76197.19764352831,12.715784201842968,55.373966080551014,4.8,6.783938536638916,5682795.645098401,914366.3717223398,16.0900801089163,6.215009454464126
Bakery/Food Processing,Ibadan,1354.9842240147864,135498.42240147863,12.212539720616537,98.32657452965834,5.3,10.925529946902001,7352428.72630445,1625981.0688177436,22.11488379344019,4.521841531433344
Agro-processing Unit,Enugu,2376.567328022952,237656.7328022952,6.398437305496399,93.2181734352614,5.1,19.91425614230729,16558043.97237049,2851880.7936275424,17.22353677998634,5.806008445152768
Agro-processing Unit,Lagos,2492.3081905039903,249230.81905039903,7.592589048516724,362.147466543857,5.0,21.301779406017012,17662481.74566116,2990769.8286047885,16.932896926217513,5.905664012232199
Agro-processing Unit,Enugu,3223.6624228431647,322366.24228431645,15.607040389308995,160.08263433464555,5.1,27.012421843834126,15546947.385341845,3868394.9074117974,24.882022248682997,4.018965942581013
Other,Lagos,584.7203898404186,58472.038984041865,7.2548140840128035,400.0366372490002,5.0,4.997610169576228,3900417.1041924125,701664.4678085024,17.989472640100708,5.558806642118453
Bakery/Food Processing,Enugu,2001.008735027732,200100.8735027732,6.3790337379077044,564.9167354340294,5.1,16.767292902863517,10332964.770039989,2401210.4820332783,23.238349645742435,4.303231577304428
Bakery/Food Processing,Port Harcourt,888.3511822075031,88835.11822075032,12.495556023612846,439.983285698004,4.8,7.9091095282007045,4895715.608423904,1066021.4186490038,21.774578098750965,4.592511485020975
Bakery/Food Processing,Enugu,2280.6475103683456,228064.75103683455,14.569043185589134,490.9504456883855,5.1,19.110503690031386,11820596.25171971,2736777.0124420146,23.15261391356512,4.319166741747893
Salon/Personal Services,Lagos,370.64262515282394,37064.2625152824,15.777901364958147,94.06316551157133,5.0,3.1678856850668713,2503349.748527122,444771.15018338873,17.767039960959334,5.628399565697858
Salon/Personal Services,Abuja,731.630826439343,73163.08264393429,12.571108513844834,499.51377347937154,5.5,5.6847772062109,3364992.540615803,877956.9917272115,26.090904545260685,3.832753280995949
Agro-processing Unit,Port Harcourt,2630.79571129575,263079.571129575,13.7229323423583,339.52146351486226,4.8,23.422326489456463,11719649.952280065,3156954.8535549003,26.937279410301095,3.7123273838024993
Other,Enugu,1543.7021869840642,154370.21869840642,6.9795597843670745,83.19364619481009,5.1,12.935329202145669,10168394.263994709,1852442.624380877,18.217651443160456,5.489181759350408
Welding Shop/Technical Services,Abuja,1494.206468020293,149420.64680202928,7.91453616135826,529.480961625711,5.5,11.609995866513541,6599979.600591163,1793047.7616243514,27.167474297401572,3.6808721674051412
Bakery/Food Processing,Enugu,1172.6637785086755,117266.37785086755,17.710383069829575,235.29268547410877,5.1,9.826242487922537,5323788.984766774,1407196.5342104104,26.432237232484102,3.783259022702181
Agro-processing Unit,Enugu,1955.2947892217483,195529.47892217484,15.47638208570975,412.28927652548185,5.1,16.38423654450937,9748726.393433603,2346353.7470660983,24.068310591284202,4.154840848539354
Bakery/Food Processing,Abuja,1646.9327179703364,164693.27179703364,12.664362611251574,445.56097804974513,5.5,12.796680015309528,8342926.176379803,1976319.2615644038,23.6885622596025,4.221446574262377
Salon/Personal Services,Enugu,298.4955818653442,29849.55818653442,17.956006992680905,586.1362391807307,5.1,2.5012198916150847,1726748.4949361233,358194.6982384131,20.7438836222448,4.820698082434503
Bakery/Food Processing,Kano,1905.5536667897927,190555.36667897928,8.394509411149741,424.12553333721024,6.2,13.134502803899865,6801413.531833925,2286664.4001477514,33.62042889239199,2.9743820437290474
Salon/Personal Services,Lagos,196.9289658364643,19692.89658364643,6.367830026469672,191.72558868116752,5.0,1.6831535541578144,1495026.3588319216,236314.75900375715,15.806728597641056,6.3264197510751
Welding Shop/Technical Services,Enugu,1925.2459134786327,192524.59134786326,16.419270064900566,449.9429883714694,5.1,16.13244438979917,12686961.150451908,2310295.0961743593,18.209995827819387,5.491489451481923
Salon/Personal Services,Lagos,632.7592387799878,63275.92387799878,11.105920013376904,240.2642459008296,5.0,5.408198622051177,3403258.3905224656,759311.0865359853,22.31129698087416,4.482034374143407
Bakery/Food Processing,Abuja,1430.7658970738246,143076.58970738246,17.851794764832693,72.06005527686537,5.5,11.117062137325753,6975721.953557698,1716919.0764885894,24.612779693905964,4.062929959299138
Small Manufacturing Plant,Abuja,5534.61023642857,553461.023642857,12.944104902868721,291.23848055427476,5.5,43.003964541014525,29217625.42577826,6641532.283714283,22.731252752164323,4.399229602093913
Welding Shop/Technical Services,Enugu,2450.5153208302727,245051.53208302727,11.840027297096434,530.3827809449133,5.1,20.533897442854638,15410647.507321237,2940618.384996327,19.081731533988485,5.240614554390907
Salon/Personal Services,Port Harcourt,735.456211607318,73545.6211607318,11.060651122481465,202.25528847927836,4.8,6.547865131831534,3657305.0054986295,882547.4539287816,24.13108703271678,4.14403213019043
Retail Store/Trading,Kano,673.8802628746898,67388.02628746898,16.948360147400294,165.8642039531166,6.2,4.644887392298661,2673466.780143795,808656.3154496278,30.247479469564738,3.30606059591249
Salon/Personal Services,Kano,554.9282793162638,55492.82793162638,13.578722641110247,453.21216232840453,6.2,3.824981247010365,3227419.088453386,665913.9351795166,20.633017185835314,4.846600916353164
Welding Shop/Technical Services,Kaduna,1263.1353702545196,126313.53702545195,14.589899576185063,549.9678863661026,6.0,8.996690671328487,5420523.848958168,1515762.4443054234,27.96339406562624,3.5761038079037815
Retail Store/Trading,Enugu,343.74648709619356,34374.64870961936,8.850519899086532,584.2673017229017,5.1,2.8803962384464015,1878243.016040736,412495.7845154323,21.961789874505033,4.553362934962229
Agro-processing Unit,Lagos,1952.4423817737245,195244.23817737246,16.25262112043495,320.7528210464191,5.0,16.687541724561747,14159525.008747363,2342930.8581284694,16.54667693076619,6.043509546866431
Bakery/Food Processing,Port Harcourt,1220.2928264854008,122029.28264854009,16.448998815270137,294.917890251466,4.8,10.864430435233269,8314104.601932758,1464351.391782481,17.612857450002096,5.677670433878865
Salon/Personal Services,Kaduna,484.6312800542986,48463.12800542986,10.310800432797189,376.12296828921006,6.0,3.4517897439764855,2197701.896190871,581557.5360651583,26.462075546876168,3.7789930658634576
Retail Store/Trading,Port Harcourt,330.8190980680182,33081.90980680182,10.692978439821129,583.1767772844081,4.8,2.945326727813552,2278150.78223346,396982.91768162185,17.425664744298736,5.7386619946718325
Salon/Personal Services,Enugu,317.7867312557329,31778.67312557329,13.880839974495506,228.85453532358218,5.1,2.662868537420252,1352399.794691899,381344.07750687946,28.197584693789196,3.5464030372085737
Agro-processing Unit,Enugu,3433.6828142165014,343368.28142165014,7.570483928620198,583.4015747931996,5.1,28.772270941985095,22852579.443124395,4120419.3770598015,18.03043453941259,5.546178034778406
Salon/Personal Services,Abuja,444.9632018993655,44496.32018993655,8.832605560157567,90.42321103150695,5.5,3.4573675361256058,2402201.1472841147,533955.8422792386,22.22777400980428,4.4988760438131035
Agro-processing Unit,Abuja,1924.3947627188518,192439.47627188519,12.237287382672212,235.35174703720747,5.5,14.952562258887735,12339943.803478636,2309273.715262622,18.713810630252926,5.343647105113859
Other,Port Harcourt,1709.101722000436,170910.1722000436,11.170650283941672,186.79284992319646,4.8,15.216361485046615,13418625.38258993,2050922.0664005233,15.28414429887508,6.542728074568103
Agro-processing Unit,Kano,3042.862466510075,304286.2466510075,14.48132660262535,141.87304934552242,6.2,20.97368670051058,18253722.945462972,3651434.95981209,20.00378208172414,4.999054658336936
Other,Ibadan,584.9526676901401,58495.26676901401,6.440057123202516,455.0211082861023,5.3,4.7165994814557335,4073755.353714781,701943.2012281681,17.230862933093892,5.803539868449553
Small Manufacturing Plant,Port Harcourt,4823.315846676318,482331.5846676318,11.695570508997767,514.2937469330584,4.8,42.94262684006693,30268882.73857844,5787979.016011581,19.12187861706127,5.229611692586322
Other,Lagos,1669.6392600150905,166963.92600150904,13.024252372761026,527.5492042822923,5.0,14.270421025770004,9190962.352034425,2003567.1120181084,21.799318017820163,4.587299470481304
Small Manufacturing Plant,Kano,3220.444235128689,322044.4235128689,7.3430354327727345,198.36228633434428,6.2,22.19771322807202,15227944.925753938,3864533.0821544267,25.377902934352075,3.94043590830501
Salon/Personal Services,Ibadan,187.10645645805465,18710.645645805464,12.374034336012384,565.1331307622288,5.3,1.5086797005164863,1170672.688524772,224527.74774966558,19.179378655583495,5.213933245480193
Salon/Personal Services,Enugu,175.57330143453126,17557.330143453128,7.465318968120322,298.70946555588944,5.1,1.4712024588112222,1255817.110572229,210687.96172143752,16.77696218244987,5.960554653011527
Welding Shop/Technical Services,Kano,2867.75003505581,286775.003505581,9.793873259721007,328.9791447786158,6.2,19.766680693795212,11519913.210654609,3441300.042066972,29.872621252772642,3.3475468775850548
Small Manufacturing Plant,Abuja,2645.5050066763724,264550.5006676372,7.780118411545066,592.6465676273658,5.5,20.55559445746987,17827399.708319787,3174606.0080116466,17.807454031168128,5.615625896041706
Small Manufacturing Plant,Kano,5877.915437526159,587791.5437526159,6.059279771212916,573.4964819827815,6.2,40.51499474445932,33468306.497848537,7053498.5250313915,21.075158151443414,4.744922874666595
Agro-processing Unit,Enugu,3097.799844538751,309779.9844538751,16.415019534240265,300.10692059862254,5.1,25.957766419798485,23142449.53014378,3717359.8134465013,16.06294877560183,6.225506997313656
Welding Shop/Technical Services,Kano,2031.1920571585006,203119.20571585005,11.866158963083041,416.7753416503574,6.2,14.000496671894819,11929833.144851318,2437430.468590201,20.43138775702113,4.894430138042658
Other,Enugu,537.407133085732,53740.7133085732,6.359683078472136,219.361467875155,5.1,4.503160156575599,2755821.130050504,644888.5597028784,23.40095852632714,4.273329226556915
Salon/Personal Services,Lagos,608.0424957788204,60804.24957788204,8.42224142547538,420.3878383287045,5.0,5.196944408365986,2818730.996580101,729650.9949345845,25.88579739676658,3.863122254541446
Bakery/Food Processing,Enugu,2448.85047838236,244885.047838236,7.12680858947302,419.93116502381946,5.1,20.519947028509804,11181245.854931124,2938620.574058832,26.281691791642785,3.8049300932673833
Retail Store/Trading,Kaduna,555.0001754436569,55500.017544365684,16.417707052530062,147.43238419606223,6.0,3.9529927025901483,2436977.812560679,666000.2105323882,27.328940259516838,3.659124687982612
Bakery/Food Processing,Kano,1977.4641187844798,197746.41187844798,16.05738347577732,569.5378207107128,6.2,13.630163487623928,10163651.57155075,2372956.9425413758,23.347484177670555,4.2831167263683
Bakery/Food Processing,Port Harcourt,1961.521648092398,196152.1648092398,11.966097168101127,389.8159821106676,4.8,17.463689886862518,14350405.241295721,2353825.9777108775,16.402505282131997,6.096629647724278
Agro-processing Unit,Lagos,3672.2624611967954,367226.24611967953,12.847316959665957,66.71288283326027,5.0,31.386858642707654,26983286.22921056,4406714.953436155,16.331276020285838,6.123220247810725
Other,Enugu,1882.6127823618622,188261.27823618622,14.274321012378733,422.0823621774856,5.1,15.775203472112134,11823536.357993353,2259135.3388342345,19.107103580790668,5.2336556180359555
Agro-processing Unit,Lagos,2039.187880994293,203918.7880994293,13.906625642791887,266.62542310978716,5.0,17.42895624781447,8753737.28530867,2447025.4571931516,27.954065531529892,3.5772971873163923
Salon/Personal Services,Ibadan,573.3014350769698,57330.14350769698,7.279116363695889,411.81491753166983,5.3,4.622653080768987,2655837.668773432,687961.7220923638,25.903756475074434,3.860443951294236
Welding Shop/Technical Services,Lagos,2998.827451541333,299882.7451541333,6.578544466326672,587.4458013217245,5.0,25.631003859327635,13837935.016000526,3598592.9418495996,26.00527418063908,3.8453738001520463
Other,Kano,991.74353322888,99174.353322888,16.449041404047108,480.3120162320504,6.2,6.835839076570719,4411370.59731304,1190092.2398746558,26.977834068158757,3.7067467961791425
Other,Enugu,1263.9276436773353,126392.76436773353,14.861390511015918,533.1835587157414,5.1,10.590980758147605,7419409.869735076,1516713.1724128025,20.442504175429246,4.89176859849658
Agro-processing Unit,Kano,2510.3508041275827,251035.08041275828,9.924397938758865,417.1763620599716,6.2,17.303217563603408,8951973.110838259,3012420.9649530994,33.65091614613907,2.9716872956956175
Other,Abuja,1673.3381013001397,167333.81013001397,15.147421617319388,488.79750687224896,5.5,13.001850048952132,8313268.379139058,2008005.7215601676,24.154227073902327,4.1400620973728435
Agro-processing Unit,Lagos,2588.9582870323325,258895.82870323324,15.81401059410026,116.11498045383465,5.0,22.127848607113954,12649868.588989407,3106749.944438799,24.559543228322152,4.071736964744509
Agro-processing Unit,Port Harcourt,2861.222744902124,286122.2744902124,6.069103925977458,228.52220644514867,4.8,25.473849224555945,19330271.753472734,3433467.293882549,17.76212635637529,5.629956571281084
Other,Kano,922.9846092813764,92298.46092813763,10.754072299311066,432.5069636794242,6.2,6.361901084101023,4362412.497939579,1107581.5311376515,25.38919764375276,3.9386829549773466
Bakery/Food Processing,Enugu,1460.5487721595878,146054.87721595878,11.384323471470367,180.64927198088012,5.1,12.238551802912584,8544064.173815254,1752658.5265915054,20.513171377654526,4.874916616205543
Bakery/Food Processing,Kano,1434.5280457698782,143452.8045769878,8.727235527157818,90.25775807264401,6.2,9.887841506547272,6635500.198764306,1721433.6549238537,25.94278657763325,3.854636035367754
Retail Store/Trading,Lagos,682.7588747051022,68275.88747051022,14.018553582660195,390.719690305288,5.0,5.835545937650447,5149331.74396268,819310.6496461227,15.911009241281091,6.284956440132669
Retail Store/Trading,Ibadan,570.7952350404579,57079.52350404579,10.557429362150758,524.8335072645039,5.3,4.602445049511836,2696545.1701847357,684954.2820485495,25.401179613899235,3.936825041986678
Bakery/Food Processing,Kano,1682.4390347315707,168243.90347315706,11.75018253155677,64.10313619353963,6.2,11.596629685218986,8194940.47980836,2018926.8416778846,24.636259978365302,4.059057668973151
Welding Shop/Technical Services,Port Harcourt,1682.4956552523126,168249.56552523127,10.562347425430286,269.35252949329526,4.8,14.979484110152356,11899806.244766058,2018994.7863027751,16.966618991723482,5.893926188168732
Bakery/Food Processing,Kaduna,1786.293027686465,178629.3027686465,12.403230560722541,384.34780103639457,6.0,12.72288481258166,9195309.337027099,2143551.633223758,23.311359679790627,4.2897540672710415
Bakery/Food Processing,Kano,2100.3015446216177,210030.15446216176,15.755828864593122,444.9676919245719,6.2,14.476851010625982,12618144.28462576,2520361.8535459414,19.974108685829574,5.006481218906353
Bakery/Food Processing,Enugu,2424.390283123389,242439.0283123389,6.21879099211634,157.67789212595034,5.1,20.314984775627526,13228860.944022426,2909268.339748067,21.99182795902503,4.547143611086766
Agro-processing Unit,Port Harcourt,1518.9071874453552,151890.71874453552,13.769696569855236,543.9168019224928,4.8,13.523034076258504,9269638.526852174,1822688.6249344263,19.662995699934626,5.08569505511983
Salon/Personal Services,Enugu,308.2634927745945,30826.349277459452,17.12441453755568,83.14706465925846,5.1,2.583069321054085,1382998.37119098,369916.19132951344,26.74740614560212,3.738680283824167
Small Manufacturing Plant,Kano,5770.5260938193005,577052.6093819301,10.219472246875613,105.78145564706908,6.2,39.77478697145919,29576517.448888987,6924631.3125831615,23.412598608168043,4.271204648129602
Bakery/Food Processing,Abuja,1625.9819906167536,162598.19906167535,9.081318812646096,206.68009607905756,5.5,12.633892700984875,7773441.9842976425,1951178.3887401042,25.100571827531297,3.983972982253577
Other,Ibadan,822.3929403746872,82239.29403746872,15.636310773991962,346.53870217138996,5.3,6.631131594699945,3740777.932089049,986871.5284496245,26.381451836102528,3.7905419542965357
Agro-processing Unit,Enugu,2278.269247890009,227826.92478900088,13.324005399731021,443.88287082275644,5.1,19.090575229512392,13703453.85956306,2733923.0974680106,19.950613367155768,5.012377221676186
Agro-processing Unit,Kano,2181.5600018338346,218156.00018338347,10.962589218304219,117.03735133532115,6.2,15.036945146359487,10720200.665694898,2617872.0022006016,24.419990668438736,4.095005659819663
Other,Kano,607.9538942089565,60795.38942089565,14.173414247579794,149.79109123259482,6.2,4.190473491928291,2222411.9864995317,729544.6730507477,32.82670708592767,3.0463000671446734
Small Manufacturing Plant,Kano,4338.071842834711,433807.1842834711,14.508555140669191,108.78230770210911,6.2,29.90123961148822,23301622.835896965,5205686.211401653,22.34044490404381,4.476186594739621
Salon/Personal Services,Abuja,518.7529427587873,51875.29427587873,9.078753404416364,579.6097813806689,5.5,4.030714395950173,3021056.217434994,622503.5313105448,20.605493129124124,4.853074826860535
Other,Kano,1122.027599423872,112202.7599423872,15.671910597301897,352.62459818594397,6.2,7.733854421173642,4451660.069725711,1346433.1193086463,30.245640911921807,3.306261563152507
Small Manufacturing Plant,Port Harcourt,2651.943864991867,265194.3864991867,13.597816507128268,573.2718382136613,4.8,23.610611333617047,16238763.297516214,3182332.63799024,19.59713667651644,5.102786271824679
Agro-processing Unit,Abuja,3004.029550365828,300402.95503658283,15.830266313121482,536.3135548416243,5.5,23.34133294767543,18395985.283184383,3604835.4604389938,19.595772691415142,5.103141456820927
Welding Shop/Technical Services,Ibadan,1456.159543897865,145615.9543897865,8.54453807889872,386.0395438680454,5.3,11.741328365568979,8357175.734049813,1747391.452677438,20.90887529812261,4.782658013603387
Retail Store/Trading,Kaduna,528.8227758453638,52882.27758453638,16.078335634400645,545.0127178689061,6.0,3.7665439875025912,2479122.794560168,634587.3310144366,25.597252883434578,3.9066692217083814
Welding Shop/Technical Services,Enugu,1706.8427586054363,170684.27586054362,8.842446707693785,479.289033384124,5.1,14.30235259431403,8995255.610029483,2048211.3103265236,22.76990670551729,4.3917615163425054
Other,Enugu,767.1702604318314,76717.02604318314,15.871371822164141,283.05603950681956,5.1,6.428441934236898,4783773.578612704,920604.3125181977,19.244311993235545,5.19634061405523
Welding Shop/Technical Services,Ibadan,2335.099798582941,233509.97985829407,7.146423766016018,393.12262857211516,5.3,18.82841314774182,16486977.198840206,2802119.7582995286,16.995958231182893,5.883751809681881
Bakery/Food Processing,Port Harcourt,1568.0050538532896,156800.50538532896,13.03930155810569,142.40781425967486,4.8,13.960158955246524,10731145.377796216,1881606.0646239475,17.534065548279436,5.703183880809245
Agro-processing Unit,Lagos,3342.1843623604555,334218.43623604556,16.353564930518743,169.20689004992659,5.0,28.565678310773123,15136906.130715776,4010621.2348325467,26.49564713025605,3.7742048536647164
Small Manufacturing Plant,Port Harcourt,2835.000944320566,283500.0944320566,6.283663032556037,403.0843252437963,4.8,25.240393022797058,17271344.42755289,3402001.133184679,19.697372995222555,5.076819128330169
Salon/Personal Services,Kaduna,544.6111234577074,54461.11234577074,12.56036895256884,177.57090286378647,6.0,3.8789966058241268,3321699.8159184433,653533.3481492489,19.674666115744362,5.082678374906523
Bakery/Food Processing,Lagos,1464.540193039375,146454.0193039375,13.133716022234076,323.22177237254317,5.0,12.517437547345086,6731689.7798868725,1757448.23164725,26.107088845629846,3.8303772814845782
Agro-processing Unit,Ibadan,3969.463800537218,396946.38005372183,7.6372770306807976,432.3295047261766,5.3,32.00664248135154,28663557.791427072,4763356.560644662,16.61816232062206,6.017512530606739
Small Manufacturing Plant,Port Harcourt,3915.1156883650224,391511.56883650227,11.138395379107378,444.6787711119969,4.8,34.85679921977406,30661008.129859496,4698138.826038027,15.32284524416111,6.526203091302889
Other,Kaduna,1477.1414572514284,147714.14572514285,17.89507192442626,120.61685919976888,6.0,10.520950550223848,5589884.051553313,1772569.7487017142,31.710313350938897,3.153548149880996
Salon/Personal Services,Abuja,217.67127209970812,21767.12720997081,14.692065805544894,368.112804353525,5.5,1.6913074755222073,1477129.3084124387,261205.52651964972,17.68332163149503,5.655046155010502
Salon/Personal Services,Kaduna,328.20443326387385,32820.44332638739,6.953032427867839,97.1120372780368,6.0,2.337638413560355,1508368.2836626542,393845.3199166487,26.110686904679838,3.8298494545571273
Retail Store/Trading,Enugu,915.3526997312946,91535.26997312946,8.302407896624915,227.85435916353643,5.1,7.670124851108552,6426672.335293388,1098423.2396775535,17.09163284465799,5.850816063560311
Small Manufacturing Plant,Kano,3293.297407794458,329329.7407794458,10.259955669983247,88.18311351035135,6.2,22.699871848597034,15148835.184170341,3951956.88935335,26.087529775773895,3.833249098688704
Welding Shop/Technical Services,Ibadan,2038.1195818165406,203811.95818165407,6.811350763106579,490.19607930229887,5.3,16.433797627935338,11114868.296125177,2445743.498179849,22.004250819890277,4.544576446547643
Agro-processing Unit,Kaduna,2084.2802047760824,208428.02047760825,12.480142975254127,534.0434981588021,6.0,14.84530060381825,11188862.038491711,2501136.245731299,22.35380360511138,4.473511612007461
Other,Enugu,1406.49152738023,140649.152738023,12.395493438616024,228.38356421345657,5.1,11.785583437072482,9543859.01653851,1687789.832856276,17.68456375907809,5.654648956136483
Other,Kano,866.1032521989365,86610.32521989365,14.033843462378282,596.7766486716422,6.2,5.969832176722749,3065602.312583373,1039323.9026387238,33.90276352456458,2.9496120552987968
Bakery/Food Processing,Kaduna,1925.1266227439437,192512.66227439436,12.693401008440299,451.85778063158534,6.0,13.711728082221821,10109141.52951397,2310151.947292732,22.85210807018744,4.37596390201124
Retail Store/Trading,Abuja,572.1644898269745,57216.44898269745,6.721708111209423,359.2632487328504,5.5,4.445722531678124,2554926.4975456223,686597.3877923695,26.873469293615525,3.721142175854367
Bakery/Food Processing,Enugu,2427.9629836591466,242796.29836591467,8.103635308291915,429.50268995136616,5.1,20.344921934465784,12987787.34091007,2913555.580390976,22.433040393367108,4.457710512997048
Small Manufacturing Plant,Enugu,3203.2679103066976,320326.79103066976,12.429932213676976,103.1720473056958,5.1,26.841527654656424,17156768.057551876,3843921.492368037,22.40469463405762,4.463350276954407
Agro-processing Unit,Kano,2625.927340645463,262592.7340645463,15.073959946742953,241.16433833144015,6.2,18.099857600258222,12445898.945701731,3151112.8087745556,25.31848300007941,3.9496837152402198
Bakery/Food Processing,Kaduna,1930.3499316282707,193034.99316282707,15.54539952947675,559.9478007136989,6.0,13.748931136953495,8712072.97537044,2316419.9179539247,26.588619316006472,3.761007625536973
Bakery/Food Processing,Kaduna,1198.891539154271,119889.1539154271,10.791790989711698,133.8288073317296,6.0,8.539113526739822,4636264.274893116,1438669.8469851252,31.030798972698598,3.222604744659705
Welding Shop/Technical Services,Kaduna,2984.9670043167507,298496.70043167507,17.124011615091543,346.9764216543078,6.0,21.260448748694806,11868677.307050377,3581960.405180101,30.179946025260122,3.3134585435077195
Agro-processing Unit,Kaduna,3605.0832359410533,360508.3235941053,12.251495727264507,392.97212840151786,6.0,25.677231025221175,13182053.464718714,4326099.883129263,32.81810299668342,3.047098731151704
Welding Shop/Technical Services,Kaduna,1178.2488642320332,117824.88642320331,15.063245045961695,120.24241599937915,6.0,8.392085927578583,5774591.256366947,1413898.6370784398,24.484826272673484,4.084162120913471
Retail Store/Trading,Lagos,860.8541042020227,86085.41042020227,15.38433705204463,439.809583758637,5.0,7.357727386342074,6487890.070471395,1033024.9250424273,15.922355555068307,6.280477763113926
Retail Store/Trading,Enugu,228.9283044198097,22892.830441980972,9.637540271343944,194.71191345096358,5.1,1.9182864456159687,1047902.5082550955,274713.96530377166,26.21560337337191,3.814522159790281
Salon/Personal Services,Abuja,384.0886648564874,38408.866485648745,7.0517129611660625,565.3268026670845,5.5,2.984371910306817,2621788.024209056,460906.39782778494,17.579849841858657,5.688330725208705
Agro-processing Unit,Abuja,2884.5056017809407,288450.5601780941,9.666291727896283,268.3398343908559,5.5,22.412630938468844,17780939.85890118,3461406.722137129,19.466950282745266,5.136911460067582
Agro-processing Unit,Port Harcourt,2618.006351262089,261800.63512620892,13.207132000327407,333.6236852330738,4.8,23.30846110454139,17597876.97322375,3141607.621514507,17.8521967524529,5.601551528175935
Agro-processing Unit,Kano,3798.4799330360433,379847.9933036043,11.963561794869964,595.686908152822,6.2,26.181968107499607,19848840.69789399,4558175.919643251,22.964444065123082,4.354557842393997
Small Manufacturing Plant,Kano,5479.987352107835,547998.7352107835,8.50212617228803,561.827368054154,6.2,37.77217639997129,31377009.22796877,6575984.822529403,20.957972044919167,4.771454021680641
Welding Shop/Technical Services,Port Harcourt,1232.7327957709522,123273.27957709522,15.809396501894298,259.34281141211903,4.8,10.975185147533406,5956978.696773782,1479279.3549251426,24.832711853179866,4.026946416131947
Bakery/Food Processing,Kaduna,2292.5563447566183,229255.63447566182,16.416680281289402,493.25897006469165,6.0,16.328748894277908,11461177.088260086,2751067.613707942,24.0033601481118,4.166083389281913
Welding Shop/Technical Services,Ibadan,2580.0608726141227,258006.08726141226,9.65614966917649,94.5056056781887,5.3,20.803587103806827,16202592.03754323,3096073.047136947,19.108504614341935,5.233271886955756
Agro-processing Unit,Lagos,2507.4504469129038,250745.0446912904,8.082294179838104,432.2230988963539,5.0,21.43120040096499,15746106.823584499,3008940.5362954848,19.109107857624196,5.233106681121264
Retail Store/Trading,Lagos,476.87978123022845,47687.97812302285,17.70732241031898,402.53464253993263,5.0,4.075895566070328,3395675.99227517,572255.7374762741,16.852483534297733,5.9338435071888735
Welding Shop/Technical Services,Kaduna,2644.9611272687216,264496.11272687215,7.590296072902181,524.1079652499425,6.0,18.838754467725938,9963980.826274084,3173953.352722466,31.85426997564115,3.139296555107672
Agro-processing Unit,Abuja,3806.892976283486,380689.2976283486,11.844743025827231,383.4391157630376,5.5,29.579588005310686,22962054.875945404,4568271.571540182,19.89487263322332,5.026420718723559
Retail Store/Trading,Kano,811.8478407223963,81184.78407223964,8.09806352712495,326.41134205489334,6.2,5.595863252842544,3993270.087404771,974217.4088668756,24.39648176915627,4.098951682714635
Bakery/Food Processing,Abuja,1477.7271472129323,147772.71472129325,7.756487905946989,252.1439322603423,5.5,11.481951415795898,7482378.355493512,1773272.576655519,23.699317147649907,4.21953085723891
Welding Shop/Technical Services,Abuja,1136.3446187709872,113634.46187709871,6.309742883393843,124.34145903515252,5.5,8.829406517257086,5616473.716947219,1363613.5425251846,24.27881997222919,4.118816322802462
Welding Shop/Technical Services,Ibadan,2926.230223178348,292623.0223178348,12.594354430740204,581.202188634271,5.3,23.594825215113268,17656787.590814907,3511476.2678140174,19.887401656463794,5.028308963001109
Other,Lagos,1035.2463931612242,103524.63931612243,9.741793597023115,328.37802456213427,5.0,8.848259770608754,7577633.2970097065,1242295.6717934692,16.394243731531656,6.099701922063431
Other,Enugu,1047.169870675947,104716.98706759472,7.267976211140927,402.4544730796134,5.1,8.774676308663876,6128851.4118074635,1256603.8448111366,20.503088758037794,4.8773139101198675
Agro-processing Unit,Kaduna,2040.095456273999,204009.5456273999,13.435055458773956,407.6106008189844,6.0,14.530594417905975,12058784.330654528,2448114.5475287987,20.301503703863983,4.9257435044561255
Welding Shop/Technical Services,Enugu,1304.0497062572963,130404.97062572963,6.736195525328018,479.4188723376419,5.1,10.927180377554016,7221364.318534417,1564859.6475087556,21.669861517613413,4.614704155756571
Other,Abuja,1081.6607204078443,108166.07204078443,6.69796554606571,597.176474443372,5.5,8.404512202081152,4546486.305828895,1297992.8644894133,28.549362676520122,3.5027051613394886
Small Manufacturing Plant,Kaduna,2702.2319634872833,270223.1963487283,14.340422746302638,591.0234088948774,6.0,19.246666406604582,10096845.359987073,3242678.3561847396,32.115757353630414,3.1137363163785343
Retail Store/Trading,Enugu,391.3440833727405,39134.40833727405,7.706992424246354,116.76171668233589,5.1,3.279236495498077,1706953.2653162598,469612.9000472886,27.51176084251375,3.634809148437734
Retail Store/Trading,Ibadan,442.62011805407644,44262.011805407645,7.21254973212776,430.68873793177255,5.3,3.568941445364267,2327164.1615196685,531144.1416648917,22.823664546210942,4.3814173573016975
Welding Shop/Technical Services,Port Harcourt,1124.5835962601254,112458.35962601255,12.113065537797477,598.1832696191373,4.8,10.01231834277177,6356771.858813405,1349500.3155121505,21.229333779552327,4.710463410600196
Salon/Personal Services,Lagos,679.0806751789122,67908.06751789122,13.382633258772131,218.43949143263643,5.0,5.804108334862497,4568847.8725169,814896.8102146946,17.835936607050606,5.606658186958888
Salon/Personal Services,Kaduna,555.532293589565,55553.2293589565,12.324497566939819,284.3458611397043,6.0,3.9567827178743946,3154064.6709117987,666638.752307478,21.135861875487844,4.731295112974515
Bakery/Food Processing,Port Harcourt,1022.2076404583391,102220.76404583392,16.6392505828856,297.3815568517274,4.8,9.100851499807149,4735551.517316249,1226649.168550007,25.90298435281681,3.8605590243166534
Salon/Personal Services,Enugu,276.5046326834973,27650.46326834973,10.413112210527476,277.77136389090987,5.1,2.316948489052265,1363406.7284641366,331805.55922019674,24.336505922482296,4.10905330118154
Salon/Personal Services,Enugu,687.8996321184683,68789.96321184683,14.803372566736824,473.1176915027369,5.1,5.764200034510376,3514460.0837155115,825479.558542162,23.488090314841738,4.25747681738143
Salon/Personal Services,Kaduna,157.17032187862068,15717.032187862069,10.993847978157138,314.739283399428,6.0,1.1194467370272128,804932.3480358727,188604.38625434483,23.431085446442946,4.267834720187106
Welding Shop/Technical Services,Enugu,1038.3845536461133,103838.45536461133,9.117758504940412,468.15940271717426,5.1,8.701060446171555,4853504.502528334,1246061.464375336,25.673437898867213,3.8950763194987723
Welding Shop/Technical Services,Lagos,1274.2194114579981,127421.94114579982,12.423721577431099,168.36102960948062,5.0,10.890764200495711,6028870.995132762,1529063.2937495979,25.362348854106248,3.942852476923078
Other,Kano,320.60531689461857,32060.531689461855,8.894417491194497,586.7305652005296,6.2,2.209851922350555,1939179.437618998,384726.38027354225,19.839648297112962,5.040411931826022
Agro-processing Unit,Enugu,3503.8427797074737,350384.2779707474,17.5149197318524,318.31972415949934,5.1,29.360170770131337,24124699.26190525,4204611.335648969,17.42865803217855,5.737676407177758
Retail Store/Trading,Kaduna,287.7889589420028,28778.89589420028,12.575513867684315,299.9075340079785,6.0,2.0497789098433246,1173010.498228179,345346.75073040335,29.441062228517666,3.3966165766646967
Retail Store/Trading,Kaduna,875.4856661916928,87548.56661916927,7.1769909694109355,318.532625361978,6.0,6.235652893103224,4131912.737595016,1050582.7994300313,25.426064540789987,3.932972003574289
Other,Enugu,555.0827299797733,55508.27299797733,9.89611112268072,455.5463925632898,5.1,4.65127140924898,2987273.4796831603,666099.275975728,22.297900761545826,4.484727108143582
Other,Abuja,1109.2308199269032,110923.08199269032,10.510659421749232,266.96195321351945,5.5,8.618732089564126,7036346.923231457,1331076.9839122838,18.91715969145228,5.286205838035243
Salon/Personal Services,Port Harcourt,448.6403994638913,44864.03994638913,15.420198526044683,540.6465789171289,4.8,3.994305550782508,2812331.289139052,538368.4793566696,19.14313869905,5.223803764476857
Salon/Personal Services,Ibadan,770.9675462275534,77096.75462275534,15.442840635063542,223.473792661407,5.3,6.2164775538425525,3426148.785035101,925161.0554730641,27.002944516421103,3.7032998360303906
Retail Store/Trading,Kano,750.5077648692337,75050.77648692337,11.251237488664703,190.06884212532816,6.2,5.173061516881952,4115671.3197188806,900609.3178430804,21.8824402601857,4.569874237561446
Small Manufacturing Plant,Kano,5443.050527990729,544305.0527990729,6.4611161875478995,545.969095674483,6.2,37.51758014881947,24714900.68767226,6531660.633588875,26.4280270276257,3.78386172738011
Other,Abuja,1084.5116898620481,108451.16898620481,13.646417721699365,412.6446572131805,5.5,8.42666425689237,5099561.872363037,1301414.0278344578,25.520114480568267,3.91847771984498
Bakery/Food Processing,Enugu,2321.700159201112,232170.0159201112,13.640036186006487,387.66347161803395,5.1,19.4545010826304,12649305.88076653,2786040.1910413345,22.0252416796842,4.540245299203173
Bakery/Food Processing,Abuja,913.3084689531729,91330.84689531729,12.22089626334245,132.5929504493729,5.5,7.096413900180052,4961121.588844361,1095970.1627438073,22.09117722912132,4.526694026435888
Other,Abuja,1553.6374068265254,155363.74068265254,12.146663049752094,424.12527856459434,5.5,12.071774722816825,7692692.648644051,1864364.8881918304,24.235530695749972,4.126173313693368
Bakery/Food Processing,Enugu,870.8439310240533,87084.39310240533,7.017504192549639,443.97786343447524,5.1,7.297167178012848,4354674.3345777895,1045012.717228864,23.997494116404088,4.167101761331092
Salon/Personal Services,Kano,196.85481839913768,19685.48183991377,6.855080733183103,56.659661379188094,6.2,1.3568708188526168,894721.7190813827,236225.78207896522,26.40215131040967,3.7875701424592867
Small Manufacturing Plant,Abuja,5847.75489404818,584775.489404818,14.850100313508083,244.28827467613527,5.5,45.437100963855315,23067015.074533302,7017305.8728578165,30.421386773207338,3.2871611260033617
Salon/Personal Services,Abuja,342.74812783697587,34274.812783697584,10.196438756950194,476.05944214965,5.5,2.6631556164489187,2154490.599234896,411297.753404371,19.090255188415828,5.238274659664113
Agro-processing Unit,Enugu,3153.426527676036,315342.65276760363,8.222346814409615,145.76013443374637,5.1,26.423885769029965,15018754.22068653,3784111.8332112436,25.19591024400069,3.968898088284413
Bakery/Food Processing,Ibadan,967.2726045127754,96727.26045127754,13.923632636416057,470.40496422195474,5.3,7.799327564205575,4036634.367416877,1160727.1254153305,28.75482443454751,3.47767729299209
Salon/Personal Services,Ibadan,322.2801784112526,32228.017841125264,6.251339532370954,95.19441711203504,5.3,2.5986145654834107,1978791.6606699477,386736.2140935032,19.544059224636523,5.116644339367518
Retail Store/Trading,Enugu,974.2880278760243,97428.80278760243,9.545337329729044,473.0727313109735,5.1,8.163968726965178,6609340.50443657,1169145.6334512292,17.689293397222176,5.653137056096509
Welding Shop/Technical Services,Kano,2249.3271377085275,224932.71377085274,10.58327567583475,163.1279942075553,6.2,15.504046992752462,12799081.53649078,2699192.565250233,21.088955153185864,4.7418186094863595
Welding Shop/Technical Services,Enugu,1242.7728363188128,124277.28363188128,13.3801556164664,476.04857935078337,5.1,10.413715739222496,7262563.606780657,1491327.4035825753,20.534448774950555,4.869865322218312
Bakery/Food Processing,Abuja,1894.6372310199222,189463.72310199222,12.3636255989899,73.07317288739995,5.5,14.7213460063708,8569991.445394015,2273564.677223907,26.529369273126235,3.7694073677544293
Small Manufacturing Plant,Kaduna,5889.710721580343,588971.0721580343,15.584570299854896,211.0521201855306,6.0,41.94950656396255,33345288.196351867,7067652.865896411,21.195356970013073,4.7180144284183925
Other,Port Harcourt,1965.949559910046,196594.9559910046,13.222579075635865,370.33246201398555,4.8,17.503112178686305,13650418.682273611,2359139.471892055,17.282542952002096,5.786185532865435
Small Manufacturing Plant,Ibadan,5118.256128003362,511825.6128003362,15.74123745708165,411.0632340323265,5.3,41.26960270926755,24700199.496776827,6141907.3536040345,24.865820838432917,4.021584513527854
Welding Shop/Technical Services,Ibadan,1256.1914927324,125619.14927324001,10.05921007193398,560.4460021793274,5.3,10.128942853833253,8724697.640054215,1507429.79127888,17.277731028275646,5.78779701086597
Other,Port Harcourt,681.8465401345483,68184.65401345483,10.46600428605016,287.6422856193078,4.8,6.070571048206448,3288723.2647819095,818215.8481614579,24.87943746813606,4.01938348196471
Agro-processing Unit,Enugu,2598.5124742361304,259851.24742361304,13.355274989934307,568.6917107595892,5.1,21.774027771376993,19445846.293475334,3118214.9690833567,16.035378054641992,6.236210936794943
Salon/Personal Services,Enugu,306.4502626911282,30645.026269112823,7.458016515611017,158.6087694229655,5.1,2.5678755043667523,2167541.4647810366,367740.31522935384,16.96577994952003,5.89421767213414
Salon/Personal Services,Port Harcourt,726.5011851360251,72650.11851360252,13.749729751862471,207.24873408153806,4.8,6.468137332051505,5013837.829822101,871801.4221632301,17.387906265691147,5.751123710467341
Bakery/Food Processing,Enugu,2187.1097962466492,218710.97962466493,16.336439956361232,515.5828862796529,5.1,18.326711884084542,16045035.435530689,2624531.7554959795,16.35728238832134,6.113484968101872
Agro-processing Unit,Enugu,3797.3163340988863,379731.6334098886,9.02689224208034,465.27306081045305,5.1,31.819308983567,25103031.390652835,4556779.600918664,18.152308101783238,5.508941311445471
Salon/Personal Services,Port Harcourt,449.350673228191,44935.0673228191,16.10398263468074,450.66987243888724,4.8,4.000629213213951,2305093.7370787375,539220.8078738293,23.392576154286367,4.274860508754884
Other,Port Harcourt,1619.9606590495318,161996.0659049532,13.873942052172858,147.58582320833878,4.8,14.422726665327028,9762202.18202258,1943952.7908594385,19.91305603605805,5.021830894209435
Other,Port Harcourt,1226.5457621247951,122654.57621247951,17.8160368742941,565.5634365734154,4.8,10.920101158518474,5772378.682795824,1471854.9145497542,25.498239035088194,3.9218394596736563
Bakery/Food Processing,Ibadan,873.3953508549198,87339.53508549198,7.9777777887532455,122.45082540000905,5.3,7.042375027051441,4618832.993456545,1048074.4210259038,22.691325330677692,4.406970441025951
Other,Enugu,1534.1658469750023,153416.58469750022,15.813423958283341,167.43125147086954,5.1,12.855420202572502,10241157.478173645,1840999.0163700026,17.97647404889156,5.5628261542293975
Other,Kano,1159.9495780181092,115994.95780181092,16.0884363361344,453.0408496214378,6.2,7.995241094693335,5233503.651399896,1391939.493621731,26.596704355970115,3.759864329865861
Other,Port Harcourt,1221.803249336142,122180.3249336142,13.084172285505275,329.598300803954,4.8,10.87787793212377,6876098.855035418,1466163.8992033703,21.322612285157703,4.689856883511793
Salon/Personal Services,Ibadan,343.40649335723333,34340.649335723334,12.780263914308193,428.88691612754985,5.3,2.768960597945761,2043886.9139299141,412087.79202868,20.16196636027832,4.959833689486405
Other,Port Harcourt,1784.6489569633732,178464.8956963373,13.635496247750977,468.6168453737369,4.8,15.888968633933164,13487856.478421738,2141578.7483560476,15.87782871045675,6.298090363838126
Retail Store/Trading,Ibadan,328.0573079636584,32805.73079636584,11.53868969303748,55.132390904901314,5.3,2.645196806673588,1372945.1669265183,393668.76955639006,28.67330604598426,3.4875643513038552
Agro-processing Unit,Ibadan,2116.6971613040578,211669.71613040578,14.717540581356058,595.4954732421498,5.3,17.067385593485387,11165281.81430622,2540036.5935648694,22.74941766637979,4.395716913131579
Bakery/Food Processing,Lagos,968.602769298267,96860.27692982671,10.817931790335459,490.0390327845377,5.0,8.278656147848436,4663336.349951826,1162323.3231579205,24.924715609885777,4.0120818855135685
Salon/Personal Services,Port Harcourt,282.6231625087843,28262.316250878426,12.661019391627434,453.1892128163211,4.8,2.51623185994288,1957984.9378267361,339147.7950105411,17.321266801315538,5.773249794432187
Agro-processing Unit,Kaduna,3039.9636256504473,303996.3625650447,8.256296815384994,245.46151277715668,6.0,21.652162575857886,11741747.436215362,3647956.3507805364,31.06825768989933,3.218719279276199
Salon/Personal Services,Ibadan,659.4646599155083,65946.46599155082,12.650718169584199,52.87628744860201,5.3,5.317405740328239,4072723.9068398564,791357.5918986099,19.430671216616965,5.146502603290449
Welding Shop/Technical Services,Port Harcourt,2521.981520056188,252198.1520056188,6.423736259282869,460.1535805021777,4.8,22.45353917428942,13797078.94450194,3026377.8240674254,21.934917066437603,4.5589413307155375
Bakery/Food Processing,Enugu,1144.2169522809036,114421.69522809036,17.49688176143256,252.36741321614647,5.1,9.587874579193091,5556813.074318635,1373060.3427370843,24.709493092053417,4.047027578730866
Other,Kano,855.7837477747345,85578.37477747345,7.786656603989336,218.08231851961818,6.2,5.898702424694888,5158657.253632045,1026940.4973296814,19.907127898575652,5.023326343683911
Salon/Personal Services,Ibadan,719.8229951883303,71982.29951883302,17.95601205152697,252.5702417787666,5.3,5.804088011516935,2945051.3152823187,863787.5942259963,29.33013729654459,3.409462389791851
Other,Kaduna,1062.6380726227223,106263.80726227224,14.664851258432844,537.407679255791,6.0,7.568647240902581,5109676.316858028,1275165.687147267,24.955899514421183,4.007068546746364
Agro-processing Unit,Enugu,2982.6108354669605,298261.08354669606,10.698308378133952,276.94201246674305,5.1,24.992549316800407,12712480.128670383,3579133.002560353,28.154482574083673,3.5518322788162493
Retail Store/Trading,Kaduna,756.4945171974455,75649.45171974455,6.038619163251344,390.7741356029124,6.0,5.388137586876392,3736335.1451354194,907793.4206369347,24.296359544160556,4.115842944217305
Welding Shop/Technical Services,Kano,1710.986020882715,171098.6020882715,15.53036797532501,101.14485190272268,6.2,11.79339689056186,8260318.680202876,2053183.2250592578,24.85598079865886,4.023176587157471
Agro-processing Unit,Port Harcourt,2970.505667370976,297050.5667370976,11.771674678633484,403.27903924787506,4.8,26.446809716621935,16626183.327893056,3564606.800845171,21.439717886816386,4.66424047778593
Salon/Personal Services,Enugu,192.15483641392942,19215.48364139294,12.959805449137576,358.81652337773806,5.1,1.6101461070381213,890192.9621515227,230585.80369671527,25.902901224854492,3.8605714136780733
Agro-processing Unit,Kaduna,2901.6502360404274,290165.02360404277,13.241851999157458,422.05736547449925,6.0,20.667024473222416,13445036.41812094,3481980.283248513,25.897886587763892,3.861318940490207
Salon/Personal Services,Kaduna,673.2428497925004,67324.28497925003,9.237848641538573,503.77717559903414,6.0,4.795176992824076,3687036.4094892037,807891.4197510004,21.911674581562497,4.563777160333728
Small Manufacturing Plant,Lagos,4243.894887922088,424389.4887922088,6.9246993496119735,82.20301108418856,5.0,36.272605879675965,29488116.863386318,5092673.865506506,17.27025801308385,5.790301449129513
Welding Shop/Technical Services,Ibadan,1668.4766373921216,166847.66373921215,15.41876372533761,439.2245141075037,5.3,13.45328686818353,9582779.477847321,2002171.9648705458,20.89343670590565,4.7861920184597695
Retail Store/Trading,Kaduna,830.8919717379251,83089.19717379252,12.207228677299312,292.1094488755198,6.0,5.918033986737358,4355280.990505128,997070.3660855102,22.89336481984069,4.368077859543579
Agro-processing Unit,Abuja,1868.63131676571,186863.13167657098,9.938313043311739,288.71065139563143,5.5,14.519279850549415,8424762.019258913,2242357.5801188517,26.61627206789755,3.7571001583130084
Retail Store/Trading,Abuja,270.8803437436938,27088.03437436938,8.647343432534536,379.02391173505634,5.5,2.104742375630876,1294273.7190747876,325056.4124924326,25.11496661809678,3.9816895447491554
Other,Kaduna,1550.6272942066228,155062.72942066228,17.980170136715394,563.2123322389567,6.0,11.044353947340618,6237389.941645863,1860752.7530479473,29.832233842300866,3.3520788462781543
Retail Store/Trading,Kaduna,714.0521596281533,71405.21596281533,11.054976639528864,399.897550589528,6.0,5.085841592793114,3050071.460373905,856862.591553784,28.093197247540623,3.559580603049884
Bakery/Food Processing,Abuja,2135.6077507363943,213560.77507363944,7.420034291080648,275.44768933295853,5.5,16.5936888169106,9789524.908495076,2562729.300883673,26.178280609509542,3.8199605807447083
Retail Store/Trading,Kano,871.8418285084938,87184.18285084938,10.605995423196529,364.5297491749526,6.2,6.009386741856174,4253320.8309332,1046210.1942101925,24.59749066191766,4.065455349671991
Other,Ibadan,1299.207913465737,129920.7913465737,8.213715037603672,249.2294929087586,5.3,10.4757935289932,7595741.255196504,1559049.4961588844,20.52531074689104,4.872033424153979
Retail Store/Trading,Lagos,467.60903099354573,46760.903099354575,6.314360502384778,63.30547014024538,5.0,3.9966583845602197,3508982.005238038,561130.8371922548,15.991271438685805,6.253411455331922
Other,Kano,1713.8849742488148,171388.4974248815,9.276849719673748,334.94332143134847,6.2,11.813378647979148,6830829.366645813,2056661.969098578,30.108525022466992,3.3213184613122024
Retail Store/Trading,Enugu,438.9804588710184,43898.04588710184,17.288150941384085,192.61321737617556,5.1,3.678401699941498,2783337.259198435,526776.5506452221,18.926076920945142,5.283715183960382
Agro-processing Unit,Kano,2574.1420318473374,257414.20318473375,16.472763005815224,513.0634617354947,6.2,17.742914473720273,14671681.761860443,3088970.438216805,21.053962922278572,4.749699634655644
Bakery/Food Processing,Enugu,1116.3724103386714,111637.24103386715,15.631719717548524,302.00278770584094,5.1,9.35455346353839,6773600.221949022,1339646.8924064059,19.77747207556543,5.0562579291186305
Agro-processing Unit,Abuja,2707.422180213388,270742.2180213388,7.601759668991326,94.33083256641856,5.5,21.0366913769494,12664118.943538692,3248906.6162560657,25.65442278883267,3.8979633579411437
Salon/Personal Services,Kano,623.1605495329474,62316.05495329473,11.957533828263596,290.2678864383488,6.2,4.295289147594067,2598736.235278327,747792.6594395367,28.775242723294213,3.475209608537819
Small Manufacturing Plant,Kano,5053.278800283389,505327.88002833887,15.186154787893317,137.39949221814447,6.2,34.83098152938646,17962379.71128844,6063934.560340066,33.7590823588324,2.9621658236168544
Welding Shop/Technical Services,Ibadan,2220.4502989552825,222045.02989552825,7.624248987332226,463.25629731597513,5.3,17.90396951262121,11139450.404282678,2664540.358746339,23.919854768794778,4.180627389529865
Welding Shop/Technical Services,Kaduna,2313.910312534279,231391.0312534279,17.479375453001495,87.92690899603164,6.0,16.480842681868083,13149099.778532006,2776692.3750411347,21.11697699316668,4.735526303426829
Retail Store/Trading,Port Harcourt,245.64377692100345,24564.377692100345,9.386244896318402,193.9381260547483,4.8,2.1869994383992473,1135068.2425300006,294772.53230520413,25.969586784330556,3.85065811136963
Bakery/Food Processing,Lagos,1219.8639584223997,121986.39584223997,16.875054966252442,187.25040991722835,5.0,10.42618767882393,6127659.348402396,1463836.7501068797,23.88900340043432,4.186026445882709
Retail Store/Trading,Kaduna,417.5597809029048,41755.978090290475,15.112779149015564,297.356913347797,6.0,2.9740725135534527,2327190.921601347,501071.7370834857,21.5311830427173,4.6444266346908405
Small Manufacturing Plant,Kano,5218.486949343134,521848.6949343134,6.784393890772623,318.16415652036136,6.2,35.96971980523252,29245562.870562747,6262184.339211761,21.412425423054486,4.670185559284249
Salon/Personal Services,Port Harcourt,171.8488401191337,17184.88401191337,6.751838441464255,548.5405993394261,4.8,1.529993234678897,1043650.2521472494,206218.60814296047,19.75935977772992,5.060892717420253
Welding Shop/Technical Services,Port Harcourt,1278.4907422351903,127849.07422351903,12.389048187302606,276.10258143038857,4.8,11.38257427203695,8869640.338072987,1534188.8906822284,17.297081191632007,5.7813222295781355
Salon/Personal Services,Enugu,375.77316206824776,37577.31620682478,16.79800014824727,62.002868226519226,5.1,3.1487612038566093,2063008.0969733286,450927.7944818973,21.857781127638837,4.575029799047237
Retail Store/Trading,Kaduna,731.0317489404713,73103.17489404713,17.560733210562603,358.0925009040131,6.0,5.206778838607345,2936442.5793855363,877238.0987285655,29.87417853449501,3.347372376600493
Other,Abuja,1892.598185456256,189259.8185456256,6.627094551432285,280.3363254907888,5.5,14.705502606497713,9694746.669159595,2271117.8225475075,23.42627301208669,4.268711456935783
Small Manufacturing Plant,Enugu,3410.552268367179,341055.22683671786,14.769851579768758,589.7133997734857,5.1,28.578450380150652,20919057.818779185,4092662.722040614,19.56427845601441,5.111356405237537
Salon/Personal Services,Abuja,316.7445405887611,31674.45405887611,13.850095217688894,158.95369801785705,5.5,2.4611075414822148,2163858.203419152,380093.44870651327,17.565543255372308,5.692963692962678
Small Manufacturing Plant,Lagos,4478.655891000635,447865.58910006355,11.567189840260035,584.6029312973454,5.0,38.279110179492605,20192245.197725303,5374387.069200763,26.616094528240957,3.7571252196258613
Small Manufacturing Plant,Port Harcourt,4629.845454437633,462984.54544376326,10.194076465041825,112.75268168836335,4.8,41.22013403167408,28976008.037904672,5555814.545325159,19.173843885111353,5.2154383126927835
Small Manufacturing Plant,Lagos,3029.3639005722707,302936.39005722705,8.703803159414822,188.03166373716388,5.0,25.891999150190347,16352555.822260324,3635236.6806867244,22.230388449358895,4.498346946469301
Other,Kaduna,1746.0472983299342,174604.7298329934,12.734673459390299,337.8650012559015,6.0,12.436234318589275,8746710.494056273,2095256.757995921,23.954797171116258,4.174529188691108
Welding Shop/Technical Services,Ibadan,1229.537743738435,122953.7743738435,16.32167632019322,447.547866764666,5.3,9.91402792886982,5052091.266394143,1475445.2924861219,29.204644466749695,3.424112904844734
Small Manufacturing Plant,Enugu,2736.8392666500054,273683.92666500056,14.494021166757225,348.94601953845535,5.1,22.933126082202154,14338023.011620043,3284207.1199800065,22.905578525842568,4.365748714322052
Welding Shop/Technical Services,Port Harcourt,1163.4506914935564,116345.06914935564,11.499607698343878,316.58295792152586,4.8,10.358357296060865,8576173.531128135,1396140.8297922676,16.27929780950474,6.142771093088214
Small Manufacturing Plant,Kano,3080.210890571465,308021.0890571465,17.348377764003388,517.486454314364,6.2,21.231120006696063,15319881.374622071,3696253.068685758,24.127165075891075,4.144705757408872
Welding Shop/Technical Services,Ibadan,2338.0446746582165,233804.46746582165,11.547546732007287,276.47104787147964,5.3,18.852158318482633,12823860.15528372,2805653.60958986,21.878385880821284,4.570721100941023
Welding Shop/Technical Services,Kano,2301.946934301908,230194.69343019082,12.545182432882866,84.25020823503709,6.2,15.86674203406333,9745512.079897555,2762336.32116229,28.344701627944907,3.5279962129292786
Small Manufacturing Plant,Port Harcourt,4293.7592706961605,429375.92706961604,15.676843406794074,302.5819326783269,4.8,38.22791373483049,23671374.407646928,5152511.124835392,21.766843936070302,4.594143289385554
Welding Shop/Technical Services,Abuja,1103.9131551085368,110391.31551085367,15.435338392608397,160.75008017478592,5.5,8.577413792607123,5603114.704482538,1324695.7861302441,23.6421322067613,4.229736942736556
Small Manufacturing Plant,Kano,3405.172922108136,340517.2922108136,7.976476241187551,231.61828567932366,6.2,23.471001668790567,19580173.445583567,4086207.5065297633,20.869107814013944,4.7917716891015525
Other,Port Harcourt,1586.4775596706795,158647.75596706796,12.232630314047249,162.68470078289192,4.8,14.124622148065166,12526919.507146664,1903773.0716048155,15.197455930954968,6.580048690670312
Bakery/Food Processing,Abuja,2292.311132858469,229231.11328584692,16.554982259418352,528.8181337753037,5.5,17.811275313585618,12030842.362799775,2750773.359430163,22.864345458766472,4.373621811319281
Retail Store/Trading,Enugu,391.03696910523144,39103.69691052314,11.414872130171858,591.7443108774813,5.1,3.276663056018363,2153885.4138910775,469244.3629262777,21.785948309969264,4.590114626969896
Salon/Personal Services,Abuja,651.8081096014937,65180.81096014937,6.326009054706718,85.86252519327063,5.5,5.064554076157681,4247237.9110200135,782169.7315217925,18.415962277327367,5.430071939445382
Salon/Personal Services,Kaduna,451.5553949280163,45155.53949280163,16.910642470338722,346.28598887399284,6.0,3.2162065165813125,2157309.5279681417,541866.4739136195,25.117697154194445,3.981256696667387
Retail Store/Trading,Ibadan,598.2500064274323,59825.00064274322,7.265684399479567,411.22905759836175,5.3,4.823818790738851,3477043.6483090566,717900.0077129187,20.646850610059072,4.843353685684167
Agro-processing Unit,Kano,3555.2579015005635,355525.79015005636,10.565040090090747,476.5865180089301,6.2,24.50549973463305,14516486.227532625,4266309.481800676,29.389408806857137,3.402586307781326
Retail Store/Trading,Kano,971.5813231206492,97158.13231206492,8.445197509532269,337.8312971571077,6.2,6.69686602647263,5340087.762218371,1165897.587744779,21.83292933860779,4.580237422523378
Small Manufacturing Plant,Enugu,3504.9828532960146,350498.28532960144,15.514253028406072,367.6763512346366,5.1,29.36972392572494,20934601.978591893,4205979.423955217,20.09104079579028,4.97734293690515
Agro-processing Unit,Abuja,3086.4560438757594,308645.60438757594,15.574969915390728,267.7837599643502,5.5,23.98178744270209,19751731.568417426,3703747.252650911,18.751506620174606,5.332904818027302
Other,Kano,1855.6531162919734,185565.31162919736,12.396346406953679,136.8751525594414,6.2,12.790550842927855,10389676.092731755,2226783.7395503684,21.43265795464159,4.6657768817863
Welding Shop/Technical Services,Lagos,2391.798236337605,239179.8236337605,15.519136205259052,224.21892238713966,5.0,20.442719968697478,11979472.892220294,2870157.8836051263,23.95896638715267,4.17380275860407
Other,Enugu,1757.2047368978801,175720.47368978802,16.8737190571892,202.2974680577949,5.1,14.72435676971577,11577087.650259672,2108645.6842774563,18.21395629003603,5.49029537611799
Agro-processing Unit,Enugu,3958.803681788055,395880.3681788055,7.6885383365851006,161.1086176213695,5.1,33.17247931781511,27202154.979265027,4750564.418145666,17.46392674318195,5.7260890675140255
Agro-processing Unit,Kano,1960.5620980950653,196056.20980950652,16.727876520094444,409.86090377872904,6.2,13.513662104322202,8627701.57367813,2352674.517714078,27.26884440337793,3.6671887712121936
Retail Store/Trading,Kaduna,321.6834265778183,32168.342657781828,11.283881020420187,388.4139137883911,6.0,2.2911924969930078,1303788.530254228,386020.1118933819,29.607570778223614,3.37751451306333
Small Manufacturing Plant,Enugu,2792.1242974628417,279212.42974628415,16.588996420888066,491.9819444928443,5.1,23.396382583063865,11722824.459115209,3350549.15695541,28.58141541435566,3.498777039214536
Salon/Personal Services,Kano,478.38440282481486,47838.44028248148,17.605519383110046,279.76853860130484,6.2,3.297383532015542,2243412.6781017687,574061.2833897778,25.588750968257497,3.907967220598171
Other,Kaduna,1972.9875423620463,197298.75423620464,14.015039985643526,399.0692002896678,6.0,14.052617823091497,9007349.905411167,2367585.0508344555,26.285034729383927,3.8044461812413144
Salon/Personal Services,Abuja,257.87068194226026,25787.068194226027,16.583133099655726,285.1193283563383,5.5,2.003657202348564,1446568.2352536123,309444.8183307123,21.391650306524287,4.674721144328952
Bakery/Food Processing,Enugu,1075.796789830215,107579.6789830215,6.151290239709109,357.8656260011104,5.1,9.014553291689417,5185319.225912353,1290956.1477962579,24.89636783295854,4.016650166439824
Other,Lagos,1196.5793576085498,119657.93576085498,14.632243468429902,539.6419291597912,5.0,10.227173996654273,8630366.652292788,1435895.2291302597,16.63770830349128,6.0104431557449445
Retail Store/Trading,Abuja,263.52526771442365,26352.526771442364,14.777957884084348,153.07656925367021,5.5,2.047593377734449,1234907.8379058773,316230.32125730836,25.60760500099854,3.9050899135667163
Welding Shop/Technical Services,Lagos,2716.354106314328,271635.4106314328,15.828762166339873,347.4365652420494,5.0,23.216701763370324,13711130.32637224,3259624.9275771934,23.773568261601095,4.2063521512468665
Agro-processing Unit,Kano,3275.6069965582788,327560.6996558279,9.772201358204981,309.142344413048,6.2,22.577936287277904,15630380.679520031,3930728.395869935,25.1480016799606,3.9764590949461343
Other,Port Harcourt,1696.7827261078019,169678.2726107802,11.511182366078566,246.78904592899298,4.8,15.106683815062338,10567735.782141132,2036139.2713293624,19.267507376275635,5.19008494700936
Retail Store/Trading,Kaduna,595.36995780024,59536.99578002399,15.93899102924662,234.36442605398,6.0,4.2405267649589735,2485093.250243691,714443.949360288,28.749180711437244,3.4783599923672663
Bakery/Food Processing,Kano,1095.3947083307644,109539.47083307644,14.54416824396937,504.288016989445,6.2,7.550280592299175,4596190.2036724,1314473.6499969172,28.599200462736295,3.4966012469578063
Bakery/Food Processing,Enugu,971.0837134900066,97108.37134900066,8.878489353071338,128.08459436854665,5.1,8.137118430450869,4620923.86693512,1165300.456188008,25.217910741319066,3.965435559899572
Retail Store/Trading,Kaduna,478.3531292657333,47835.31292657333,11.404211746864952,461.85448532981854,6.0,3.4070735702687553,2682675.459076553,574023.75511888,21.397435652409253,4.6734572134927985
Agro-processing Unit,Kaduna,3127.868962204185,312786.8962204185,13.451142809741174,243.80622063530993,6.0,22.27826896156827,18001634.70583693,3753442.754645022,20.85056616234963,4.796032837735237
Agro-processing Unit,Kano,3603.6188827119,360361.88827119,11.655446008777975,588.507715908335,6.2,24.838839831209675,17012901.314722817,4324342.65925428,25.418020002925847,3.934216748137309
Welding Shop/Technical Services,Kaduna,2268.284276591474,226828.4276591474,7.515176898774033,421.8976591414887,6.0,16.155870915893686,12692614.562432438,2721941.1319097686,21.445078305349014,4.663074602765947
Other,Enugu,852.6768262338883,85267.68262338883,14.235926360233169,88.30263148932316,5.1,7.144937374173691,5675753.601819253,1023212.1914806659,18.027776807518478,5.5469956760444825
Welding Shop/Technical Services,Kaduna,1349.7628743519188,134976.2874351919,16.268847106869437,174.94875636293318,6.0,9.613695686267228,5338583.380714604,1619715.4492223025,30.339798664069818,3.296000777962509
Other,Kano,1722.969912912998,172296.9912912998,9.351313061452926,403.5850505322892,6.2,11.875998848311262,10527731.068235075,2067563.8954955977,19.63921648543987,5.091852827944437
Agro-processing Unit,Kano,3235.3764337745774,323537.64337745775,12.151857037740635,217.92087218320222,6.2,22.300637122791407,18474132.768762253,3882451.720529493,21.0156101459566,4.758367675527136
Agro-processing Unit,Kaduna,2031.6109409277403,203161.09409277403,6.398272254749115,217.1705206823981,6.0,14.470163396921226,8418645.33664924,2437933.1291132886,28.95873423364365,3.453189603978688
Salon/Personal Services,Kano,574.5558138453339,57455.58138453339,17.259657821381793,529.1624652446786,6.2,3.96026891263671,2275039.8977923803,689466.9766144007,30.305709244195477,3.299708289095832
Bakery/Food Processing,Ibadan,2102.3101201100144,210231.01201100144,15.461368119039584,415.7416969117974,5.3,16.951379778342318,9327741.810011586,2522772.144132017,27.04590452347527,3.6974174745459942
Agro-processing Unit,Port Harcourt,2150.7171439150075,215071.71439150075,16.88634036846996,418.9027715482087,4.8,19.14812272004102,10633937.23897072,2580860.572698009,24.27003766055531,4.120306750183755
Small Manufacturing Plant,Ibadan,4461.54220843154,446154.22084315395,7.331873630561773,295.880549093534,5.3,35.974376781418634,28753050.17139825,5353850.650117847,18.62011375559566,5.370536470001333
Other,Enugu,1082.6090610432748,108260.90610432747,16.374763314272037,350.65652110328364,5.1,9.07163617431938,6240031.105873865,1299130.8732519296,20.819301237601717,4.803235173877503
Small Manufacturing Plant,Enugu,3831.401921396434,383140.19213964336,17.721603942127913,110.89632632947362,5.1,32.10492644039244,26106880.8295894,4597682.305675721,17.61099817204027,5.678269852912875
Retail Store/Trading,Enugu,538.0387426495556,53803.874264955564,6.5042961020568635,456.9472664218117,5.1,4.5084526784779255,3600008.2901431406,645646.4911794667,17.934583454911852,5.575819491509428
Small Manufacturing Plant,Lagos,5713.267932697027,571326.7932697027,9.360447954605874,522.0879222395165,5.0,48.831349852111344,36225296.901338816,6855921.519236432,18.925784205189082,5.283796904573282
Welding Shop/Technical Services,Kaduna,1584.4364609237955,158443.64609237955,16.92924193972698,464.67904697823116,6.0,11.28515997808971,8740882.77258844,1901323.7531085545,21.752079310240138,4.597261649047197
Other,Kaduna,1668.3415206304458,166834.15206304457,6.216078667205454,579.5456963907143,6.0,11.882774363464712,6028633.954162472,2002009.8247565348,33.208349353741184,3.011290893587706
Retail Store/Trading,Kaduna,781.3367936562586,78133.67936562585,9.6570131446336,506.1670656723658,6.0,5.5650768778935795,3476565.0682582688,937604.1523875103,26.969268055645585,3.707924137713727
Salon/Personal Services,Ibadan,332.98877896970447,33298.87789697044,16.473046074793537,111.91921472656536,5.3,2.684960320671702,2027491.0575181989,399586.5347636453,19.708424028896545,5.073972421812101
Retail Store/Trading,Kaduna,762.9487819686366,76294.87819686366,12.488381719738925,103.09395860749245,6.0,5.434108133679747,2737366.6619392573,915538.5383623639,33.445959253180966,2.989897800299725
Salon/Personal Services,Abuja,307.23098836824533,30723.098836824534,6.1488484353277775,307.82238100547823,5.5,2.387187166808433,1225082.438108077,368677.1860418944,30.094071596622594,3.3229136070515235
Salon/Personal Services,Port Harcourt,345.82241949400026,34582.24194940003,13.180289811573106,213.48079423973945,4.8,3.0789033074608283,2588603.944456092,414986.90339280036,16.031301516076297,6.237796719107261
Other,Port Harcourt,809.862489561874,80986.2489561874,14.91831838477924,76.4785597880944,4.8,7.210314187694746,5577970.759845085,971834.9874742487,17.422733630486782,5.739627438544846
Retail Store/Trading,Ibadan,922.3159961535898,92231.59961535898,16.227166492694177,417.2925757745236,5.3,7.4368327378938055,4507820.496513109,1106779.1953843078,24.552423865156655,4.072917629200515
Agro-processing Unit,Enugu,2983.0539252684607,298305.3925268461,16.70762997767583,151.93159874079294,5.1,24.996262152408754,19376730.877293546,3579664.710322153,18.474038438119365,5.413001620352799
Retail Store/Trading,Ibadan,263.1753297526629,26317.532975266287,8.874122038914457,487.01805328510466,5.3,2.122039427130002,1733669.4320472537,315810.3957031955,18.216298324546315,5.489589499379839
Bakery/Food Processing,Lagos,858.9394534350216,85893.94534350216,12.993682021001876,597.4906339052204,5.0,7.34136284987198,4571596.685967032,1030727.3441220259,22.546331510081487,4.435311347892027
Other,Ibadan,1754.683359523817,175468.3359523817,12.257348268523074,85.00250010765329,5.3,14.148390255795976,7278143.480159566,2105620.03142858,28.930729892431533,3.456532219263526
Welding Shop/Technical Services,Enugu,2662.7470287714195,266274.70287714194,13.187742098126527,113.21314838276176,5.1,22.312276091598957,19481108.19080457,3195296.434525703,16.40202602043933,6.096807789195392
Other,Kaduna,459.55738419970555,45955.738419970556,16.915521833239108,418.06014461594316,6.0,3.273200742163145,2088537.5322371772,551468.8610396467,26.40454636450465,3.787226586646796
Retail Store/Trading,Port Harcourt,863.4294394534044,86342.94394534043,16.547746803387206,364.4747936265772,4.8,7.687227915361506,4171033.790960397,1036115.3273440852,24.840732040809375,4.025646258560975
Salon/Personal Services,Port Harcourt,486.3401286407768,48634.01286407768,11.165128923851881,224.3206232851156,4.8,4.329951287756203,3016862.1613503,583608.1543689321,19.344873022230434,5.169328322035693
Welding Shop/Technical Services,Port Harcourt,1869.1919217174236,186919.19217174235,15.286555868761877,381.05788705832236,4.8,16.641665969706406,13436266.730420846,2243030.3060609084,16.69385068832027,5.990229687987101
Bakery/Food Processing,Kaduna,2317.289592923238,231728.95929232382,11.320560172550252,383.8992682953147,6.0,16.504911630507394,9715763.551614532,2780747.511507886,28.620987910371603,3.4939394933940155
Small Manufacturing Plant,Enugu,4709.57643582196,470957.64358219603,13.100365947675906,436.44857519703396,5.1,39.46351965662779,23985770.18459533,5651491.722986353,23.561852212758954,4.244148511628857
Salon/Personal Services,Kano,304.33175444362405,30433.175444362405,12.148365330549488,107.32364154459123,6.2,2.097682343835291,1252496.7488742871,365198.10533234884,29.157609044540816,3.429636492047108
Welding Shop/Technical Services,Abuja,1769.0226552896252,176902.2655289625,11.852004823455173,408.72334275000986,5.5,13.745319776920162,12325005.178590504,2122827.1863475502,17.223742753756135,5.805939012773058
Salon/Personal Services,Abuja,767.8451841810323,76784.51841810324,13.207812798580271,458.9766538971079,5.5,5.966163047249667,3454178.668253744,921414.2210172389,26.675349178826895,3.748779419141523
Retail Store/Trading,Kano,605.0128475961621,60501.28475961622,13.609248376515975,89.01271887357538,6.2,4.1702015963341745,3045114.929172976,726015.4171153946,23.841970960109986,4.194284112136118
Agro-processing Unit,Lagos,2135.9789521046177,213597.89521046178,10.342237118461664,309.8713452535825,5.0,18.25623035986853,15884852.956706563,2563174.742525541,16.13596770150379,6.197335161415853
Bakery/Food Processing,Enugu,877.6028673540524,87760.28673540524,7.680289170639812,202.24786928521817,5.1,7.353803145249308,4109000.952720552,1053123.440824863,25.62967137127565,3.9017277495049973
Welding Shop/Technical Services,Enugu,2943.065381802101,294306.5381802101,9.97616408523661,315.1225819616454,5.1,24.661181345752478,21907555.246436402,3531678.458162521,16.12082415602719,6.203156800926484
Salon/Personal Services,Abuja,277.4635132799554,27746.35132799554,13.329360852909218,204.37576853378587,5.5,2.1558936540789073,1895010.8898465578,332956.2159359465,17.57014789307657,5.691471728556395
Agro-processing Unit,Lagos,2017.481446096067,201748.1446096067,12.19887154135175,53.02818953823145,5.0,17.243431163214247,14722938.04870584,2420977.7353152805,16.44357754754043,6.081401672530662
Salon/Personal Services,Abuja,154.98162122199648,15498.162122199648,8.628825709222294,70.19674937545163,5.5,1.2042084011033136,705452.5067504932,185977.9454663958,26.362929281102275,3.7932051834498886
Retail Store/Trading,Ibadan,286.4206033045531,28642.060330455308,10.06632779206502,491.42212376889705,5.3,2.3094710797012827,1740468.2657689385,343704.7239654637,19.74783055372831,5.0638473794844465
Retail Store/Trading,Kano,657.6389146954407,65763.89146954406,12.152012711476997,211.4188527644669,6.2,4.5329398586672225,3646100.043696019,789166.6976345287,21.644131762071936,4.620189947985572
Salon/Personal Services,Kano,755.6399176313306,75563.99176313306,10.7641804948463,97.90102173767431,6.2,5.208436156819207,4658483.483550331,906767.9011575967,19.464873157960184,5.137459627323843
Salon/Personal Services,Ibadan,551.0932354765708,55109.323547657084,7.366060721719217,239.87272854093064,5.3,4.443583579072495,2542483.122765958,661311.882571885,26.010472858220833,3.8446052305578955
Welding Shop/Technical Services,Ibadan,2014.8238774356178,201482.38774356176,16.49067029622211,321.4506191870653,5.3,16.245959340716155,13100909.917368481,2417788.652922741,18.455120050229237,5.4185505013151
Retail Store/Trading,Port Harcourt,761.8070128253314,76180.70128253315,17.913802067988843,122.3190159438899,4.8,6.782469843530372,4310398.408958566,914168.4153903978,21.208443597474083,4.715103187105628
Agro-processing Unit,Kano,2186.828813798799,218682.8813798799,10.734912907171758,282.0054981963573,6.2,15.073261743857174,8595536.345790595,2624194.5765585587,30.529736260654396,3.2754950500137907
Other,Abuja,998.7358279514278,99873.58279514278,16.891332030678658,442.71795445677105,5.5,7.760185143367736,5188077.803270067,1198482.9935417133,23.100713578086754,4.32887060661449
Agro-processing Unit,Port Harcourt,3019.7630352267597,301976.303522676,9.712472614353384,503.08471132171206,4.8,26.8853546583579,21979701.34464159,3623715.642272112,16.48664640821216,6.065514933964316
Retail Store/Trading,Enugu,964.0484091879912,96404.84091879912,15.854379390602718,50.8608078553101,5.1,8.078166659862504,5541137.004381534,1156858.0910255895,20.877630170682103,4.7898156631027655
Salon/Personal Services,Kano,563.6608906192146,56366.089061921455,6.613624577305209,191.68397118354702,6.2,3.8851729433361903,2777934.553798924,676393.0687430574,24.348776245216644,4.106982584787815
Bakery/Food Processing,Port Harcourt,901.1919905912118,90119.19905912118,13.245545435392653,427.6244524209337,4.8,8.023432964665346,7205554.409091304,1081430.388709454,15.00828843017277,6.662984954297606
Salon/Personal Services,Port Harcourt,224.41696474283833,22441.69647428383,10.606066596539755,300.9300799255481,4.8,1.9980142872403697,1317977.5766946785,269300.357691406,20.432848210269047,4.894080304954375
Retail Store/Trading,Ibadan,495.2424174087333,49524.24174087333,7.452300005822316,280.4212846031115,5.3,3.9932463909751106,2979601.9325859677,594290.90089048,19.945311969062278,5.0137094949987615
Small Manufacturing Plant,Port Harcourt,5129.123167329463,512912.3167329463,6.852091974399066,94.09900774504689,4.8,45.66527036440049,29504225.26851847,6154947.800795356,20.861241889183898,4.793578471080757
Other,Ibadan,903.1111961211732,90311.11961211731,17.3007085394271,417.7149556976027,5.3,7.281980294478093,4785093.081846835,1083733.4353454078,22.64811607232381,4.4153782893315725
Salon/Personal Services,Enugu,591.1354718371672,59113.54718371672,10.34303989005438,376.51343516469615,5.1,4.953372480619802,3854993.3461155444,709362.5662046006,18.401135942799606,5.434447107550997
Bakery/Food Processing,Port Harcourt,817.2230128471638,81722.30128471638,13.633152556914506,552.3078211669301,4.8,7.2758459121008165,6367491.404463429,980667.6154165965,15.40116119715806,6.493016904365156
Agro-processing Unit,Lagos,3031.4336708620476,303143.36708620476,16.48438312159614,448.18518050635157,5.0,25.909689494547415,18575785.54801157,3637720.4050344573,19.58313092941501,5.10643575638838
Agro-processing Unit,Kano,1801.3960410092257,180139.60410092256,16.829439687430103,86.54411439567619,6.2,12.416570450849363,10024641.96631275,2161675.2492110706,21.563615503429048,4.637441248388889
Bakery/Food Processing,Port Harcourt,1707.7447033311983,170774.47033311983,7.705645485521492,56.43863590199724,4.8,15.204279766125339,8144668.473953242,2049293.6439974378,25.161167094168484,3.974378439034199
Bakery/Food Processing,Enugu,1517.4582422169863,151745.82422169863,9.540488491849874,317.30027158868165,5.1,12.715420162703085,7431695.3480230365,1820949.8906603835,24.502483018828116,4.081219030869579
Other,Lagos,1281.2398074487364,128123.98074487364,6.524868867707369,117.6518123180601,5.0,10.950767585031935,7674874.551236172,1537487.7689384837,20.032741365014815,4.991828036807785
Welding Shop/Technical Services,Abuja,2117.284792900851,211728.4792900851,10.118008238071898,451.0454181521964,5.5,16.4513192921589,8357347.348080816,2540741.751481021,30.40129416260864,3.28933365353218
Salon/Personal Services,Kaduna,573.9895715847608,57398.957158476085,16.147252355878884,430.8710546680739,6.0,4.088244811857271,2457615.62795996,688787.485901713,28.026656327599447,3.568031763443872
Salon/Personal Services,Lagos,429.45520030359626,42945.52003035963,14.075599468733188,201.4596458404802,5.0,3.6705572675521045,2594939.059619197,515346.24036431557,19.859666393859044,5.035331310042638
Small Manufacturing Plant,Kaduna,3572.0972457237444,357209.7245723744,15.46782191904952,295.5307340208702,6.0,25.442288074955442,12873402.88387105,4286516.694868493,33.29746403135587,3.0032317147585488
Welding Shop/Technical Services,Lagos,2596.760681036705,259676.06810367052,15.86906848401934,521.6592857137061,5.0,22.194535735356453,13445860.668998115,3116112.8172440464,23.17525738184104,4.314946684404677
Bakery/Food Processing,Ibadan,2358.2799009300525,235827.99009300524,11.171822646159555,225.37675007662637,5.3,19.015319310837384,13417443.72259672,2829935.881116063,21.09146823809727,4.741253613599607
Bakery/Food Processing,Abuja,1789.7378692099935,178973.78692099935,10.45406908125153,380.5907917401281,5.5,13.906277150038798,10141287.491324807,2147685.443051992,21.17764085565263,4.721961274232701
Salon/Personal Services,Abuja,608.6308107184859,60863.08107184859,14.260860221905642,256.00408786106675,5.5,4.729066128348763,4115709.454130128,730356.9728621831,17.745591155110997,5.635202520215761
Other,Enugu,583.6623428878797,58366.23428878797,11.16635206154649,128.4267792450498,5.1,4.890751993362492,3707866.1540095136,700394.8114654557,18.889430803970132,5.2939657651824135
Salon/Personal Services,Enugu,728.5630728694754,72856.30728694754,10.150529528854289,134.9528609728281,5.1,6.10493608906884,4065242.2718521347,874275.6874433705,21.50611523197234,4.649840239455878
Small Manufacturing Plant,Port Harcourt,2589.067159670128,258906.7159670128,13.74986863543781,400.2962746001088,4.8,23.050811606749715,20103545.688259732,3106880.5916041536,15.454391179455177,6.470652828623778
Salon/Personal Services,Ibadan,371.3927082778396,37139.270827783956,6.860542666171812,275.2958921923776,5.3,2.994619482969195,2437480.0910462276,445671.24993340747,18.28409805563229,5.46923341232004
Agro-processing Unit,Kaduna,2278.043737658484,227804.3737658484,14.125447676820112,383.1785871989797,6.0,16.2253827468553,9410779.892563617,2733652.485190181,29.048097143896744,3.442566289441471
Welding Shop/Technical Services,Kaduna,1729.18745639508,172918.745639508,8.61471065105988,593.4197813855756,6.0,12.316149974323931,6802664.645308665,2075024.947674096,30.50311981945339,3.2783531845888403
Agro-processing Unit,Kaduna,2635.004052990287,263500.40529902873,14.259290829362845,127.30413216809843,6.0,18.767835135258455,14457326.112472808,3162004.863588345,21.87129790798853,4.572202364061568
Agro-processing Unit,Enugu,2713.9742491484944,271397.42491484946,6.330440638433586,328.0003148507475,5.1,22.7415304939542,16463805.280185336,3256769.0989781935,19.781387374022266,5.055257152050119
Other,Kaduna,1938.829592100094,193882.9592100094,10.610480555829604,71.44780691620137,6.0,13.809327579060499,11266608.434892118,2326595.5105201127,20.650362741947824,4.842529947276248
Welding Shop/Technical Services,Ibadan,1061.911581838687,106191.1581838687,10.655841119362433,138.01371505475674,5.3,8.562422043530777,6811595.28043163,1274293.8982064244,18.7077159717228,5.345387975269275
Bakery/Food Processing,Port Harcourt,839.6985637579161,83969.85637579161,15.074563367402122,302.1876548850399,4.8,7.475948751405947,5607594.130065648,1007638.2765094994,17.969172752838,5.565086460878189
Bakery/Food Processing,Port Harcourt,1291.7161123535127,129171.61123535127,16.800998196197767,113.87642811028908,4.8,11.50032151311888,10287645.599975707,1550059.3348242152,15.067192194372204,6.636936644197804
Agro-processing Unit,Kano,3889.797072388298,388979.7072388298,9.767600608528234,538.6220197697746,6.2,26.811394212767425,19128210.947133448,4667756.486865958,24.402472869871126,4.097945340755464
Welding Shop/Technical Services,Port Harcourt,2205.885752958923,220588.5752958923,15.920488316897849,591.2072397657554,4.8,19.639296233608643,10708175.099869795,2647062.9035507077,24.720018853472936,4.045304358089149
Retail Store/Trading,Lagos,430.7243502549966,43072.43502549966,17.533625824891118,264.2150421963312,5.0,3.681404703034159,3060386.4302820587,516869.2203059959,16.889018170766068,5.9210073071680585
Other,Kaduna,955.370238052768,95537.0238052768,10.084645251054068,347.77418404117185,6.0,6.804631325162164,4087823.3740870934,1146444.2856633216,28.04534787218759,3.5656537567561934
Agro-processing Unit,Enugu,1885.3626079462178,188536.26079462178,12.644537824296133,347.9376468255022,5.1,15.798245416006518,12811126.74750993,2262435.1295354613,17.659923081903827,5.662538819462372
Agro-processing Unit,Lagos,3404.754531512175,340475.45315121755,16.003799543251027,292.2427426718332,5.0,29.10046608130064,25691138.07397898,4085705.4378146105,15.903170291832177,6.28805440455855
Small Manufacturing Plant,Abuja,3558.1663727302284,355816.63727302285,9.112018767805134,157.04311018767956,5.5,27.646980363094233,21529206.938212838,4269799.647276274,19.832591416536008,5.042205423373067
Salon/Personal Services,Ibadan,187.47092842936618,18747.092842936618,10.10937574601656,198.6362306719308,5.3,1.5116185166051135,1116197.349401295,224965.1141152394,20.154600280667754,4.961646403670916
Salon/Personal Services,Enugu,778.1713008131647,77817.13008131647,12.692505915000527,241.00237146677915,5.1,6.520624273614586,4461114.245744596,933805.5609757977,20.932114927712146,4.7773481248953695
Other,Lagos,1286.7949216892832,128679.49216892832,7.6703604161483465,294.2240620612116,5.0,10.998247193925497,7102271.511411834,1544153.9060271399,21.741690718892038,4.599458307679212
Salon/Personal Services,Port Harcourt,557.0523089236915,55705.23089236915,11.866773981509416,270.9783403598783,4.8,4.959511297397538,3180048.0688906997,668462.7707084299,21.02052409986402,4.757255315087358
Other,Lagos,1989.5422611294869,198954.22611294867,16.563777145787125,392.87327698769207,5.0,17.004634710508434,12830831.515386006,2387450.713355384,18.607139455400752,5.374281212847837
Salon/Personal Services,Kano,520.0952847684838,52009.528476848376,13.447925757895009,160.72165930233828,6.2,3.5848861646573185,2869734.5234443014,624114.3417221805,21.748156027098577,4.59809097724875
Salon/Personal Services,Kano,406.8395331218071,40683.95331218071,6.473514394690792,311.55032061775466,6.2,2.804242715204074,2163211.9772993512,488207.43974616856,22.568636123939555,4.430927923638484
Bakery/Food Processing,Kano,1723.1417927280274,172314.17927280275,8.732996833238515,580.2158659410326,6.2,11.877183572704903,6881213.064174412,2067770.151273633,30.049500458560765,3.327842342600778
Other,Port Harcourt,1846.0728385933114,184607.28385933113,14.66571882547087,343.3626458209494,4.8,16.435833676934752,11465553.291017946,2215287.4063119735,19.32124294470305,5.175650463388803
Salon/Personal Services,Abuja,715.4799537709952,71547.99537709952,7.5678281258815545,484.78038685118673,5.5,5.559284800085432,4540023.44821305,858575.9445251942,18.911266743856338,5.287853074807207
Other,Abuja,512.1953837436421,51219.53837436421,15.530527950592866,201.6721625382463,5.5,3.97976211145021,2747156.6823807666,614634.4604923705,22.373476709006283,4.469578032087687
Agro-processing Unit,Kano,3692.7264525454725,369272.64525454724,17.328505125904776,131.8377831728136,6.2,25.453035928766695,18189994.612111405,4431271.743054567,24.361039338099104,4.104915172630029
Other,Kano,1086.5485286111689,108654.85286111689,17.771848537952224,315.87408978523064,6.2,7.489306097402597,6054762.611698371,1303858.2343334027,21.534423691760036,4.643727709242767
Agro-processing Unit,Ibadan,3658.868806286363,365886.8806286363,13.064778265575839,256.431449355781,5.3,29.502248075200473,22554649.2811827,4390642.567543635,19.466685173449978,5.136981417688254
Bakery/Food Processing,Kano,1285.8320443939792,128583.20443939793,8.438677093033046,468.9890052577335,6.2,8.862917317300656,5882654.733865378,1542998.4532727753,26.229628000943393,3.812482586348664
Retail Store/Trading,Abuja,509.2324054584223,50923.24054584223,12.135305546409015,320.7790140006501,5.5,3.956739747151688,3395535.8993706526,611078.8865501068,17.996537355513382,5.556624478617505
Small Manufacturing Plant,Kano,4520.476602315959,452047.6602315959,16.386925747494626,589.4066389708862,6.2,31.158509803666657,17605393.94291507,5424571.922779151,30.811988305221416,3.24549000244343
Welding Shop/Technical Services,Kaduna,1815.168417147634,181516.8417147634,15.930227065275638,470.4902870600947,6.0,12.928549979684002,11612508.654321013,2178202.1005771607,18.757377629739395,5.331235632930495
Bakery/Food Processing,Abuja,1774.9992174744746,177499.92174744746,17.472565723343198,160.26098354062154,5.5,13.791757711534377,7551553.242061344,2129999.0609693695,28.206105322882486,3.5453317235851776
Bakery/Food Processing,Kano,985.7491575263564,98574.91575263564,16.247543603465065,291.5323991485616,6.2,6.794521350471163,3437891.8343782527,1182898.9890316278,34.40768488417428,2.9063274770339094
Agro-processing Unit,Enugu,3617.422135517651,361742.2135517651,16.71708246234498,84.3516764904893,5.1,30.31189991216399,25947215.49670421,4340906.562621181,16.72975877959837,5.977372496365468
Other,Port Harcourt,1801.8900970763032,180189.00970763032,11.379828664433067,330.73786895232774,4.8,16.042468813001275,9593098.013939077,2162268.1164915636,22.539831380329055,4.436590421313973
Salon/Personal Services,Enugu,557.2851322105867,55728.51322105867,17.116591280761043,60.513851936370216,5.1,4.669726262867326,3697862.1371506453,668742.158652704,18.084561669678614,5.529578312515281
Other,Port Harcourt,1110.633896140289,111063.38961402889,14.252664509166728,447.4888267340257,4.8,9.888122294696304,8151828.831431063,1332760.6753683467,16.349223013977088,6.116498619812646
Bakery/Food Processing,Kaduna,1977.3051336130836,197730.51336130837,7.613221552897462,214.6675736044247,6.0,14.083369897529085,11880654.181504088,2372766.1603357005,19.97167937123904,5.007090197132281
Bakery/Food Processing,Ibadan,1409.8163932089228,140981.63932089228,15.65324649215406,203.31792982800417,5.3,11.367653549499458,10192666.667834116,1691779.6718507074,16.59800842099157,6.024819211052429
Salon/Personal Services,Enugu,286.95822651368206,28695.822651368206,17.489376228457154,54.8748068124079,5.1,2.4045435437714264,1485084.286441354,344349.8718164185,23.187227483334958,4.312719149879892
Retail Store/Trading,Kano,998.2566845455825,99825.66845455825,14.121855586288747,505.6581146970144,6.2,6.880732592677022,5395164.100950808,1197908.021454699,22.203365811312164,4.503821666040021
Bakery/Food Processing,Abuja,1300.8529737885283,130085.29737885283,6.17178333200472,455.82823520884153,5.5,10.107637713974578,5520386.840885937,1561023.568546234,28.277430794971494,3.536389169336514
Other,Ibadan,1718.0458149011488,171804.58149011488,14.885713583442229,128.56765801546123,5.3,13.852973834068285,9180694.304483062,2061654.9778813785,22.456416797089556,4.4530701805000525
Retail Store/Trading,Port Harcourt,802.7423378055753,80274.23378055752,15.227073385291693,412.1972836185302,4.8,7.1469225231977855,5997616.459186859,963290.8053666903,16.061227187863402,6.226174303515522
Other,Ibadan,1602.3970857524967,160239.70857524968,16.151057276132786,387.4822628306021,5.3,12.920473195875637,8360362.969679707,1922876.5029029963,22.99991650932667,4.347841869749793
Bakery/Food Processing,Kaduna,950.6280137484544,95062.80137484544,11.85153371600653,92.70713406938279,6.0,6.770854798778164,4986315.796923149,1140753.6164981453,22.87768490720258,4.37107165369329
Other,Kaduna,992.8231527551325,99282.31527551325,10.885277869507531,86.30541427713287,6.0,7.071389976888407,4960646.380674977,1191387.783306159,24.016785150165276,4.163754614730849
Small Manufacturing Plant,Kano,3720.8718688931776,372087.18688931776,7.331977185495778,494.5293655050722,6.2,25.647035214317462,19450214.273227893,4465046.242671813,22.956283051429892,4.3561058981528475
Small Manufacturing Plant,Port Harcourt,5816.908090875648,581690.8090875648,6.867797703095263,575.3133640104357,4.8,51.788711635288884,46048334.61108036,6980289.709050778,15.158614894557227,6.596908800414574
Salon/Personal Services,Port Harcourt,489.67478956888436,48967.47895688844,9.594788135446487,92.27414140188992,4.8,4.359640220520694,2277014.847479311,587609.7474826613,25.80614474838203,3.875046078173676
Agro-processing Unit,Abuja,2751.5606701760444,275156.0670176044,15.534186533888985,438.897562496684,5.5,21.379647786915648,15598261.928429209,3301872.8042112533,21.168209761840828,4.724065054394274
Welding Shop/Technical Services,Kaduna,1100.4520229279476,110045.20229279475,6.874822024414842,271.5803054479504,6.0,7.837977371281678,6624748.702652272,1320542.427513537,19.93347199698076,5.016687510090895
Small Manufacturing Plant,Ibadan,3533.5167291678017,353351.67291678017,8.788611876672574,204.5524743997925,5.3,28.491507250183854,19731881.23384932,4240220.075001362,21.489183037081226,4.653504036307121
Retail Store/Trading,Lagos,842.7861946375077,84278.61946375077,17.15073664358225,272.8064819901615,5.0,7.203300808867588,3827912.3812382044,1011343.4335650093,26.420234656412717,3.7849777377252787
Bakery/Food Processing,Enugu,2340.388703625245,234038.8703625245,9.857948414974583,312.0403424890854,5.1,19.611100248242373,14202667.49745325,2808466.444350294,19.774218081595542,5.057089973791327
Small Manufacturing Plant,Lagos,3291.1014923559987,329110.14923559985,13.685712506110129,588.4396133461449,5.0,28.129072584239307,17800908.523445256,3949321.790827198,22.186068680851974,4.507333022290088
Other,Kaduna,1325.9382632737436,132593.82632737435,10.293769009362586,406.2995952947906,6.0,9.444004724171963,5307310.743167223,1591125.9159284923,29.97988987128653,3.3355692909257737
Agro-processing Unit,Ibadan,1807.301696163469,180730.1696163469,16.663908963184785,326.69617292891,5.3,14.572663249181332,12235409.244195718,2168762.0353961624,17.7252921591077,5.641655951415023
Small Manufacturing Plant,Ibadan,4072.7240971387473,407272.40971387475,13.03037746144223,393.63112453417136,5.3,32.839252516842016,23271201.506331913,4887268.916566497,21.001360480835977,4.76159628283374
Retail Store/Trading,Kano,257.42064498121044,25742.064498121043,14.19140665468083,183.06242417354127,6.2,1.7743358490571437,1549546.2427540182,308904.77397745254,19.935176211871816,5.016258644377967
Salon/Personal Services,Port Harcourt,614.0692111292833,61406.92111292833,15.870417532610361,492.1771791538862,4.8,5.467140412475812,4496212.36841308,736883.0533551399,16.388973495378284,6.101663415844816
Salon/Personal Services,Kaduna,509.1256288151279,50912.56288151279,12.242038707729014,128.58177873667643,6.0,3.626250917486666,2818281.2999289897,610950.7545781535,21.67813250556455,4.6129434799944615
Other,Lagos,1618.0884556853305,161808.84556853306,9.256912565360572,323.1824825498706,5.0,13.82981586055838,6942708.644738742,1941706.1468223967,27.9675591498981,3.5755712346590083
Retail Store/Trading,Lagos,427.41927434201335,42741.92743420134,7.605940355996317,396.2567332904551,5.0,3.653156190957379,2451740.4591806126,512903.12921041605,20.91996023844349,4.780123808086181
Salon/Personal Services,Kaduna,185.3158226348875,18531.582263488748,14.9837428095144,224.67273739361417,6.0,1.3199132666302529,764222.5385671249,222378.987161865,29.09872137228684,3.4365771169326504
Salon/Personal Services,Kano,150.08755045291545,15008.755045291546,12.133549670846758,75.76854969018171,6.2,1.034515787516649,894151.82104522,180105.06054349855,20.14255927287208,4.96461242314325
Other,Lagos,769.488248295529,76948.8248295529,14.483717849468594,84.47929189202623,5.0,6.576822635004522,3747694.4783537686,923385.8979546349,24.638772004708507,4.058643830986782
Small Manufacturing Plant,Abuja,5437.684723246008,543768.4723246008,6.045839071902997,185.75312806104623,5.5,42.25085255047402,25959938.70053199,6525221.667895209,25.13573603993714,3.9783995121970603
Small Manufacturing Plant,Ibadan,5093.164196532251,509316.41965322505,9.795241796751682,106.04081343630745,5.3,41.067281055734966,29023672.848063603,6111797.035838701,21.057972462111966,4.748795268866579
Other,Kaduna,912.3976619607274,91239.76619607274,9.244719436614307,513.4915461883052,6.0,6.498558845874126,3933873.01330562,1094877.194352873,27.832042128702355,3.5929810517523246
Welding Shop/Technical Services,Kaduna,1626.6958351702863,162669.58351702863,15.467189661312087,540.529679645904,6.0,11.586152672153036,6765686.012655728,1952035.0022043437,28.85198926691121,3.4659655206057005
Small Manufacturing Plant,Ibadan,4018.3609685178535,401836.0968517854,16.919317726252704,257.52492967975604,5.3,32.40091088951664,23965000.983407855,4822033.162221424,20.121147358015776,4.969895514440553
Welding Shop/Technical Services,Kano,2928.1568329802167,292815.6832980217,7.071474294306875,427.8605965767835,6.2,20.183049579405957,10809472.376438001,3513788.19957626,32.50656532723518,3.076301633018619
Welding Shop/Technical Services,Abuja,1987.6280809138575,198762.80809138576,10.651785665467765,397.9915333117305,5.5,15.443885632586303,8081277.3015690865,2385153.697096629,29.51456320690196,3.388157883245078
Welding Shop/Technical Services,Lagos,2407.714183268662,240771.4183268662,6.052359235803709,141.8241988109593,5.0,20.57875370315096,13353514.550291834,2889257.0199223943,21.63667856159449,4.621781467766586
Small Manufacturing Plant,Port Harcourt,4995.661177220116,499566.1177220116,13.996624962938478,581.3261278207725,4.8,44.477040395478234,35059729.019631706,5994793.412664139,17.098801332170456,5.848363172209942
Welding Shop/Technical Services,Kaduna,2522.075580501566,252207.5580501566,17.409272492776054,436.39727584414385,6.0,17.96350128562369,12968259.409022555,3026490.6966018793,23.337678566918736,4.2849163301850615
Bakery/Food Processing,Kano,1306.6887546870535,130668.87546870534,7.264379067010278,480.0031248397146,6.2,9.006677382734033,6026823.461059087,1568026.5056244642,26.017462030469307,3.843572439267481
Small Manufacturing Plant,Kano,4754.522275165706,475452.2275165706,6.578232148719555,248.0277562455381,6.2,32.77172784095468,23802126.435822304,5705426.730198847,23.970239573268355,4.17183982222356
Salon/Personal Services,Kaduna,771.919880064786,77191.9880064786,12.004813748522414,288.0010248108375,6.0,5.498004843766282,3552704.034997252,926303.8560777432,26.073206407087042,3.835354901835882
Welding Shop/Technical Services,Ibadan,1915.3992103185878,191539.92103185877,8.506592688061964,252.78894397563735,5.3,15.444276812760746,13505379.663046421,2298479.0523823053,17.018988800969666,5.875789752814365
Bakery/Food Processing,Kano,1428.6825351782004,142868.25351782003,6.628260242249668,472.162195684855,6.2,9.847549870266063,5140046.395679179,1714419.0422138404,33.354155006363634,2.9981272192601196
Salon/Personal Services,Lagos,420.72788073752133,42072.788073752134,15.86615864179708,517.6914006159425,5.0,3.5959647926283873,2766579.2164130914,504873.4568850256,18.249015025118315,5.479747803503804
Salon/Personal Services,Port Harcourt,287.7961355541278,28779.613555412776,13.888241786041544,309.7549922896399,4.8,2.5622875316428755,2194632.74952447,345355.36266495334,15.73636239319697,6.354708763140284
Small Manufacturing Plant,Abuja,5580.548582725198,558054.8582725198,8.58888815011745,422.79726017052434,5.5,43.36090584868063,35623320.59180567,6696658.299270237,18.79852351779539,5.319566715191021
Agro-processing Unit,Lagos,3019.3803056318066,301938.0305631807,9.543617730861992,125.13049700814494,5.0,25.80666927890433,14803129.087205922,3623256.366758168,24.476287043187938,4.085586993793296
Small Manufacturing Plant,Kano,4780.739161670468,478073.9161670468,14.863169497587968,223.5950390698425,6.2,32.952434254690296,20376814.55094654,5736886.994004562,28.15399325375944,3.551894010155979
Agro-processing Unit,Kano,3112.0815100557847,311208.15100557846,10.74157089133804,442.26378580543974,6.2,21.450796181801657,16877897.765215673,3734497.8120669415,22.12655784515721,4.519455791533647
Other,Ibadan,638.6659673198903,63866.59673198903,16.682580031634092,208.07527805606884,5.3,5.149701397515645,2748437.9853108674,766399.1607838684,27.88489916381298,3.586170400421344
Agro-processing Unit,Kano,2419.464969390382,241946.49693903822,6.697103424964197,111.33171677670202,6.2,16.676764332715617,13754072.661904173,2903357.963268459,21.1090782682146,4.737298271832974
Welding Shop/Technical Services,Kano,2031.7238054246563,203172.38054246563,9.211112120735658,509.5141241582069,6.2,14.00416187913328,11029156.630878074,2438068.5665095877,22.105666354250367,4.52372701177463
Salon/Personal Services,Kano,159.55070262572,15955.070262571999,10.549128584063235,235.54005072300097,6.2,1.0997429185671352,870823.3576179931,191460.84315086398,21.98618600155334,4.548310470626189
Welding Shop/Technical Services,Kaduna,1038.655261835202,103865.52618352021,7.492420788006123,277.5034712052494,6.0,7.397829500250727,3995542.1765698204,1246386.3142022425,31.19442266211459,3.2057012589448983
Bakery/Food Processing,Enugu,1637.8697935606592,163786.97935606592,10.85147696705843,342.0157231266516,5.1,13.724399141617724,10802532.452874042,1965443.752272791,18.194286949352136,5.496230782683177
Agro-processing Unit,Port Harcourt,2987.829187264204,298782.9187264204,6.119085853534028,305.25233769942713,4.8,26.601043333904947,20534070.23021265,3585395.0247170446,17.460712778909755,5.727143059176075
Salon/Personal Services,Abuja,776.2745065769324,77627.45065769323,12.228387361554585,422.64824710242425,5.5,6.031658947761711,5020565.904545681,931529.4078923188,18.554271084239744,5.3895946408232325
Small Manufacturing Plant,Kano,3591.523502709091,359152.35027090914,15.28789653783315,475.1068150318633,6.2,24.755469414868287,12789625.676589835,4309828.203250909,33.69784473942525,2.967548838012291
Other,Ibadan,1186.2032810120363,118620.32810120363,17.712165879350565,119.05261811945935,5.3,9.564612812546656,4870724.2445667535,1423443.9372144435,29.22448214559224,3.4217886052459074
Small Manufacturing Plant,Lagos,2559.3168271135337,255931.68271135338,15.241898541085153,493.9355455506854,5.0,21.87450279584217,14200989.337586107,3071180.1925362404,21.626522769140262,4.623951851505871
Welding Shop/Technical Services,Lagos,1240.4144582411525,124041.44582411525,9.186993995503272,59.6537998516459,5.0,10.601832976420107,5931887.901896815,1488497.349889383,25.093146979621995,3.985151805838042
Bakery/Food Processing,Kano,1298.62463832696,129862.463832696,15.277702487024058,334.8782902419184,6.2,8.951093454142265,6474807.383900518,1558349.565992352,24.067890727794587,4.154913329588783
Small Manufacturing Plant,Kano,3718.3345760890084,371833.45760890085,10.460871538875963,50.74449414350749,6.2,25.62954629231464,22219267.6011058,4462001.49130681,20.081676729455953,4.979663867077357
Salon/Personal Services,Ibadan,344.8703429174033,34487.03429174033,13.757504899655165,585.8069440989964,5.3,2.7807639325705797,1825827.0520634048,413844.411500884,22.666134288742732,4.411868328586829
Salon/Personal Services,Enugu,700.5895375395347,70058.95375395346,6.2831395757463495,544.2083325711617,5.1,5.870534083622714,4919391.037310835,840707.4450474416,17.089664933548583,5.851489797420826
Welding Shop/Technical Services,Enugu,2566.3968265972517,256639.68265972516,15.364513482851764,301.8976674519643,5.1,21.504917266610118,10754530.6279364,3079676.191916702,28.636081838074933,3.4920978563149165
Small Manufacturing Plant,Lagos,3893.01852534076,389301.85253407597,9.634988745998312,86.13217242490117,5.0,33.27366260975008,18879671.06138033,4671622.230408912,24.74419292169257,4.041352260567476
Bakery/Food Processing,Kano,1188.0001179392884,118800.01179392885,8.959243619736295,316.2423883406109,6.2,8.188586420866338,4193943.523907623,1425600.141527146,33.99187741562318,2.9418792841974213
Bakery/Food Processing,Enugu,2070.6554912143797,207065.54912143797,11.685717940775358,81.81444719593833,5.1,17.350892334626945,10952904.72692481,2484786.589457256,22.68609698894821,4.407986091601218
Retail Store/Trading,Kano,966.2318407905631,96623.1840790563,17.31269182912935,481.85424873162464,6.2,6.659993388410277,5749411.375309824,1159478.2089486755,20.16690289249295,4.958619602280359
Welding Shop/Technical Services,Kano,2982.655803128441,298265.58031284413,12.533787993603156,579.5225926392633,6.2,20.55869729203502,11076632.390374133,3579186.9637541296,32.31295250770019,3.094734223874156
Other,Kaduna,428.52856904847636,42852.856904847635,10.388168979136456,173.9596974037212,6.0,3.052197785245558,2266451.923634251,514234.2828581716,22.688956138703265,4.407430619049858
Other,Port Harcourt,632.916243028259,63291.624302825905,7.689635386712113,392.32750286129817,4.8,5.63493806114903,3835129.6912938673,759499.4916339109,19.803749879907624,5.049548727206327
Salon/Personal Services,Lagos,657.8592062357483,65785.92062357483,12.939580793044328,130.82949027351532,5.0,5.622728258425199,4922064.824133813,789431.047482898,16.03861541221823,6.234952171982371
Other,Abuja,1678.9104088869005,167891.04088869004,13.631456485964742,263.49113836984753,5.5,13.045146922198137,7161885.547170318,2014692.4906642805,28.130755195610348,3.5548281339992065
Salon/Personal Services,Kaduna,588.1846920984409,58818.469209844094,9.118859750913995,239.85571467181578,6.0,4.189349658820804,2449978.3506752104,705821.6305181291,28.80930071580452,3.4711012595019675
Other,Abuja,1859.7259333243833,185972.59333243832,9.486054068057044,308.4935474868651,5.5,14.450084952015407,7395796.058442043,2231671.11998926,30.174860182115022,3.3140170127207793
Salon/Personal Services,Kaduna,728.5917393074095,72859.17393074094,14.49265620321033,84.21177439058651,6.0,5.1893998526168765,3495445.3345013657,874310.0871688913,25.012838236636703,3.9979469364467564
Retail Store/Trading,Abuja,317.84243542317625,31784.243542317625,6.094099089263002,397.00698462603987,5.5,2.469638192876272,1509277.792439107,381410.9225078115,25.271088226337884,3.957091166963621
Bakery/Food Processing,Lagos,1561.0448231977111,156104.4823197711,7.611298210827306,576.8637665812238,5.0,13.342263446134282,11313737.380395195,1873253.7878372534,16.55733843604402,6.039618045271569
Welding Shop/Technical Services,Ibadan,2059.31944789124,205931.944789124,8.90271952935467,325.33196413508915,5.3,16.604736719006933,12320321.532995736,2471183.3374694884,20.057782833437223,4.98559590710572
Welding Shop/Technical Services,Lagos,2359.2406654702154,235924.06654702153,6.914870615682774,201.08709827634058,5.0,20.16445013222406,15035345.891140714,2831088.7985642585,18.829555495842783,5.310799823292597
Salon/Personal Services,Enugu,674.5275690745958,67452.75690745958,11.515978444831935,350.6174281177622,5.1,5.652149900072028,4028650.546925972,809433.082889515,20.091915976855972,4.97712612949361
Welding Shop/Technical Services,Abuja,1865.6320044189385,186563.20044189386,6.526799311716061,141.16237890108576,5.5,14.49597517031032,7780571.668298812,2238758.405302726,28.77370070922078,3.475395848819479
Agro-processing Unit,Ibadan,2613.8540968547272,261385.40968547272,8.510225584895133,77.48846576282331,5.3,21.076069157028922,14289732.400260687,3136624.9162256727,21.950200524178126,4.555767036836411
Bakery/Food Processing,Abuja,2234.2044288881007,223420.44288881007,17.77431034996939,486.2285806982067,5.5,17.359785772246312,15620371.27475846,2681045.314665721,17.16377458324644,5.826224267569325
Other,Kaduna,1751.4343668979338,175143.4366897934,8.903725563804544,578.3448365322598,6.0,12.474603752834286,10404963.654843068,2101721.240277521,20.199217508071342,4.950686825370404
Bakery/Food Processing,Kano,1134.7736975708283,113477.36975708282,17.417157724341987,597.1506116812731,6.2,7.821710074240613,6706206.111080474,1361728.4370849938,20.305496349643185,4.924774961325053
Other,Port Harcourt,1509.9287697682828,150992.87697682827,17.773724781501862,363.246878761907,4.8,13.443098021441264,11148234.067194598,1811914.5237219392,16.252928605560747,6.152737295959461
Small Manufacturing Plant,Enugu,3408.396241116316,340839.6241116316,11.24395062798745,376.4585144583323,5.1,28.560384121973488,15457356.198973743,4090075.489339579,26.4603819481829,3.7792349405926564
Welding Shop/Technical Services,Kaduna,1146.16312405403,114616.312405403,13.468119175406953,589.6478102192619,6.0,8.163555014629843,4824492.04133072,1375395.748864836,28.50861265977892,3.5077119042374156
Welding Shop/Technical Services,Ibadan,1380.2152995674553,138021.52995674554,15.5111413954606,549.3443365787907,5.3,11.128973549165096,5578383.084732627,1656258.3594809463,29.69065290646548,3.3680633536429863
Welding Shop/Technical Services,Kaduna,2887.4031856404417,288740.3185640442,17.521627252865365,336.80280129680955,6.0,20.5655497552738,12779515.907400968,3464883.8227685303,27.11279400467682,3.688295643110426
Welding Shop/Technical Services,Lagos,2954.6158159830075,295461.5815983007,15.087722485613266,138.91928993032906,5.0,25.253126632333398,13723633.910032602,3545538.9791796086,25.835278049698324,3.8706763599615175
Other,Lagos,1110.7301809955488,111073.01809955489,14.619974104464047,186.03717370049583,5.0,9.493420350389306,6542080.561520528,1332876.2171946587,20.373888775299154,4.908243149007359
Welding Shop/Technical Services,Port Harcourt,2281.2303670977744,228123.03670977743,13.999205748559431,139.48485909471123,4.8,20.310099422166793,15656060.35685062,2737476.440517329,17.485091256176027,5.719158026394533
Other,Abuja,1260.6450311696858,126064.50311696858,15.259522931743293,324.39261549476805,5.5,9.795221687410145,8324000.136389865,1512774.037403623,18.173642631146283,5.5024742166228355
Welding Shop/Technical Services,Port Harcourt,1024.2062335522148,102420.62335522148,6.108461628951506,246.3661391835067,4.8,9.118645241739804,7292060.835864264,1229047.4802626579,16.85459718352706,5.9330993740826745
Retail Store/Trading,Kaduna,940.9552547454256,94095.52547454256,8.744121355243305,398.9000288794279,6.0,6.701960503884798,5867125.688911488,1129146.3056945107,19.24530622939489,5.196072164716299
Agro-processing Unit,Lagos,2055.1896767333014,205518.96767333013,9.860039875914584,516.4231492808162,5.0,17.56572373276326,9161566.857871847,2466227.6120799617,26.919277568344295,3.7148099441418485
Welding Shop/Technical Services,Port Harcourt,2457.722884539894,245772.2884539894,7.1447913277585275,285.7861115425385,4.8,21.88143593785518,11047322.884287858,2949267.4614478727,26.69667115136547,3.7457853615163264
Salon/Personal Services,Lagos,168.9603463694219,16896.03463694219,11.770681759236108,414.3387064355874,5.0,1.4441055245249734,1104069.571770407,202752.41564330627,18.364097773131,5.445407731727102
Small Manufacturing Plant,Ibadan,2914.7591825935306,291475.918259353,9.466619266909987,268.8101440261863,5.3,23.502331741602404,14471348.404911386,3497711.0191122363,24.16990401478524,4.1373767946628135
Small Manufacturing Plant,Lagos,5718.358586296174,571835.8586296174,17.91906018507557,74.70121444758873,5.0,48.874859711933105,29393360.495567415,6862030.3035554085,23.345511325900343,4.283478678364026
Agro-processing Unit,Enugu,3402.51980873848,340251.980873848,10.46068879682812,265.852002426214,5.1,28.511143026131055,18029159.14616062,4083023.770486176,22.646778684382912,4.4156390360700355
Retail Store/Trading,Ibadan,803.4119786776182,80341.19786776182,17.021117185744906,573.0107269764017,5.3,6.47808400804401,3938146.6152483406,964094.3744131417,24.480916243194407,4.084814432866645
Small Manufacturing Plant,Lagos,4519.929051134122,451992.90511341224,10.285453911606034,483.1519972223286,5.0,38.63187223191557,27219034.477154978,5423914.861360947,19.926918663897705,5.018337339890562
Welding Shop/Technical Services,Enugu,1502.0027665246005,150200.27665246004,12.768888346002214,247.21815383868025,5.1,12.585912238349257,8508824.010618081,1802403.3198295205,21.182754721220213,4.72082131507774
Retail Store/Trading,Lagos,725.3048589663009,72530.4858966301,8.884786954722083,155.3761201541542,5.0,6.199186828771802,4370249.544938214,870365.8307595612,19.915700964208128,5.021163964036057
Bakery/Food Processing,Enugu,2361.006447348243,236100.6447348243,7.221644195394443,328.27684925421244,5.1,19.78386498532129,15215482.598145649,2833207.7368178917,18.62055783339519,5.370408389197352
Welding Shop/Technical Services,Lagos,1441.7055659260177,144170.55659260176,6.467159559908009,69.81035006028452,5.0,12.322269794239467,8069265.527969226,1730046.679111221,21.439952287040654,4.664189484248286
Agro-processing Unit,Ibadan,1938.0544302645683,193805.44302645684,16.401244254072004,205.36330918736465,5.3,15.62695073588589,9384344.506550908,2325665.316317482,24.782394920540373,4.035122526318757
Retail Store/Trading,Abuja,960.3673364602366,96036.73364602367,12.979467515870322,290.1378043728214,5.5,7.462061666357704,4227110.295038297,1152440.803752284,27.263088098387158,3.6679630582977083
Small Manufacturing Plant,Kano,4530.310921343091,453031.09213430906,12.200380622715214,467.32693956652884,6.2,31.226295294617387,19978260.469049565,5436373.105611709,27.211443729216413,3.6749244543990107
Other,Kano,780.2433121538488,78024.33121538488,10.236604699203628,541.7518663932879,6.2,5.378021175584841,4284790.960616367,936291.9745846186,21.851520487009545,4.576340582773118
Welding Shop/Technical Services,Abuja,2892.913026300811,289291.3026300811,16.710698729837695,280.69639667652245,5.5,22.47795669231399,18042650.42549578,3471495.631560973,19.240497098228197,5.19737091455962
Agro-processing Unit,Lagos,3450.9137575172044,345091.37575172045,11.716028799613186,323.6469186803562,5.0,29.494989380488928,22615641.60946112,4141096.509020645,18.3107628805377,5.461268907932223
Retail Store/Trading,Port Harcourt,363.74408724582713,36374.40872458271,13.093563639102197,152.37474376434136,4.8,3.2384623152228196,1922387.728184079,436492.9046949925,22.705768367930197,4.40416718692686
Welding Shop/Technical Services,Enugu,1663.1293981343874,166312.93981343874,16.260362419439222,163.89169506597037,5.1,13.93605998101548,10246272.069004254,1995755.277761265,19.477867309404903,5.134032305051947
Salon/Personal Services,Lagos,196.25288536273132,19625.288536273132,6.828091111353796,567.4314862767094,5.0,1.6773750885703531,1221591.7929386366,235503.4624352776,19.278409023095612,5.187150032982473
Other,Kano,1161.764744535119,116176.4744535119,10.91294486180422,495.9832195543551,6.2,8.007752581576502,5555029.850021608,1394117.6934421428,25.0964932877313,3.9846204349547962
Welding Shop/Technical Services,Lagos,2671.651855821032,267165.1855821032,9.986292397387256,431.4899316105874,5.0,22.834631246333604,16440742.56208995,3205982.2269852385,19.50022765016578,5.1281452603528885
Retail Store/Trading,Lagos,816.8982526815092,81689.82526815092,13.855808242391454,133.37729114005464,5.0,6.982036347705207,4864498.202828359,980277.903217811,20.15167571956033,4.962366474711305
Retail Store/Trading,Abuja,900.7064668136456,90070.64668136457,12.469134632832105,205.35983450350204,5.5,6.998496245638272,5082185.824835898,1080847.7601763748,21.267379773766436,4.7020366901686295
Salon/Personal Services,Enugu,426.39832053450107,42639.8320534501,6.450853084786889,120.32674067232966,5.1,3.5729706765083047,2809078.0561455023,511677.9846414012,18.215157230038102,5.489933396517315
Welding Shop/Technical Services,Lagos,2531.0935010317216,253109.35010317215,6.000139617064393,279.1112056652607,5.0,21.63327778659591,11765285.766406976,3037312.201238066,25.815881242004345,3.873584599439999
Agro-processing Unit,Kano,2806.2754527139714,280627.54527139716,6.6556130400116675,585.1929896347831,6.2,19.342951838392413,15471465.847451108,3367530.543256766,21.766072953013435,4.594306020009704
Small Manufacturing Plant,Kano,3291.438659373852,329143.8659373852,9.65038463563537,217.16838174026503,6.2,22.687059962598923,12576672.875712043,3949726.391248622,31.40517711068321,3.1841883791186345
Agro-processing Unit,Ibadan,2076.041655293375,207604.16552933748,6.017685865035737,451.139636748398,5.3,16.73957148277193,8815915.398243757,2491249.9863520497,28.258551424487795,3.5387518099510147
Agro-processing Unit,Ibadan,3917.1137494982136,391711.37494982133,8.69152179942054,414.67595549188235,5.3,31.584532732609365,28123874.68594349,4700536.499397856,16.713687398654272,5.983120158634273
Welding Shop/Technical Services,Kano,2483.7926539174305,248379.26539174304,16.181104549086296,282.446058357485,6.2,17.120158904862354,15113619.913914083,2980551.1847009165,19.720961633797113,5.070746642933649
Small Manufacturing Plant,Abuja,3560.2581697415026,356025.81697415025,9.903541608276374,441.94173320418207,5.5,27.663233642125114,14500364.926348004,4272309.803689803,29.463464025838192,3.394034045430106
Agro-processing Unit,Kaduna,3541.94866626409,354194.866626409,8.179367613079233,254.01755448677088,6.0,25.227554603020586,17086657.46062485,4250338.399516908,24.875189365219917,4.020069899038371
Other,Abuja,1833.298334473555,183329.83344735552,15.68032223633687,591.6721215193617,5.5,14.244742303601825,8183575.612373117,2199958.001368266,26.882601268350847,3.719878110074526
Retail Store/Trading,Enugu,803.3986077456645,80339.86077456645,10.718342412335067,374.85080869705075,5.1,6.732014477506826,4672946.788390598,964078.3292947974,20.631057295365306,4.847061329351484
Salon/Personal Services,Port Harcourt,579.6592652607583,57965.926526075826,6.941469795805487,349.4733275071258,4.8,5.160784056808745,4294138.220403456,695591.11831291,16.198619667337017,6.173365512225745
Salon/Personal Services,Kaduna,611.0585385071962,61105.85385071962,8.007855648012725,479.3474445840564,6.0,4.3522687927862975,3831061.58090062,733270.2462086354,19.140132068465874,5.2246243464930915
Salon/Personal Services,Lagos,529.4523073341726,52945.23073341726,17.426661428371133,73.33226401379044,5.0,4.525233396018569,3410673.2135742004,635342.7688010071,18.628075134034972,5.368241177924609
Other,Kano,751.0544338442938,75105.44338442938,13.218646551597889,213.10795171326188,6.2,5.17682956881923,3321258.513447548,901265.3206131526,27.136259251244404,3.685106302756679
Bakery/Food Processing,Kaduna,2014.5210789211117,201452.10789211118,15.108063390263172,106.38378023656095,6.0,14.34844073305635,10636932.815083863,2417425.294705334,22.72671395721582,4.400108180542731
Welding Shop/Technical Services,Abuja,2027.7089284135354,202770.89284135355,12.10668666709267,253.1044236185476,5.5,15.755314129087298,9843928.499113312,2433250.7140962426,24.718289190290406,4.045587428408314
Welding Shop/Technical Services,Enugu,2865.849725139344,286584.9725139344,15.930075838478654,433.4651600503002,5.1,24.014158916870656,20746539.257342108,3439019.6701672133,16.57635342217454,6.032689907915927
Bakery/Food Processing,Ibadan,2014.355280749496,201435.5280749496,11.540593725757429,556.5469866031167,5.3,16.242180944601643,13775971.19871285,2417226.336899395,17.54668547162212,5.699082038127821
Small Manufacturing Plant,Kaduna,4931.083995386499,493108.3995386499,14.747772739869797,523.9299970830399,6.0,35.121680878821216,25403255.395309836,5917300.794463798,23.29347440862363,4.293047840170136
Agro-processing Unit,Kaduna,2185.1789733554774,218517.89733554775,15.684850846400437,157.38233162607062,6.0,15.563952801677189,9804038.396444945,2622214.768026573,26.74627191359652,3.738838830437703
Bakery/Food Processing,Kano,1387.0813188163092,138708.13188163092,10.027325451238113,588.1890076140273,6.2,9.560803134934583,5902417.939495763,1664497.582579571,28.200266393229473,3.5460657926270063
Agro-processing Unit,Kaduna,3641.343059369817,364134.3059369817,14.414038339083117,449.88121888846456,6.0,25.935491875853398,13314430.78999885,4369611.67124378,32.81861418008211,3.047051269480198
Small Manufacturing Plant,Port Harcourt,4467.254780408999,446725.4780408999,17.36508800530223,322.94231408529885,4.8,39.77256748939636,32865199.68736231,5360705.736490799,16.311191739243128,6.130759885521412
Retail Store/Trading,Enugu,504.4141678959156,50441.41678959156,7.9564240431790925,482.4131087435819,5.1,4.226698239449603,2874802.6931766537,605297.0014750988,21.05525373660501,4.7494084493576
Other,Kaduna,1548.5546845285055,154855.46845285056,10.612260462289619,63.85637767757615,6.0,11.02959177014605,6949229.273587842,1858265.6214342066,26.74060026335548,3.7396318338087946
Salon/Personal Services,Kano,695.3482630167069,69534.82630167069,6.137015801448884,437.03487879597805,6.2,4.792860925122049,3299617.027316669,834417.9156200483,25.288326151553953,3.9543937942233107
Agro-processing Unit,Ibadan,3925.6427743151426,392564.27743151423,11.251935937778441,179.23537274777402,5.3,31.65330409865459,26192957.084920276,4710771.329178171,17.984877820039042,5.560226819477105
Other,Lagos,1498.280717073749,149828.0717073749,15.80553770418702,350.536673842816,5.0,12.805818094647426,7041223.797688165,1797936.860488499,25.53443708292319,3.9162797940385214
Small Manufacturing Plant,Lagos,5884.623463396512,588462.3463396513,6.620024659895533,327.6375790674905,5.0,50.29592703757703,42402604.7219693,7061548.156075815,16.653571643482415,6.0047179152188805
Bakery/Food Processing,Kaduna,2021.371710448335,202137.17104483352,16.35168565379015,148.59058654928452,6.0,14.39723440490267,12367275.234261781,2425646.0525380024,19.613423382202203,5.098548991235408
Salon/Personal Services,Kano,670.0022631463929,67000.2263146393,12.632484908622544,268.10452509447975,6.2,4.618157314215556,4057897.0900035817,804002.7157756715,19.813285008047405,5.047118635773109
Bakery/Food Processing,Ibadan,1023.9155485844591,102391.5548584459,16.383549106906948,136.50026449884345,5.3,8.256051835062562,5440698.50523375,1228698.658301351,22.583472639025825,4.428016966141557
Salon/Personal Services,Kano,351.3621084859145,35136.21084859145,9.480546383549243,529.2777188049699,6.2,2.421850761551658,1421278.0419287372,421634.5301830974,29.665872387004633,3.3708767669278377
Bakery/Food Processing,Port Harcourt,1943.5950901551266,194359.50901551265,15.560176766296468,187.75734433587445,4.8,17.304087341124703,11238249.013345178,2332314.108186152,20.75335851178043,4.8184972058009805
Small Manufacturing Plant,Ibadan,4687.059348624496,468705.9348624496,12.860951797724985,508.0567072335491,5.3,37.79277010663196,23929053.18075213,5624471.218349395,23.50477963279201,4.254453841400321
Other,Port Harcourt,1840.348002818143,184034.8002818143,6.145881257728641,420.710955482336,4.8,16.384864697454976,9346935.557642162,2208417.6033817716,23.627183366810996,4.232413083163758
Other,Abuja,388.12085850353935,38812.085850353935,12.586303980928271,208.19800097402302,5.5,3.0157020862745867,2240385.1887173248,465745.0302042472,20.788614053947466,4.810325485888339
Small Manufacturing Plant,Port Harcourt,3573.7180983274943,357371.8098327494,10.23550204142828,391.71084697728554,4.8,31.817290761462733,21974601.180267815,4288461.717992993,19.51553833816031,5.1241220337981614
Salon/Personal Services,Lagos,367.1324776847,36713.24776847,14.792388607083364,272.4900620656283,5.0,3.1378844246555557,2655530.076416718,440558.97322164,16.59024603540229,6.0276381547692415
Agro-processing Unit,Abuja,1670.8830007748966,167088.30007748966,15.405118109809287,207.1670785259883,5.5,12.982773898794843,6658135.518750909,2005059.6009298759,30.1144306132422,3.3206671341156646
Bakery/Food Processing,Kano,1535.7036953187464,153570.36953187463,14.225326598662818,232.85088643179162,6.2,10.585219846420914,8018803.349302628,1842844.4343824955,22.981539191165755,4.35131864616103
Agro-processing Unit,Port Harcourt,1641.464140366789,164146.4140366789,10.487052564153764,569.4467204818669,4.8,14.614175038878107,11767034.901952535,1969756.968440147,16.739620344912037,5.9738511351838826
Welding Shop/Technical Services,Lagos,2283.4687945971164,228346.87945971164,14.057749784006482,397.7551845007019,5.0,19.516827304248856,15687520.936422285,2740162.5535165397,17.46714834435443,5.725032960650447
Other,Lagos,638.2866362310426,63828.663623104265,11.020006369227362,463.01688909982505,5.0,5.455441335308056,4661290.486147355,765943.9634772511,16.43201524885694,6.085680817935969
Welding Shop/Technical Services,Lagos,1202.7457951063184,120274.57951063184,9.334233313076547,201.9755096562195,5.0,10.279878590652293,8137690.641236557,1443294.954127582,17.735928013949017,5.638272771594
Small Manufacturing Plant,Lagos,4012.066246580771,401206.6246580771,17.76442489130622,87.12640067610207,5.0,34.29116450069035,29871857.2300879,4814479.495896925,16.117108015124103,6.204587070221357
Salon/Personal Services,Abuja,487.1556463473868,48715.56463473868,8.152376184146526,583.8720999753592,5.5,3.785203157322352,2396270.703439639,584586.7756168642,24.395690135415023,4.099084692620801
Bakery/Food Processing,Kano,992.6159580366891,99261.59580366891,10.843212028339096,455.8367416590334,6.2,6.841852481642467,4798080.079536195,1191139.149644027,24.825328671028938,4.028144050986911
Other,Enugu,1497.742527646657,149774.2527646657,11.072743642727186,240.58829237399502,5.1,12.55021390687663,6345788.067813145,1797291.0331759884,28.32258206497845,3.5307515314308997
Salon/Personal Services,Abuja,408.4480460593659,40844.80460593659,9.17131515790367,162.93311628873988,5.5,3.173644491525764,1595654.6092106418,490137.65527123905,30.717026883011133,3.2555234066389303
Bakery/Food Processing,Enugu,1621.1674858501128,162116.7485850113,9.222405072811288,208.10391569348755,5.1,13.58444348793458,8097016.346156245,1945400.9830201354,24.026146173505524,4.162132340236634
Welding Shop/Technical Services,Kaduna,2313.512126949114,231351.21269491143,17.622447980398707,382.0004603076563,6.0,16.478006602201667,8903443.965103751,2776214.5523389373,31.181355924966347,3.207044627585672
Welding Shop/Technical Services,Kaduna,1153.9589341299325,115395.89341299325,6.907003366248803,573.2827714650613,6.0,8.21908072742117,4965019.659413246,1384750.720955919,27.890135708336057,3.58549707487121
Small Manufacturing Plant,Kano,3540.5177660756676,354051.77660756675,7.104803832989705,379.4745229327099,6.2,24.40389968345511,13930168.561447317,4248621.319290801,30.49942504679482,3.27875033206598
Welding Shop/Technical Services,Kaduna,2247.2975565805323,224729.75565805324,13.782057841424258,197.0711153216477,6.0,16.006392853137694,8185797.515268306,2696757.067896639,32.944341255285096,3.035422661060418
Bakery/Food Processing,Kano,825.6881631646075,82568.81631646075,17.580184433453663,187.99117513010637,6.2,5.691261119138458,4915665.493134082,990825.795797529,20.15649350391025,4.961180374979435
Welding Shop/Technical Services,Port Harcourt,2352.052576105095,235205.2576105095,14.479558438544515,385.5040793937171,4.8,20.940639032274703,10539198.56658925,2822463.091326114,26.780623531221064,3.734043006258581
Bakery/Food Processing,Port Harcourt,1331.942570163202,133194.2570163202,9.25315504516879,378.71755548648673,4.8,11.85846305344731,9420752.691893091,1598331.0841958423,16.966065626277036,5.894118424552127
Retail Store/Trading,Port Harcourt,892.8765068893532,89287.65068893532,17.36080474708075,108.2481924220667,4.8,7.949399099798372,4458493.260024878,1071451.8082672239,24.031701872781237,4.161170129746903
Retail Store/Trading,Lagos,323.8628900781759,32386.289007817588,17.336835105396958,455.0943755841359,5.0,2.768058889557059,2394071.570575837,388635.46809381107,16.23324351996436,6.160198353275215
Agro-processing Unit,Kano,3707.4845620744327,370748.45620744326,8.431591609624117,373.17222911017103,6.2,25.554759870929367,21903454.2754488,4448981.474489319,20.311780135410444,4.9232514005833234
Other,Lagos,1491.9373105097052,149193.73105097053,14.161342625363671,274.48342997668396,5.0,12.751600944527395,9711115.062531605,1790324.7726116464,18.435831118089173,5.424219790225804
Retail Store/Trading,Port Harcourt,212.31591335304677,21231.591335304678,12.995112681651158,189.20584654878482,4.8,1.8902770063483507,1453422.005674262,254779.09602365614,17.529602209749168,5.70463600961718
Welding Shop/Technical Services,Kano,1900.5084922857807,190050.84922857807,17.49097218100581,269.4694247033391,6.2,13.099727683249107,6577840.363970604,2280610.190742937,34.671108822201404,2.884245799948737
Agro-processing Unit,Abuja,3599.504016661067,359950.4016661067,8.262487268991013,419.85327391376586,5.5,27.968174177630665,25002110.890279777,4319404.819993281,17.276160556797475,5.788323144557372
Retail Store/Trading,Kaduna,981.6055635511548,98160.55635511548,7.222717210475242,54.57596822495561,6.0,6.991492617885718,5950690.375998741,1177926.6762613857,19.79479021480238,5.051834291490538
Other,Enugu,1037.0907474754445,103709.07474754445,7.111505796616406,461.61139232192727,5.1,8.690219100682457,7456577.238333,1244508.8969705333,16.690082556547846,5.991582106390961
Bakery/Food Processing,Port Harcourt,2354.73272854255,235473.272854255,11.208251672505106,192.29140318549253,4.8,20.964500788306175,16010543.440828905,2825679.2742510596,17.648865478514747,5.666086589063603
Agro-processing Unit,Kano,2586.008297516524,258600.82975165243,14.681373814200011,54.979788869204036,6.2,17.824705662507057,11370643.039072303,3103209.957019829,27.291420074981183,3.664155244588127
Bakery/Food Processing,Enugu,1802.0717821239853,180207.17821239852,13.359500218648549,400.72853579276455,5.1,15.10031659229081,12947909.305561107,2162486.138548782,16.7014309995205,5.9875108907057735
Welding Shop/Technical Services,Kano,1484.0441599617543,148404.41599617543,14.56863268053752,100.26531748247703,6.2,10.229143644621962,6307359.235469975,1780852.9919541052,28.234526137964778,3.5417630000716662
Welding Shop/Technical Services,Kano,1398.5406729336016,139854.06729336016,16.52964055985378,456.2977328996115,6.2,9.639789584598853,6989663.142156912,1678248.807520322,24.010439035298603,4.1648551220986185
Bakery/Food Processing,Kano,823.3674418192869,82336.74418192869,8.980515124437602,167.9235656462405,6.2,5.675264969804845,3064032.362401547,988040.9301831443,32.24642605957109,3.1011188593508923
Bakery/Food Processing,Kaduna,1260.3707576628535,126037.07576628536,8.970717243358637,84.38946265856515,6.0,8.976999698453373,7799058.014702322,1512444.9091954243,19.39266134889948,5.156589815129986
Retail Store/Trading,Abuja,567.1524132774563,56715.24132774563,14.792801697433982,383.70244859459,5.5,4.406778657944493,2451527.02856235,680582.8959329475,27.76159055166779,3.60209908772653
Small Manufacturing Plant,Enugu,4855.0508400932795,485505.0840093279,6.97379014243487,573.319890597233,5.1,40.682510810233616,24001002.09724253,5826061.008111935,24.27424065256546,4.1195933348148355
Welding Shop/Technical Services,Port Harcourt,2676.9836676860496,267698.36676860496,15.661083821947953,502.6410927729721,4.8,23.83354404991141,17237698.04235932,3212380.4012232595,18.63578531964806,5.36602017488193
Retail Store/Trading,Abuja,946.1684065062091,94616.8406506209,12.531047593364372,160.15510982719422,5.5,7.351735870289113,5922831.902305598,1135402.087807451,19.16991916257947,5.2165060870577085
Agro-processing Unit,Kaduna,3041.959019631353,304195.9019631353,14.914577924015267,455.854566344714,6.0,21.666374783699094,16200826.39872528,3650350.8235576237,22.531880372749637,4.43815599699976
Other,Port Harcourt,1186.4633410836962,118646.33410836961,6.821504632002936,254.1121161365703,4.8,10.563241996827779,6262455.677045316,1423756.0093004354,22.734787800880316,4.398545562678526
Agro-processing Unit,Ibadan,3801.916521158393,380191.6521158393,13.013386917089113,346.08256879064237,5.3,30.65567264278659,15339400.162597684,4562299.825390072,29.74236135070264,3.3622078227368983
Small Manufacturing Plant,Kano,3440.9873003376774,344098.73003376776,10.421387038998947,542.4403490342431,6.2,23.71786118236612,19042127.534334976,4129184.760405213,21.68447172176457,4.611594936833559
Welding Shop/Technical Services,Kano,2332.9260950536714,233292.60950536715,15.448644321027995,299.88998268721036,6.2,16.080273608034677,14377098.14853357,2799511.314064406,19.472019215156777,5.135574225510277
Agro-processing Unit,Ibadan,3075.6180486403946,307561.80486403947,8.98060330491849,438.00345665591743,5.3,24.799371461380378,20433820.259456746,3690741.658368474,18.061926803238876,5.5365078758966035
Other,Kano,1026.9222672956735,102692.22672956735,11.310546177776947,407.12727851728494,6.2,7.0783172545883195,4842154.005683643,1232306.7207548083,25.44955652604908,3.9293415544449384
Other,Lagos,1891.6770564971753,189167.70564971754,6.768076159303451,503.6087805408542,5.0,16.168179970061328,13928998.678370748,2270012.4677966107,16.29702550924594,6.136089063815117
Retail Store/Trading,Lagos,433.9064883297545,43390.64883297545,11.327033454076535,62.052330826254924,5.0,3.708602464356876,2462286.0683934954,520687.7859957054,21.146518785098973,4.728910749624928
Retail Store/Trading,Enugu,440.83686226745044,44083.68622674504,12.031574911561567,80.89684254109146,5.1,3.6939572839571846,2622612.275614013,529004.2347209405,20.170889903925605,4.957639473335198
Agro-processing Unit,Lagos,2727.739323457913,272773.9323457913,17.12532754630113,107.96626995929287,5.0,23.314011311606095,16106529.173469825,3273287.188149496,20.322734668007513,4.920597627907929
Retail Store/Trading,Kaduna,811.5525824604035,81155.25824604035,10.91605264051191,410.34554298838594,6.0,5.780289048863272,3925102.6721029566,973863.0989524842,24.81114967702785,4.030446041466108
Welding Shop/Technical Services,Abuja,1520.4731959704586,152047.31959704586,7.9139071504963,138.25443784917454,5.5,11.81408854677901,9570313.229023082,1824567.8351645502,19.064870621280576,5.245249337720554
Small Manufacturing Plant,Ibadan,2746.7218097510063,274672.1809751006,8.227760458814917,415.32066174393253,5.3,22.147410173770407,15740331.90931971,3296066.1717012073,20.940258380127524,4.775490263047605
Agro-processing Unit,Kaduna,3704.2265296087703,370422.65296087705,15.769508227093942,426.8238704309662,6.0,26.383379840518305,16534117.17321398,4445071.835530525,26.88424056127861,3.719651286859487
Other,Kaduna,487.7341677988745,48773.416779887455,9.470249355551399,220.39378142735794,6.0,3.4738900840375675,2095670.2815156218,585281.0013586495,27.928105223468886,3.5806224303382668
Agro-processing Unit,Abuja,2124.892365994053,212489.2365994053,12.180067916516677,344.5545981838199,5.5,16.510430194203984,8504504.873825712,2549870.8391928636,29.982590133384402,3.3352688862145383
Small Manufacturing Plant,Port Harcourt,3749.100913098886,374910.0913098886,10.245469904837233,505.70557884834477,4.8,33.378747445680965,24475903.33085537,4498921.095718663,18.3810216722303,5.440393998940664
Retail Store/Trading,Abuja,831.4342786557485,83143.42786557485,9.693549980168948,552.5836441302927,5.5,6.46025080540597,3824368.770325716,997721.1343868983,26.08851798311081,3.8331038989925768
Agro-processing Unit,Lagos,3882.0375425062653,388203.75425062655,9.92091050436049,244.93372183618018,5.0,33.17980805560911,18555926.06741582,4658445.051007519,25.104891203396967,3.983287527112203
Welding Shop/Technical Services,Ibadan,2011.2683068439178,201126.83068439178,17.293449750404083,531.9756882282713,5.3,16.217290008417333,12349985.060043251,2413521.9682127014,19.542711642796505,5.116997161284947
Bakery/Food Processing,Port Harcourt,974.3655363921026,97436.55363921027,10.712768919256995,354.3541543623745,4.8,8.67490684109778,6701224.160907009,1169238.643670523,17.448135080923286,5.7312715391190325
Welding Shop/Technical Services,Enugu,2006.2649451030802,200626.49451030802,8.326356815242711,522.3492241424851,5.1,16.811336895450648,13463560.164247327,2407517.9341236963,17.881733395576113,5.59229901194812
Retail Store/Trading,Kaduna,741.5526263974699,74155.26263974699,16.05490049822164,522.3203536422097,6.0,5.281713863229842,3704756.5614524395,889863.1516769638,24.01947704029696,4.163287978011851
Agro-processing Unit,Ibadan,3370.8896341643494,337088.96341643494,11.270527214996608,385.8007152584835,5.3,27.180209919080383,23310341.69896506,4045067.5609972193,17.353102812631928,5.762658187399577
Salon/Personal Services,Kano,254.23751397783303,25423.751397783304,14.083745009698893,148.58929065660442,6.2,1.752395326563503,1532534.7293284144,305085.01677339966,19.907217170020914,5.023303817200229
Retail Store/Trading,Kano,755.1596724081254,75515.96724081253,8.755177929047624,114.65321508262099,6.2,5.205125947119695,4283549.944625568,906191.6068897503,21.155154453766084,4.726980378164897
Salon/Personal Services,Enugu,257.4349185929223,25743.491859292233,6.023905622628844,445.30678981944163,5.1,2.157155342658977,1627007.221518762,308921.9023115068,18.987125454989535,5.266726668924047
Bakery/Food Processing,Abuja,2045.0817833992444,204508.17833992443,12.179200198959114,138.74954058046103,5.5,15.890301347313475,9875637.664879696,2454098.140079093,24.850022078133712,4.024141293942472
Small Manufacturing Plant,Kano,2792.440181287414,279244.0181287414,6.229547597247445,141.16149733087138,6.2,19.247588787478726,17191522.25457397,3350928.217544897,19.491748129828064,5.130376164001977
Salon/Personal Services,Kaduna,729.0560977390454,72905.60977390454,8.898442100420182,244.8492299694686,6.0,5.1927072488535995,3165757.169447008,874867.3172868544,27.63532609924328,3.6185569021650963
Salon/Personal Services,Port Harcourt,218.47456491286658,21847.45649128666,8.668335656978044,335.57351392911283,4.8,1.945108305848171,1130230.0178045705,262169.4778954399,23.196117052765445,4.311066363931716
Retail Store/Trading,Ibadan,686.2021464765221,68620.2146476522,8.944227769994534,81.75268757381446,5.3,5.532995859349477,3745072.6819849377,823442.5757718264,21.98735900995628,4.548067821820627
Salon/Personal Services,Kaduna,404.1713649328091,40417.136493280916,8.81044045111601,170.75465777639107,6.0,2.8787134254473585,1504807.7983316162,485005.637919371,32.230404338487475,3.1026604242934193
Small Manufacturing Plant,Abuja,5859.519809497093,585951.9809497093,13.39560583110869,356.28314374465276,5.5,45.52851444830685,40584016.97311258,7031423.771396512,17.3255983409797,5.771806435306371
Other,Abuja,1006.8176759896472,100681.76759896473,11.14733200116173,347.4977521109445,5.5,7.822981165420724,5752812.434289251,1208181.2111875766,21.00157488164039,4.761547672666213
Other,Lagos,1483.9306719613824,148393.06719613823,14.425753154181953,144.43164923799725,5.0,12.683168136422072,9167150.877214514,1780716.806353659,19.424975438985452,5.148011657162892
Small Manufacturing Plant,Enugu,4250.394632268195,425039.4632268195,10.943497140409224,528.7898314481613,5.1,35.615842402113245,27150615.98217685,5100473.558721835,18.78584840237166,5.323155912797384
Small Manufacturing Plant,Enugu,4709.966224264317,470996.62242643174,12.390048796991781,113.46705319840456,5.1,39.46678585775362,27579763.27810184,5651959.469117181,20.493139887117167,4.879681715482952
Small Manufacturing Plant,Kano,4619.73261263194,461973.261263194,7.406446868162801,235.46361656116363,6.2,31.84265655246719,16329723.301315855,5543679.135158328,33.94839601912677,2.9456472683910984
Bakery/Food Processing,Abuja,1042.831340184364,104283.13401843641,14.304883764292427,163.43866260988392,5.5,8.102807616040124,6035980.037861386,1251397.6082212368,20.73230196872256,4.823391061487689
Welding Shop/Technical Services,Enugu,1783.718746376052,178371.8746376052,16.748097331425342,162.37401086943368,5.1,14.946528794838713,11754989.787035583,2140462.4956512623,18.208969420049595,5.491798997141027
Bakery/Food Processing,Kaduna,1663.2686087299244,166326.86087299243,11.031259933992263,59.96822257515135,6.0,11.846642512321399,7898152.111584266,1995922.3304759092,25.270750705705936,3.957144018575625
Welding Shop/Technical Services,Enugu,2585.5162271456256,258551.62271456257,6.828550875775196,310.84026153732447,5.1,21.665126756708776,17395325.202841062,3102619.472574751,17.835938313289027,5.606657650609443
Salon/Personal Services,Port Harcourt,514.4408917103175,51444.08917103175,13.541117479375044,428.7473961193316,4.8,4.580136144144564,2705946.814419354,617329.070052381,22.81379171101145,4.383313447704239
Welding Shop/Technical Services,Abuja,1506.54476704543,150654.476704543,6.1197453199013925,447.8940142952016,5.5,11.705864545807536,6889025.7937752865,1807853.720454516,26.242516352428773,3.8106101814715982
Small Manufacturing Plant,Enugu,4374.798097716525,437479.8097716525,16.033412438486984,501.76359959538183,5.1,36.65827130649007,20696042.744496018,5249757.71725983,25.365997655063648,3.942285312796978
Small Manufacturing Plant,Abuja,5451.641587257591,545164.1587257591,11.821135919754482,233.49561771027612,5.5,42.35929749228897,27482623.424337156,6541969.90470911,23.80402264987515,4.200970628824557
Other,Abuja,1645.648944405329,164564.8944405329,11.415529356351058,150.893208021889,5.5,12.78670508473449,10725549.782263607,1974778.7332863947,18.411911495222405,5.431266602924329
Agro-processing Unit,Abuja,3637.435048903686,363743.5048903686,16.590718521268165,306.47036587709357,5.5,28.26289859288023,23491127.158976655,4364922.058684424,18.581152062839426,5.381797622763697
Retail Store/Trading,Kaduna,260.55978184783,26055.978184782998,10.653913079003175,491.94571270443186,6.0,1.855838902050071,1212103.4741391062,312671.73821739596,25.7957958943621,3.8766006836740354
Bakery/Food Processing,Ibadan,2333.015848528589,233301.58485285888,8.44167290997115,86.83548661389933,5.3,18.811609809132307,13838713.621569932,2799619.0182343065,20.230341452189858,4.94307030043605
Salon/Personal Services,Lagos,720.2777945363451,72027.77945363452,10.672859267746503,347.9685303471598,5.0,6.156220466122608,4853111.896980499,864333.3534436142,17.809878935232952,5.614861300498335
Agro-processing Unit,Lagos,3920.1645301268973,392016.4530126897,6.798776734970675,406.57490409865255,5.0,33.50567974467434,19985558.64951012,4704197.436152277,23.53798319401787,4.248452349367587
Small Manufacturing Plant,Kano,2759.3689790120347,275936.8979012035,10.505627141598005,492.0979998563957,6.2,19.01963729674686,10789011.63573313,3311242.774814442,30.690881487676126,3.2582967693565545
Small Manufacturing Plant,Kano,4017.1528146447204,401715.28146447206,17.966188246835404,357.4826067206312,6.2,27.689225355974084,24611246.687465094,4820583.377573665,19.586912596462927,5.105449851144909
Bakery/Food Processing,Ibadan,1345.975659481121,134597.5659481121,8.641335910857038,242.78629385738898,5.3,10.852891948726986,8107359.091327548,1615170.7913773453,19.922280155384943,5.019505760387083
Agro-processing Unit,Lagos,2431.333184398877,243133.31843988772,6.824564132687532,253.26580968472524,5.0,20.78062550768271,18548085.786952347,2917599.8212786526,15.72992412689313,6.357309748813857
Agro-processing Unit,Port Harcourt,2660.5962993480625,266059.62993480626,14.672853026865656,411.20121659688436,4.8,23.687645115278332,15044080.141138671,3192715.559217675,21.222404622048376,4.712001386313595
Bakery/Food Processing,Kaduna,2004.9016138895622,200490.1613889562,6.100364182522285,169.71706976929482,6.0,14.279926024854431,11155659.279930517,2405881.9366674745,21.566470221941554,4.6368273978493155
Other,Enugu,1424.863290279756,142486.3290279756,11.807872418156965,52.92241161759027,5.1,11.939528157195877,7032877.03314926,1709835.9483357072,24.312041007918175,4.113188192115629
Salon/Personal Services,Kano,672.9215175806845,67292.15175806844,15.273714879484048,351.63053964645945,6.2,4.638279001796833,2803747.208772627,807505.8210968213,28.8009496209295,3.472107736591106
Salon/Personal Services,Lagos,193.20116175457687,19320.116175457686,15.198180594391015,371.04247325225015,5.0,1.6512919808083493,1163765.9375286999,231841.39410549222,19.921651478974887,5.019664163161322
Retail Store/Trading,Kano,825.5679817263673,82556.79817263673,15.020963908750085,491.6511395768104,6.2,5.690432738670852,3572722.5474409214,990681.5780716408,27.72903758735054,3.606327831789521
Salon/Personal Services,Kano,486.7052431630061,48670.52431630061,7.68389421832218,419.13661035882876,6.2,3.354736994506521,1902299.0017704787,584046.2917956073,30.70212891096682,3.2571031243465316
Welding Shop/Technical Services,Abuja,2240.947570103941,224094.7570103941,14.907038246389046,143.43455332790444,5.5,17.41218003188765,10537020.459922686,2689137.084124729,25.520849032729885,3.918364936517291
Salon/Personal Services,Port Harcourt,276.733879935188,27673.387993518798,16.68491420663194,462.48778914863897,4.8,2.463798788596759,1267130.13469009,332080.65592222556,26.207304745652237,3.8157300405563412
Other,Kaduna,1843.988430790549,184398.8430790549,15.104583853967048,378.435418294666,6.0,13.133820732126416,10267619.791647442,2212786.1169486586,21.551110791507178,4.640132054789854
Small Manufacturing Plant,Kano,4789.4645795975575,478946.45795975573,16.669535087280117,368.3437149815673,6.2,33.01257636888308,23004703.674220122,5747357.495517069,24.9834015552122,4.00265751559108
Small Manufacturing Plant,Lagos,4713.369635149356,471336.96351493563,7.877720592043207,310.6566710638565,5.0,40.285210556832105,21661245.98786718,5656043.562179227,26.11134911328402,3.829752325938819
Retail Store/Trading,Kano,773.1176895664792,77311.76895664791,9.251312379796385,161.23979928849423,6.2,5.328906048845321,3030429.48783579,927741.227479775,30.61418294679841,3.2664598684139583
Salon/Personal Services,Lagos,353.9874253458701,35398.742534587014,8.898007535914001,168.2019503700177,5.0,3.025533549964702,1636855.4490183264,424784.91041504417,25.951278145532097,3.853374752457675
Salon/Personal Services,Abuja,426.1530478642565,42615.30478642565,16.89406216660241,328.8828057062951,5.5,3.3112124931177656,2466976.230541754,511383.6574371078,20.729168408923286,4.824120197554716
Welding Shop/Technical Services,Lagos,1375.840761630646,137584.0761630646,6.9236600325704885,432.88587982585886,5.0,11.75932274897988,6322801.403297165,1651008.9139567753,26.11198436654708,3.8296591555911497
Salon/Personal Services,Enugu,398.8191968836521,39881.91968836521,15.861971359024311,412.7309227524236,5.1,3.3418736122310384,2679223.2960925004,478583.0362603825,17.862752871638936,5.598241251983734
Retail Store/Trading,Enugu,836.9931604330948,83699.31604330947,9.263352473021385,430.79740735358195,5.1,7.013517349028781,3564300.1499136277,1004391.7925197138,28.179214720288154,3.5487149302284537
Retail Store/Trading,Kaduna,411.249587754975,41124.9587754975,17.2688217534035,400.0058548433559,6.0,2.929128117912927,1756745.5119746476,493499.50530597,28.091690113456337,3.55977157643849
Small Manufacturing Plant,Kano,3635.7913006136973,363579.13006136974,9.234142347507271,155.00962178940392,6.2,25.060596227003703,21458553.288451713,4362949.560736436,20.331983718046978,4.918359240630243
Welding Shop/Technical Services,Enugu,2389.2819177874553,238928.19177874553,8.624587355975127,377.416796260119,5.1,20.020797031904266,15764626.388428982,2867138.3013449465,18.187163023726246,5.498383660472169
Agro-processing Unit,Kano,2161.5875673133933,216158.75673133932,13.943627337526422,498.21685069729654,6.2,14.899280171721761,7884510.340230197,2593905.080776072,32.898746641764696,3.039629475520833
Other,Port Harcourt,1622.6429133459103,162264.29133459102,15.130215971169381,153.24732313073864,4.8,14.446607134489941,11968298.062993582,1947171.4960150924,16.269410118016847,6.146504346169218
Welding Shop/Technical Services,Enugu,1176.7698939690374,117676.98939690374,14.387385941848628,252.5909675868932,5.1,9.8606493545252,6874983.25845207,1412123.872762845,20.54003362156245,4.868541203117716
Salon/Personal Services,Lagos,431.0250471621757,43102.504716217576,6.373789113520693,192.76704710127706,5.0,3.683974762069878,3089798.3014505785,517230.0565946109,16.739929475389545,5.973740818144813
Agro-processing Unit,Kaduna,1584.19100968616,158419.100968616,16.550229271214974,183.86817577019175,6.0,11.283411749901424,8353063.566817392,1901029.211623392,22.758466955468233,4.393969075143383
Agro-processing Unit,Lagos,2893.34292393252,289334.292393252,6.467751847933565,416.7660652181119,5.0,24.729426700277948,19109249.345132913,3472011.5087190242,18.16927209442342,5.503797812059426
Bakery/Food Processing,Port Harcourt,1349.1464877819594,134914.64877819593,16.77503024349199,538.4650039137198,4.8,12.011631835665593,10779245.906485809,1618975.785338351,15.019378900746878,6.658064934697616
Bakery/Food Processing,Port Harcourt,1352.9940512149713,135299.4051214971,16.811530748285612,597.8867204243284,4.8,12.045887208110498,7142418.716309449,1623592.8614579653,22.73169532543018,4.399143951578877
Small Manufacturing Plant,Lagos,5388.954824433818,538895.4824433818,16.13845617306275,186.95480485999946,5.0,46.05944294387879,34525155.712262526,6466745.789320582,18.73053330509309,5.338876281371477
Welding Shop/Technical Services,Enugu,2153.4047977155124,215340.47977155124,6.807070967608414,102.20486525191833,5.1,18.044283540434996,12344609.642986646,2584085.757258615,20.93290781962242,4.777167169592197
Small Manufacturing Plant,Enugu,5996.124142116518,599612.4142116518,9.91967099311093,461.5011516268655,5.1,50.24404342313154,25914911.96587579,7195348.970539821,27.76528425029769,3.6016198897343483
Bakery/Food Processing,Ibadan,2171.330590145588,217133.0590145588,16.296279252086748,598.6955635711861,5.3,17.507906709769294,8855293.611469718,2605596.7081747055,29.42417069943154,3.3985664718133233
Agro-processing Unit,Ibadan,2103.7412131421697,210374.121314217,6.4842099223163965,276.15533489702227,5.3,16.962918990019105,9290445.377737362,2524489.455770604,27.172964837832453,3.6801284142822617
Salon/Personal Services,Port Harcourt,234.55243538881552,23455.243538881554,6.269110669944661,248.23475492781736,4.8,2.0882517395727875,1586312.6523151742,281462.92246657866,17.74321865590571,5.6359560201167715
Small Manufacturing Plant,Port Harcourt,5243.083878763327,524308.3878763327,12.79416829470085,222.02789406569474,4.8,46.679877837992585,33929980.38220261,6291700.654515993,18.543189779786008,5.392815431841738
Bakery/Food Processing,Kaduna,1912.3814093376234,191238.14093376233,8.784218163705729,57.90979533964676,6.0,13.620950208957431,9825769.703189233,2294857.691205148,23.35550049031056,4.281646631442848
Small Manufacturing Plant,Lagos,5175.236852527496,517523.6852527496,13.484917018368108,469.266443475528,5.0,44.23279361134612,22680042.246488336,6210284.223032995,27.382154563643123,3.6520135684565815
Retail Store/Trading,Port Harcourt,231.15041335013248,23115.041335013248,16.045435533967826,390.73941001996684,4.8,2.0579630818209798,1415304.8371892339,277380.496020159,19.598639722805647,5.102394932217494
Welding Shop/Technical Services,Kaduna,2126.7907014252805,212679.07014252804,13.495368577374379,525.4382857776002,6.0,15.148081918983479,13176545.835027725,2552148.8417103365,19.36887613539703,5.16292216961664
Agro-processing Unit,Kaduna,2967.3412663972676,296734.12663972675,12.971404558658152,594.8735363861712,6.0,21.134909304823843,13928681.891698277,3560809.5196767207,25.564583550429287,3.911661608049968
Welding Shop/Technical Services,Ibadan,2513.4603341371358,251346.03341371357,11.307525665413623,439.06835001811027,5.3,20.26657260229911,15199300.943059884,3016152.400964563,19.844020539258818,5.039301375553557
Welding Shop/Technical Services,Lagos,1778.460943383577,177846.09433835768,8.746505549801988,378.2685322882677,5.0,15.200520883620316,12341720.467508849,2134153.132060292,17.292184972741218,5.782959189809525
Welding Shop/Technical Services,Abuja,2856.364196227903,285636.4196227903,17.149674240185554,238.04790295801968,5.5,22.193971998662803,18056352.27705899,3427637.0354734836,18.982998242831002,5.267871740849229
Welding Shop/Technical Services,Port Harcourt,2055.3549324433898,205535.49324433898,8.539630782838334,597.5971102243859,4.8,18.299100182010235,12950493.391114559,2466425.9189320677,19.045034381657636,5.250712495237629
Small Manufacturing Plant,Ibadan,5933.912677537775,593391.2677537776,13.794107156489368,492.4277328226104,5.3,47.84641733218654,40343179.39836588,7120695.213045331,17.65030748502127,5.665623677370146
Salon/Personal Services,Enugu,614.815104834405,61481.5104834405,13.117898628473618,79.34139834389373,5.1,5.1517940743623685,3382416.7740718215,737778.125801286,21.812159029507587,4.584598886553118
Small Manufacturing Plant,Abuja,4091.675198934314,409167.5198934314,14.097435626008927,422.64238763602657,5.5,31.7923480880677,27197631.65521074,4910010.238721177,18.053080139352787,5.539220965513592
Retail Store/Trading,Lagos,498.49809473790685,49849.80947379069,17.300303839896365,142.04636773022955,5.0,4.260667476392366,2539744.968119142,598197.7136854882,23.553456004226096,4.245661442722351
Salon/Personal Services,Enugu,475.2336400401144,47523.36400401144,14.290607718609873,433.42469324049506,5.1,3.982182336518471,2437440.298787445,570280.3680481373,23.39669071410016,4.274108728536313
Salon/Personal Services,Kano,571.6153218997301,57161.53218997301,9.303458561422321,135.91361277764207,6.2,3.9400008402242217,2053718.5417030305,685938.3862796761,33.39982438444885,2.9940277184978425
Retail Store/Trading,Port Harcourt,708.7522614613687,70875.22614613686,13.191625393673252,148.64580565908255,4.8,6.310116287939535,5163143.706031491,850502.7137536423,16.47257489192293,6.070696333518171
Other,Abuja,1498.7365474699577,149873.65474699577,11.462063900803876,417.2683253817341,5.5,11.64519461903619,7765273.066645283,1798483.8569639493,23.160600297355955,4.317677379520087
Salon/Personal Services,Enugu,694.288601850598,69428.86018505979,8.036741142923077,60.529677398260176,5.1,5.8177358961839944,3442043.9277577875,833146.3222207176,24.204988074148282,4.131379850040219
Bakery/Food Processing,Kano,2124.4743968728376,212447.43968728377,13.316369101831391,434.8017632921669,6.2,14.64346840965562,8679419.648005286,2549369.2762474054,29.372577656540717,3.404536066576094
Other,Abuja,1724.8634574806924,172486.34574806923,15.633731217894006,578.5060808108535,5.5,13.402202466827445,11533399.03978994,2069836.1489768308,17.946453962409066,5.5721314199151335
Other,Ibadan,1211.089634048601,121108.9634048601,11.861947591918865,271.03795993990155,5.3,9.765276842836647,8140009.008354014,1453307.5608583211,17.853881480558627,5.601022954526251
Agro-processing Unit,Port Harcourt,1884.2276071105114,188422.76071105115,12.871286794584268,202.35688837928834,4.8,16.77553069008646,12102075.087131292,2261073.1285326136,18.68335068369324,5.352358990257547
Bakery/Food Processing,Kano,2366.222770762058,236622.27707620582,12.998289651325171,376.0620992794606,6.2,16.309779230507704,12174342.069778575,2839467.32491447,23.32337393380071,4.287544344305948
Small Manufacturing Plant,Enugu,3742.236313069535,374223.6313069535,6.62387222373249,67.45907095514374,5.1,31.35777034581477,21628402.09709282,4490683.575683442,20.762900354469814,4.816282806966903
Agro-processing Unit,Kaduna,2558.3378603829938,255833.78603829938,7.014784537166854,383.76582554707653,6.0,18.221779632357503,11965634.389660733,3070005.432459593,25.656854726501788,3.8975938814786524
Small Manufacturing Plant,Ibadan,5583.405519738801,558340.55197388,16.594977798224665,412.4749755727278,5.3,45.02020254587002,38996083.12033928,6700086.62368656,17.181434871319116,5.820235664189463
Retail Store/Trading,Ibadan,368.98546517834484,36898.54651783448,16.355961976306464,537.3513894222644,5.3,2.9752093628313565,1637094.318057343,442782.5582140138,27.04685694220975,3.6972872749564636
Bakery/Food Processing,Ibadan,1134.3110944200298,113431.10944200298,14.849113029248127,207.58575190991763,5.3,9.146194923560955,6103975.823333654,1361173.313304036,22.29978218623806,4.4843487333124425
Agro-processing Unit,Lagos,3506.600780882324,350660.07808823243,17.966854798843233,66.51430293116604,5.0,29.97094684514807,19116212.074240997,4207920.93705879,22.012315623600674,4.542911418768874
Bakery/Food Processing,Kano,2325.521971844584,232552.19718445843,13.471566403183896,585.3604405406517,6.2,16.02923884646115,11208610.1738075,2790626.3662135014,24.897166757879507,4.016521276195083
Small Manufacturing Plant,Port Harcourt,4127.533311342497,412753.3311342497,16.168655166856485,84.31673772905248,4.8,36.74798176052793,25100809.991792887,4953039.973610996,19.732590204182543,5.0677584121117505
Other,Port Harcourt,869.9743851331027,86997.43851331028,6.80419845301452,586.4387234134888,4.8,7.745498443136598,5480372.44539363,1043969.2621597233,19.049239309222525,5.2495534533804635
Small Manufacturing Plant,Kano,5359.408675451428,535940.8675451428,16.230569054951644,565.8808772886418,6.2,36.94105786773799,20538030.947683837,6431290.410541713,31.314055504756155,3.193454133873252
Agro-processing Unit,Enugu,1712.7587152994633,171275.87152994634,10.62717111016,89.06918897420117,5.1,14.351924881007736,10121789.753722297,2055310.458359356,20.3058007365102,4.924701138241654
Retail Store/Trading,Enugu,368.63448124002286,36863.44812400229,8.752389324452068,308.0089660761683,5.1,3.088943197922095,1843998.7774431445,442361.37748802744,23.989244618773434,4.168534757519722
Bakery/Food Processing,Kaduna,1256.5556846711925,125655.56846711924,7.211737281813133,142.12009900175923,6.0,8.949826813897381,5134806.866875246,1507866.821605431,29.36559953856714,3.4053450830678798
Small Manufacturing Plant,Abuja,3015.464472432318,301546.4472432318,17.676921574947578,467.6108788051605,5.5,23.43018238098149,12322722.218766311,3618557.366918782,29.364918746671652,3.405424032080267
Agro-processing Unit,Lagos,3919.403663173905,391940.3663173905,11.276885838094902,203.10266491446112,5.0,33.49917660832397,26968881.40678684,4703284.3958086865,17.439671764158092,5.734052873949119
Other,Lagos,1657.0984352556175,165709.84352556174,9.915047016493762,214.66085553794156,5.0,14.163234489364251,9503201.306952419,1988518.1223067408,20.924718503563287,4.779036811557151
Welding Shop/Technical Services,Port Harcourt,1465.0119844156625,146501.19844156626,7.556147738690824,191.05468355922127,4.8,13.043197866948562,9790973.954877768,1758014.381298795,17.955459685631883,5.569336666998333
Small Manufacturing Plant,Kano,3743.619119658607,374361.9119658607,14.087930497748765,84.41066322069837,6.2,25.80382630037639,20411790.04936648,4492342.943590328,22.00856922751739,4.543684733261518
Retail Store/Trading,Kano,368.4055517322744,36840.55517322744,15.708283683500117,130.8070579710739,6.2,2.539326935017055,1959666.3097631964,442086.66207872925,22.559282663391322,4.432765061376604
Salon/Personal Services,Kano,372.719345239639,37271.9345239639,16.37590706229768,135.20892112889345,6.2,2.56906083016018,1768028.40227029,447263.21428756684,25.297286724197704,3.9529931051596394
Welding Shop/Technical Services,Kano,1165.4736712363797,116547.36712363797,11.81445594096013,216.330731203195,6.2,8.033317281750618,5263103.423352738,1398568.4054836556,26.573074723899882,3.7632077220653652
Other,Port Harcourt,1257.794219622552,125779.42196225519,15.645658685801703,125.43166848400874,4.8,11.198310359887392,7283201.480356245,1509353.0635470622,20.723758193673298,4.82537959888611
Other,Kaduna,1287.1884437422846,128718.84437422846,12.066105124678367,129.24333230725978,6.0,9.16800885856328,6931193.64534865,1544626.1324907416,22.285138917267176,4.487295339340114
Other,Port Harcourt,1360.7974253992702,136079.742539927,9.28368501432926,318.30887519920685,4.8,12.11536169336957,8455525.876268096,1632956.9104791242,19.31230457306389,5.17804592515988
Small Manufacturing Plant,Kaduna,2787.9531349697168,278795.3134969717,11.515008686563476,218.55490742355119,6.0,19.857216061037867,16673169.035599992,3345543.76196366,20.065434200423248,4.983694795794185
Small Manufacturing Plant,Port Harcourt,5378.33423914874,537833.4239148741,6.683744723968419,280.2340012050814,4.8,47.884029906951035,40695717.344343394,6454001.0869784895,15.85916530815393,6.305502090238342
Agro-processing Unit,Kano,2646.078560328595,264607.8560328595,14.700072915589425,365.8581662996161,6.2,18.23875489611659,10363701.01983825,3175294.2723943135,30.638613235910118,3.263855293646077
Welding Shop/Technical Services,Kaduna,2334.4246743883623,233442.46743883623,15.324591427821073,524.2116355120038,6.0,16.62695637028748,9219538.577310031,2801309.609266035,30.384488179921128,3.2911530188644957
Welding Shop/Technical Services,Kano,1627.750993444941,162775.0993444941,12.456272464366835,512.05944314156,6.2,11.219678752722228,8438997.726578122,1953301.1921339293,23.146127720619276,4.320377093180772
Welding Shop/Technical Services,Lagos,2978.902261930113,297890.22619301133,16.674231732525158,254.30699444340723,5.0,25.46070309341977,15798119.28091267,3574682.714316136,22.627267529465218,4.419446575676009
Small Manufacturing Plant,Port Harcourt,3183.0828102652763,318308.28102652763,11.872710448879065,457.90279850982324,4.8,28.33941248455552,14380219.545965286,3819699.3723183316,26.562177024550643,3.7647516582534983
Retail Store/Trading,Port Harcourt,594.0552566026381,59405.52566026381,11.798170359764022,511.02673159499034,4.8,5.288953495393858,4524472.64861026,712866.3079231657,15.755787763290604,6.346874018764705
Salon/Personal Services,Enugu,384.91245639367116,38491.24563936712,16.317536097739747,273.74264052344796,5.1,3.225343190830159,1905404.7332646619,461894.9476724054,24.24130367730371,4.1251906799726505
Salon/Personal Services,Enugu,363.3515186909206,36335.151869092064,11.447878934396389,469.34582727117765,5.1,3.0446750351174847,2654080.5578809385,436021.82242910477,16.42835674804203,6.087036064146721
Agro-processing Unit,Lagos,1815.0050696599856,181500.50696599856,8.357030590464209,573.2946541147006,5.0,15.51286384324774,12208217.102795692,2178006.0835919827,17.840492721031456,5.6052263557785
Welding Shop/Technical Services,Enugu,1350.9832547627148,135098.32547627148,12.812727815172655,368.62295666406584,5.1,11.320456299335635,9113662.351299325,1621179.9057152579,17.788456969597167,5.621623065503279
Salon/Personal Services,Enugu,468.2559003326591,46825.59003326591,13.736942982921823,176.40469918869013,5.1,3.9237129238533526,2278047.2918076566,561907.0803991909,24.666172753301847,4.054135232090834
Small Manufacturing Plant,Lagos,4434.317937218619,443431.79372186185,10.466079062962766,413.916992796054,5.0,37.90015330956084,22500478.508829124,5321181.524662342,23.649192716387454,4.228474147056447
Small Manufacturing Plant,Kano,2994.2824018060232,299428.2401806023,12.850529002073715,151.89869546082804,6.2,20.638836516446258,14622762.239211148,3593138.8821672276,24.572230768631208,4.069634578219065
Retail Store/Trading,Port Harcourt,422.9144504920291,42291.445049202914,8.624517603883,150.5607789278494,4.8,3.7652639823008287,2141832.5417671367,507497.34059043496,23.69453870430599,4.220381803922905
Small Manufacturing Plant,Lagos,5389.9883304623345,538998.8330462334,9.428490811930685,559.9180800254471,5.0,46.0682763287379,28662422.811599385,6467985.996554801,22.566082564162283,4.431429323883283
Bakery/Food Processing,Lagos,2448.8750930868246,244887.50930868246,12.855125639245168,128.65061746614953,5.0,20.93055635116944,13156633.579373954,2938650.1117041893,22.33588169781667,4.477101076774372
Welding Shop/Technical Services,Lagos,1749.0964867591624,174909.64867591625,15.572787160178567,252.06490078338877,5.0,14.949542621873183,8429329.107292179,2098915.784110995,24.900152282525443,4.01603969587682
Retail Store/Trading,Lagos,269.61377464223096,26961.377464223096,12.681418931138255,514.8164683228191,5.0,2.3043912362583843,1341324.2273717814,323536.52957067714,24.12068036708927,4.145820038162852
Bakery/Food Processing,Abuja,2153.074858143954,215307.4858143954,8.101477681564239,420.0205379268567,5.5,16.729408377186896,13641506.50520908,2583689.829772745,18.93991568149859,5.279854550655934
Salon/Personal Services,Enugu,293.3277712331706,29332.77712331706,8.618490414626066,530.7394753178519,5.1,2.4579166351028205,1393339.7064361952,351993.3254798047,25.26256331129134,3.958426497255093
Bakery/Food Processing,Port Harcourt,1224.4372196583913,122443.72196583913,9.158968158216133,50.35936491871475,4.8,10.901328522599638,5574753.612254597,1469324.6635900694,26.35676418703338,3.7940924496792574
Salon/Personal Services,Abuja,715.9348721815865,71593.48721815864,15.511137758509616,395.0309142998729,5.5,5.5628195196704455,4181804.943698156,859121.8466179037,20.544283107048603,4.86753416894312
Other,Kaduna,1575.4517986960318,157545.1798696032,7.824582809093902,302.07797702316645,6.0,11.221166657379143,9991251.02368615,1890542.1584352383,18.92197637666545,5.284860207484448
Agro-processing Unit,Lagos,2378.0484683719524,237804.84683719525,7.125318315084198,317.3717668682082,5.0,20.32520058437566,12855395.179600293,2853658.162046343,22.19813644138064,4.504882662743935
Other,Enugu,1865.2574055824803,186525.740558248,6.480709428608334,210.30350242158664,5.1,15.629775478318084,8556712.539230792,2238308.886698976,26.15851445793912,3.8228470565785497
Other,Port Harcourt,652.8195915496958,65281.95915496958,8.857759843988356,549.6390035336565,4.8,5.812140238156124,4232138.569119212,783383.509859635,18.510346413885777,5.402384037771637
Salon/Personal Services,Kaduna,454.24488525228855,45424.48852522886,11.595592955277827,468.3166033504053,6.0,3.235362430571856,2790634.9606337063,545093.8623027463,19.53296901931468,5.119549409058989
Salon/Personal Services,Kano,250.41993260320177,25041.993260320178,11.847184249200609,286.49186776658286,6.2,1.7260816970168305,1404382.7235053661,300503.91912384215,21.39758016773224,4.673425649821888
Retail Store/Trading,Enugu,677.5285524373248,67752.85524373248,17.994692439005263,473.1968917451259,5.1,5.677296400513867,4252331.039857844,813034.2629247898,19.119731161663502,5.230199062657718
Salon/Personal Services,Ibadan,408.61270696132766,40861.270696132764,15.930636627288564,143.8895998218641,5.3,3.2947323573724208,2062576.912195591,490335.24835359317,23.772943712030433,4.206462658193837
Bakery/Food Processing,Kano,851.7882667252322,85178.82667252322,8.453380469571277,237.2263558628428,6.2,5.871162577372706,4208167.926590185,1022145.9200702787,24.289570613654387,4.116993321561023
Small Manufacturing Plant,Abuja,4287.0326511084595,428703.26511084597,13.381549686494399,550.833144467932,5.5,33.310277009389736,17870894.88050389,5144439.181330152,28.78669040207067,3.4738276128056333
Salon/Personal Services,Enugu,481.4051062077975,48140.51062077975,12.015307735508753,77.63365540264017,5.1,4.033895644442747,3112465.818149425,577686.127449357,18.560400698402884,5.3878147150457245
Retail Store/Trading,Enugu,227.92924212497906,22792.924212497906,12.613919542996465,290.9982372865895,5.1,1.909914882897428,1508906.112657633,273515.0905499749,18.126713667309186,5.516719789111364
Small Manufacturing Plant,Kaduna,5437.1313824310455,543713.1382431046,7.928155016542142,63.73441416437728,6.0,38.72600699737212,34311732.05128401,6524557.658917255,19.015529875219734,5.258859503584802
Small Manufacturing Plant,Kano,4071.635687755441,407163.56877554406,8.84974268102709,77.2879053363606,6.2,28.06476211576675,16955577.02938514,4885962.825306529,28.816258018461017,3.470263208218618
Bakery/Food Processing,Kano,2031.8170876409692,203181.70876409693,7.339115999486969,384.57572500427443,6.2,14.004804850020465,7105793.843781326,2438180.505169163,34.31257025987251,2.91438383200768
Agro-processing Unit,Port Harcourt,2202.624375417223,220262.4375417223,8.081952604260264,258.86333760562457,4.8,19.610259752646215,14084939.360586649,2643149.2505006674,18.76578367030029,5.328847532131857
Agro-processing Unit,Kaduna,3503.614440557384,350361.4440557384,10.705122922854873,462.92330706608067,6.0,24.954518807388776,19532306.17763603,4204337.328668861,21.525043128203237,4.645751434940205
Agro-processing Unit,Port Harcourt,1813.7157419978766,181371.57419978766,15.273257035980949,180.31332869865676,4.8,16.147754113228956,13179199.284541054,2176458.890397452,16.514348432005242,6.0553403249139
Agro-processing Unit,Enugu,3193.482824722182,319348.2824722182,12.789378658091955,561.0295944664281,5.1,26.759534311397537,15453512.605991157,3832179.389666619,24.79811216629755,4.032565032749038
Salon/Personal Services,Lagos,401.7596366839541,40175.96366839541,6.793982266013286,60.535517053189096,5.0,3.4338430485808042,2076448.8322059482,482111.5640207449,23.218080626073796,4.306988230874712
Salon/Personal Services,Kaduna,687.4580646322895,68745.80646322895,12.296827651937186,476.3842285092221,6.0,4.896424961768443,3452157.68154613,824949.6775587474,23.896639541368636,4.1846888064275785
Bakery/Food Processing,Abuja,1198.523520019575,119852.35200195751,10.141004946158805,66.55712971622542,5.5,9.31253706308916,5887761.449917755,1438228.2240234902,24.427420102823298,4.093760191582495
Small Manufacturing Plant,Abuja,5865.223136009392,586522.3136009392,14.014414880409761,563.2627982676185,5.5,45.57282933962231,38472791.919024885,7038267.763211271,18.294143502829154,5.466230216491698
Small Manufacturing Plant,Enugu,3429.237426001753,342923.7426001753,13.33756333470793,423.1749825609508,5.1,28.735021166429974,19812913.801412284,4115084.911202104,20.769710868619317,4.814703518626669
Salon/Personal Services,Enugu,356.40730516743247,35640.73051674325,16.17731082018756,570.9388045951363,5.1,2.9864865524336555,2448415.6235063346,427688.766200919,17.467980603245504,5.724760192452942
Welding Shop/Technical Services,Kaduna,2769.7102353920086,276971.02353920083,14.86880371127247,202.60557384872473,6.0,19.72728087886046,14445260.07897106,3323652.2824704098,23.008601190288534,4.346200760879283
Small Manufacturing Plant,Kaduna,3485.656147369711,348565.6147369711,17.560323845352457,55.656472764630614,6.0,24.826610736251503,20090588.57211039,4182787.376843653,20.819635830132764,4.803157981047275
Small Manufacturing Plant,Kaduna,5006.174906347505,500617.4906347505,14.474953950663146,392.4792475223886,6.0,35.65651642697653,22573042.1371002,6007409.887617006,26.613204596572537,3.7575332063872837
Retail Store/Trading,Ibadan,992.0870768694926,99208.70768694926,9.742553229164702,236.9845250862865,5.3,7.999412005075734,6660043.645213405,1190504.492243391,17.87532568347372,5.594303665888059
Bakery/Food Processing,Lagos,934.1969850091444,93419.69850091444,11.31357763852485,193.57668942916644,5.0,7.984589615462773,4869233.711508288,1121036.3820109733,23.02285017376425,4.343510870515731
Salon/Personal Services,Lagos,373.20135641546875,37320.135641546876,16.014861483067534,564.5164824401227,5.0,3.1897551830381943,2291646.192830888,447841.6276985625,19.542354709883917,5.117090621091997
Small Manufacturing Plant,Port Harcourt,3150.06575201815,315006.575201815,10.470107178641591,560.7468091634668,4.8,28.045457193893782,16423499.529629558,3780078.90242178,23.01628161283262,4.344750454575837
Other,Abuja,405.0743831716785,40507.43831716785,7.108326337336543,139.53504406342614,5.5,3.147431104675046,2172390.338443208,486089.2598060142,22.375778938252804,4.469118160130001
Retail Store/Trading,Enugu,676.1702673014997,67617.02673014997,7.80566725207197,582.4420097979034,5.1,5.6659147586852665,3554058.8255038885,811404.3207617996,22.83035708185725,4.380132980025427
Agro-processing Unit,Abuja,2616.786318146301,261678.6318146301,12.018215524201997,185.66223869297357,5.5,20.33245002444678,12335318.682135256,3140143.581775561,25.456525791452023,3.928265813616198
Agro-processing Unit,Kano,2677.4006310868335,267740.06310868333,13.942963591644139,463.14742532472354,6.2,18.45465006263326,16365473.080723248,3212880.7573042,19.632067716323,5.093706961740735
Retail Store/Trading,Lagos,803.0944661679304,80309.44661679304,12.93469335232906,547.3978762466215,5.0,6.864055266392567,3871530.6359079927,963713.3594015164,24.892308754144626,4.01730514383684
Bakery/Food Processing,Ibadan,2189.593340420386,218959.3340420386,15.084577376383505,80.58303692425335,5.3,17.655163202873617,14387728.063096592,2627512.0085044634,18.262174521103358,5.475799165342673
Small Manufacturing Plant,Kaduna,2524.0728677687725,252407.28677687724,8.549367326345676,414.93797665239873,6.0,17.97772697841006,16066083.066527924,3028887.441322527,18.852681321142366,5.304285278925011
Salon/Personal Services,Kaduna,417.2783677736548,41727.83677736548,10.82887511159174,536.5227885262875,6.0,2.9720681465360026,1509693.499625077,500734.0413283858,33.16792722845664,3.0149607876070217
Small Manufacturing Plant,Kano,5634.469968461435,563446.9968461435,16.91010316864303,222.63294208326502,6.2,38.83698627282489,30277740.369804896,6761363.962153722,22.331137923676206,4.47805214144402
Retail Store/Trading,Port Harcourt,752.8446501914094,75284.46501914095,9.259598175292435,154.83540819094736,4.8,6.70267672891212,4029412.793883769,903413.5802296913,22.420477286441827,4.460208349822788
Bakery/Food Processing,Enugu,1113.8751774905277,111387.51774905277,10.10529145036313,286.47669087890193,5.1,9.33362810030608,4817973.368101408,1336650.2129886332,27.742997124854586,3.604513223641988
Bakery/Food Processing,Kaduna,2212.613590793616,221261.3590793616,7.438693121672545,454.2092160671918,6.0,15.759356059783588,10419390.16091333,2655136.308952339,25.482645989327253,3.9242392662788004
Agro-processing Unit,Abuja,2828.6372854732635,282863.72854732635,9.45534411211191,321.0507714930535,5.5,21.978533686660942,19211153.301412813,3394364.7425679164,17.668719255487332,5.659719788062354
Agro-processing Unit,Ibadan,2249.8551744425567,224985.51744425567,13.152983462859671,288.61415757038435,5.3,18.141067363671638,9155906.229616482,2699826.209331068,29.487263648441242,3.391294668513136
Welding Shop/Technical Services,Ibadan,1328.8110581577575,132881.10581577575,7.398996894668361,350.6826251396716,5.3,10.7144900673904,7876803.196472232,1594573.269789309,20.243914060255655,4.9397562004240765
Other,Kaduna,1834.102156586376,183410.2156586376,10.127492238692227,453.15005897244276,6.0,13.063405673692136,9151681.078146636,2200922.5879036514,24.049380317232096,4.158111297709697
Agro-processing Unit,Kaduna,3146.6533873494172,314665.33873494173,17.178658971713773,501.53955951452747,6.0,22.412061163457388,19035766.30616031,3775984.0648193005,19.836259828412192,5.04127294485054
Salon/Personal Services,Ibadan,518.2934182885509,51829.34182885509,13.884365978809289,544.1125566212193,5.3,4.179111581104264,2229976.805746436,621952.101946261,27.89051887640939,3.585447816267875
Retail Store/Trading,Abuja,519.6150276695478,51961.50276695478,9.92153647029333,55.946095999357986,5.5,4.037412802405188,3119347.168497292,623538.0332034574,19.989375966248712,5.002657420063844
Salon/Personal Services,Enugu,687.2581982244518,68725.81982244518,15.61176840484038,107.44998495508327,5.1,5.7588251904177294,4446065.740642849,824709.8378693422,18.549204757150054,5.391066695808271
Salon/Personal Services,Enugu,524.9572977362552,52495.72977362552,11.567780378002649,115.29000253001131,5.1,4.398837755457141,3376688.653566855,629948.7572835062,18.655814080403307,5.360259250495177
Small Manufacturing Plant,Lagos,5931.988794712533,593198.8794712533,8.576350649560265,86.97879904980863,5.0,50.700758929166945,44461209.08791931,7118386.5536550395,16.010330577332855,6.245967222037142
Bakery/Food Processing,Abuja,1811.2405451532463,181124.05451532462,14.866400125596392,67.84389532595283,5.5,14.073353109193832,11670117.128791975,2173488.6541838953,18.624394512901368,5.36930206942989
Welding Shop/Technical Services,Enugu,2317.4352774540444,231743.52774540443,12.387502511417454,106.79575488127662,5.1,19.418763846606705,10035405.306871718,2780922.332944853,27.711111289552242,3.608660762648751
Bakery/Food Processing,Abuja,1093.2905908088155,109329.05908088155,12.815691567792966,212.99668743230862,5.5,8.49487638546088,5848154.426348586,1311948.7089705786,22.433551054323313,4.45760904093373
Bakery/Food Processing,Ibadan,2395.1367387072373,239513.67387072372,15.824882753808609,590.9619635825146,5.3,19.312503940551824,12730439.95669307,2874164.086448685,22.57709942646235,4.429266935981652
Small Manufacturing Plant,Abuja,3408.8479363264487,340884.79363264487,17.636683593575725,287.17862838535683,5.5,26.486774952031453,16529307.334827734,4090617.523591738,24.74766450117778,4.04078534341052
Other,Lagos,890.7819520333828,89078.19520333828,6.604194323632239,79.02089182278144,5.0,7.61352095755028,5181265.125124273,1068938.3424400594,20.630836612793885,4.8471131770772
Retail Store/Trading,Ibadan,753.6090047573238,75360.90047573237,11.495147933208335,174.58689431985812,5.3,6.076511891286274,3972080.1589494334,904330.8057087885,22.76718418361358,4.392286687432074
Retail Store/Trading,Kano,691.1762450601861,69117.62450601862,9.034297419001334,367.6974648894324,6.2,4.764104253240874,3205925.6351133026,829411.4940722234,25.871201907742027,3.865301672361605
Retail Store/Trading,Port Harcourt,487.36699758615225,48736.69975861523,15.882626719341829,501.38288842172864,4.8,4.339093639477851,3869190.392717196,584840.3971033827,15.115317101071108,6.615805631554614
Bakery/Food Processing,Ibadan,1611.4956768080824,161149.56768080825,10.209829312020187,249.407888107502,5.3,12.99383709730755,6957591.522792105,1933794.812169699,27.794026220637637,3.597895432859164
Small Manufacturing Plant,Ibadan,5320.000839838763,532000.0839838763,9.938153793571344,164.9826555387653,5.3,42.896313819051464,37272278.83201332,6384001.007806515,17.12801365481112,5.8383886196815835
Welding Shop/Technical Services,Enugu,1169.3766837506137,116937.66837506136,11.6003174506129,315.172654405913,5.1,9.798698539891182,6781627.183181867,1403252.0205007363,20.691966435146107,4.832793456988512
Salon/Personal Services,Kano,696.5906617618897,69659.06617618896,8.654864357352768,259.54520051761995,6.2,4.801424467617105,3598652.7454197253,835908.7941142676,23.228381654167418,4.305078222359023
Welding Shop/Technical Services,Lagos,2616.8114777873816,261681.14777873817,15.883483328987682,261.53609178832255,5.0,22.36591006655882,18610074.061343547,3140173.773344858,16.873515725912995,5.926447198341008
Salon/Personal Services,Abuja,448.43061513634257,44843.06151363425,9.639430690191395,562.9051831306216,5.5,3.484309363918745,2244540.565083879,538116.738163611,23.974471503637158,4.171103416599988
Small Manufacturing Plant,Enugu,2915.253180095531,291525.3180095531,17.20499307601764,426.12654850943875,5.1,24.42813122251995,16419826.751988085,3498303.8161146375,21.30536374685603,4.693653729087667
Bakery/Food Processing,Lagos,1703.6726595674431,170367.26595674432,6.3919087294139505,311.57790550210456,5.0,14.561304782627719,9665901.753496608,2044407.1914809318,21.150713545597277,4.727972878286934
Bakery/Food Processing,Lagos,1493.1717785046449,149317.17785046448,7.934625743701471,411.0252819253613,5.0,12.762151953031152,8294025.676962019,1791806.1342055737,21.603575923120196,4.628863312067692
Bakery/Food Processing,Ibadan,2450.956542526086,245095.65425260863,12.746265732774301,443.1143020441702,5.3,19.76259105407262,17197638.52394064,2941147.8510313034,17.10204483561487,5.847253995718151
Small Manufacturing Plant,Port Harcourt,2739.576583981059,273957.6583981059,11.012003949803937,113.99716684047273,4.8,24.39081716507353,20282719.550037984,3287491.9007772706,16.20833879138813,6.169663732172993
Bakery/Food Processing,Port Harcourt,1841.7529204120676,184175.29204120676,17.261785898569855,413.97775285940116,4.8,16.397372866916555,8913611.823967615,2210103.5044944813,24.794702171703083,4.033119628035897
Welding Shop/Technical Services,Ibadan,1153.606096628843,115360.60966288431,10.255994459820993,352.8648586924683,5.3,9.301774686573479,5053182.968526305,1384327.3159546116,27.395155183908425,3.6502804721741002
Retail Store/Trading,Kaduna,522.5662049066018,52256.62049066018,16.003728125702068,498.06905259049404,6.0,3.7219815164287877,2497999.728504868,627079.4458879221,25.10326317222016,3.9835458567260007
Bakery/Food Processing,Enugu,1840.1127341754764,184011.27341754764,10.481495341592463,190.43500556978427,5.1,15.419077712212806,8318021.159596899,2208135.281010572,26.54640134526396,3.7669889300396875
Small Manufacturing Plant,Ibadan,2870.5601137459525,287056.0113745952,10.25877220183865,277.24488446424573,5.3,23.145945119706113,17304770.482706785,3444672.1364951427,19.905910569212775,5.023633541017899
Small Manufacturing Plant,Enugu,4865.380237864258,486538.02378642577,13.89791789157088,88.55947680269132,5.1,40.76906517399244,22727801.58755996,5838456.285437109,25.688609885756758,3.892775842862784
Small Manufacturing Plant,Ibadan,3883.407604009052,388340.7604009052,8.181346406608343,136.24698792424311,5.3,31.312752814135234,22199154.3635898,4660089.124810862,20.99219208301989,4.763675923148957
Agro-processing Unit,Abuja,3568.255374343115,356825.53743431147,6.50298260059509,280.5505817461667,5.5,27.725371984017983,13942756.27856218,4281906.449211737,30.7106167795203,3.2562029189425483
Bakery/Food Processing,Ibadan,1085.946214803081,108594.6214803081,16.551962588141688,356.3722823012693,5.3,8.756218471239162,5486983.953178655,1303135.457763697,23.749576614102903,4.210601377231217
Small Manufacturing Plant,Ibadan,3309.832227318968,330983.2227318968,12.029127445996517,452.3174978367137,5.3,26.68789088307505,20573062.297700107,3971798.6727827615,19.30582144412587,5.179784775769111
Agro-processing Unit,Kaduna,3895.2950222985846,389529.5022298585,8.645352050945027,537.3999746711398,6.0,27.744266540588207,19243855.419776212,4674354.026758302,24.290111959345932,4.116901567492517
Retail Store/Trading,Ibadan,947.4432913339922,94744.32913339922,16.997046534384793,399.4778962740504,5.3,7.6394395366391885,6809092.003850941,1136931.9496007906,16.69726226283606,5.98900576788418
Small Manufacturing Plant,Enugu,4704.372290521476,470437.22905214765,10.838527598205873,463.81883526708333,5.1,39.41991193666395,33492793.834105454,5645246.748625772,16.855108524500757,5.932919378990588
Other,Enugu,1203.1998311965842,120319.98311965843,14.129256854739534,285.65184711683753,5.1,10.082116902937692,6489135.87976563,1443839.7974359011,22.250108861768027,4.494360033079579
Retail Store/Trading,Ibadan,785.1971712345113,78519.71712345113,15.89365821125459,130.53994113154886,5.3,6.331214088328586,3280801.057043736,942236.6054814137,28.719711713652156,3.481929101414488
Other,Ibadan,1715.9805164761876,171598.05164761876,12.483558381483686,514.5662499996233,5.3,13.836320887568034,11598303.179527342,2059176.6197714251,17.75411961472231,5.632495565540555
Small Manufacturing Plant,Port Harcourt,4009.555972193551,400955.5972193551,10.54848582459642,553.2834028844723,4.8,35.69761371254942,30860363.020768523,4811467.166632261,15.591090627787565,6.413919486926257
Salon/Personal Services,Lagos,313.26002390646084,31326.002390646085,16.130547903433715,316.21131488017227,5.0,2.6774361017646227,2217589.014577163,375912.028687753,16.95138396775607,5.899223343074179
Small Manufacturing Plant,Ibadan,4299.334048929409,429933.4048929409,9.701619377873808,365.17321034045864,5.3,34.666457417589164,19107457.180185813,5159200.85871529,27.00098087392453,3.703569157984639
Agro-processing Unit,Abuja,2313.0279906905284,231302.79906905285,6.471232970899828,199.59923293939582,5.5,17.972245459910862,16160033.027482461,2775633.5888286345,17.175915322130038,5.822106020233844
Welding Shop/Technical Services,Enugu,1012.7580868131813,101275.80868131813,17.74025744468228,581.1609654008611,5.1,8.486325513768906,5120934.707613003,1215309.7041758175,23.732185110055894,4.213687005063331
Welding Shop/Technical Services,Kano,1790.31059494461,179031.05949446102,14.740450252075751,240.19335412573375,6.2,12.340161255477048,9744802.790164117,2148372.713933532,22.04634367872467,4.535899533150377
Salon/Personal Services,Port Harcourt,586.2105521058845,58621.05521058845,15.66516051655175,570.7159345807324,4.8,5.219111040828744,4505209.4598309025,703452.6625270614,15.61420548365502,6.40442449054998
Agro-processing Unit,Kano,2500.53068962418,250053.068962418,15.399575795472572,196.26064784766533,6.2,17.235529980866968,10242641.92049387,3000636.827549016,29.29553576939195,3.4134893721411386
Salon/Personal Services,Ibadan,793.7159974658714,79371.59974658713,6.309235185172214,381.9408435756165,5.3,6.39990322097945,5525058.350313684,952459.1969590456,17.238898425479434,5.800834689773334
Other,Kaduna,1421.160168807256,142116.0168807256,14.256546684889546,116.21316833399895,6.0,10.122223424553106,6314168.38843414,1705392.202568707,27.00897565057858,3.702472885078032
Small Manufacturing Plant,Lagos,5784.854242155956,578485.4242155956,8.174199348600993,392.5143717819126,5.0,49.44319865090561,44032396.493335105,6941825.090587147,15.765267492624174,6.34305761362979
Bakery/Food Processing,Enugu,1178.5493345092445,117854.93345092445,9.686597004255251,350.5521979504684,5.1,9.875560034433086,6048820.103837844,1414259.2014110934,23.380744957413707,4.277023686890327
Other,Ibadan,1009.2288115597801,100922.881155978,7.922707211718075,144.01502133146656,5.3,8.137629507819545,7172297.754454423,1211074.573871736,16.885447527880263,5.9222593795566185
Agro-processing Unit,Abuja,2545.361970406999,254536.1970406999,15.08739573930601,543.8805557662837,5.5,19.777482287544665,10312332.49762139,3054434.3644883987,29.619238568897245,3.3761840219960493
Welding Shop/Technical Services,Ibadan,1168.2553245187657,116825.53245187657,10.717246890712813,105.13506004758214,5.3,9.419894569575598,7382454.313219972,1401906.389422519,18.989706267630876,5.2660108898290945
Other,Lagos,328.2072170754164,32820.72170754164,13.94062419172748,381.3471930816233,5.0,2.8051898895334735,1999664.053865839,393848.6604904997,19.695741378612773,5.077239697541321
Bakery/Food Processing,Kaduna,1077.1324934853064,107713.24934853065,8.805753997116769,63.03926450448511,6.0,7.6718838567329515,5302428.901758717,1292558.9921823677,24.376734061509996,4.102272262874479
Welding Shop/Technical Services,Abuja,2669.8944113888074,266989.44113888073,17.696287152582617,124.50274523707995,5.5,20.74510032159135,12227114.949012743,3203873.2936665686,26.20301933061699,3.816354090276716
Welding Shop/Technical Services,Enugu,1462.9504275305962,146295.04275305962,16.42091428736321,559.5550888759017,5.1,12.258676282307661,9589206.29036552,1755540.5130367153,18.307464245508452,5.462252918207062
Retail Store/Trading,Kano,535.7019062454483,53570.19062454483,6.607469667228889,71.66550853105068,6.2,3.692458686555337,2128051.8089449177,642842.287494538,30.208018657837915,3.310379311291028
Bakery/Food Processing,Kano,1775.7147723173177,177571.47723173178,10.714741306718148,65.75883516770999,6.2,12.239555916165685,8826393.187982455,2130857.7267807815,24.141885381698646,4.142178558920981
Welding Shop/Technical Services,Kano,2166.5047846251136,216650.47846251135,6.13563043906827,483.0545769821001,6.2,14.933173315585288,8979289.416851997,2599805.7415501364,28.95335722970369,3.4538309048806424
Retail Store/Trading,Kaduna,445.1462581626972,44514.62581626972,6.483096036110785,373.59372154073435,6.0,3.170557394321205,2797219.669895487,534175.5097952366,19.096659284367007,5.236517995682232
Retail Store/Trading,Kano,518.1475315464438,51814.75315464438,17.685604960285794,349.3092643770362,6.2,3.5714607909184157,1826632.4699316954,621777.0378557325,34.039526182241964,2.937761221017491
Agro-processing Unit,Kaduna,2188.097952592521,218809.79525925207,14.513266375607698,199.32060139849122,6.0,15.58474325208348,9037457.212327274,2625717.543111025,29.053720326658844,3.4419000002640945
Bakery/Food Processing,Enugu,2337.213595392861,233721.3595392861,10.496663646088518,352.42770952691285,5.1,19.584494682360155,11690459.654089851,2804656.314471433,23.99098407982818,4.168232518818635
Agro-processing Unit,Lagos,1626.432759560572,162643.27595605722,11.11345485542677,507.79994681354725,5.0,13.901134697098907,9252972.396442773,1951719.3114726865,21.09289023949762,4.7409339765464855
Salon/Personal Services,Enugu,673.6717234861723,67367.17234861723,8.691822706242315,174.34348905580947,5.1,5.64497841030813,3347992.0814669617,808406.0681834067,24.145997018881662,4.141473219010261
Welding Shop/Technical Services,Lagos,2634.610624426474,263461.0624426474,17.164781042031905,102.44850670015195,5.0,22.518039525012597,15684707.056606894,3161532.749311769,20.156785446496635,4.961108519284288
Bakery/Food Processing,Port Harcourt,1565.099687024583,156509.9687024583,10.049451347570749,528.8786505015917,4.8,13.934292085332826,11830021.816853302,1878119.6244294997,15.87587625370133,6.298864919451979
Other,Ibadan,441.99235495603193,44199.23549560319,8.533511310696449,463.8575856725719,5.3,3.5638796561524906,2797023.164656438,530390.8259472384,18.96268978567387,5.2735134693575505
Bakery/Food Processing,Kaduna,887.1995432680665,88719.95432680665,11.910424568571472,293.158869073846,6.0,6.319085066011869,4625474.169027569,1064639.4519216798,23.016871633411434,4.344639080092856
Agro-processing Unit,Kaduna,2336.0029474718717,233600.29474718717,10.734867783827085,341.4673228116281,6.0,16.638197631566037,8911439.801828327,2803203.536966246,31.45623602137921,3.1790198907471026
Other,Ibadan,574.3245092602513,57432.45092602513,12.863950539403113,492.98778111499246,5.3,4.630902348494204,3600975.0480776383,689189.4111123015,19.13896658295985,5.224942504943491
Bakery/Food Processing,Ibadan,2092.27358064327,209227.358064327,7.846798856325284,132.08720835781065,5.3,16.870452996639816,9558220.242894774,2510728.296771924,26.267738480271014,3.8069512560096217
Small Manufacturing Plant,Ibadan,3438.6102871071967,343861.02871071966,10.332896716092446,274.6505697746654,5.3,27.726256145034643,22584337.499427464,4126332.344528636,18.270769929085777,5.473223098322039
Other,Enugu,1455.4852686166869,145548.52686166868,6.680165185990025,69.06998732433651,5.1,12.196122579325346,7317950.441094107,1746582.3223400242,23.867096892759125,4.18986860653079
Welding Shop/Technical Services,Port Harcourt,1783.8211258878182,178382.1125887818,14.365964305655766,156.3894386260654,4.8,15.881598343018323,10590159.32857281,2140585.3510653814,20.212966440362884,4.947319350430025
Other,Kaduna,1390.557618135628,139055.7618135628,9.117937655283594,537.3473598474341,6.0,9.90425653942755,6340586.986986509,1668669.1417627535,26.31726597533554,3.799786805123286
Other,Enugu,1822.672905253248,182267.2905253248,9.567446451375918,176.4965646797823,5.1,15.272942058431774,12883117.09233751,2187207.4863038976,16.977315898221423,5.890212598946586
Other,Abuja,999.2167525125932,99921.67525125932,8.886379022161785,419.811113810437,5.5,7.763921930944779,4274953.484770215,1199060.1030151118,28.04849473302662,3.5652537133214395
Agro-processing Unit,Port Harcourt,3565.161711370714,356516.1711370714,14.077105570934604,503.39274598714223,4.8,31.74111210265949,23052235.100158233,4278194.053644856,18.55869522003743,5.388309836137194
Salon/Personal Services,Kano,408.0449054348582,40804.49054348582,7.875803648506331,455.87302106867565,6.2,2.8125510438024413,1566097.7330705565,489653.8865218299,31.26585756316715,3.198377009105464
Retail Store/Trading,Lagos,488.3796041132431,48837.96041132431,14.05524990274959,198.85416808997113,5.0,4.174184650540539,3263871.509649413,586055.5249358917,17.955839352231195,5.569218906359506
Small Manufacturing Plant,Enugu,2784.3037218233544,278430.3721823354,17.91098154585316,135.9108293618296,5.1,23.330850694011684,20111922.41340131,3341164.4661880247,16.612854790856215,6.019435025402161
Agro-processing Unit,Kano,3971.052484908703,397105.2484908703,17.727359190797365,486.5999571494218,6.2,27.371467362205006,18444073.36637931,4765262.981890444,25.836282947002264,3.8705258107417815
Retail Store/Trading,Ibadan,727.5383696655981,72753.83696655981,12.933684603013017,526.3558499578091,5.3,5.866298739442009,4078467.374170536,873046.0435987178,21.406228455518164,4.671537548419543
Bakery/Food Processing,Lagos,1292.0471867531296,129204.71867531296,11.612174549818524,390.66448315157606,5.0,11.043138348317347,9618232.65042589,1550456.6241037557,16.119974224527645,6.203483864623254
Welding Shop/Technical Services,Kaduna,1822.3809517389823,182238.09517389824,11.129837449083215,231.65656712614643,6.0,12.97992130868221,9194931.545208996,2186857.142086779,23.78328899279557,4.2046329265179425
Bakery/Food Processing,Enugu,1759.1940883637112,175919.40883637112,16.206894336181392,160.84060790347206,5.1,14.741026381462303,10245593.766270507,2111032.9060364533,20.60430028941982,4.853355784731471
Salon/Personal Services,Abuja,757.3814751897369,75738.14751897368,14.269051844978756,502.8002669740166,5.5,5.884859947084202,4303784.282637183,908857.7702276842,21.117642301318444,4.735377111381259
Other,Enugu,1245.5241774710198,124552.41774710198,15.354200417088762,58.910218536706964,5.1,10.436770382696663,8095718.191087006,1494629.0129652238,18.461969373029042,5.416540238989308
Agro-processing Unit,Kano,3545.9510619488383,354595.1061948838,6.481666309024398,539.4523569995744,6.2,24.44135002721835,13265624.606646216,4255141.274338606,32.076448720000236,3.1175520978931885
Small Manufacturing Plant,Kaduna,5971.869615335252,597186.9615335253,9.528809546121334,165.6752059571865,6.0,42.5346838699092,35237612.62285048,7166243.538402303,20.33691559954099,4.91716649511281
Welding Shop/Technical Services,Kano,2530.7267277160813,253072.67277160814,9.03631609104304,526.0593107447119,6.2,17.443663687042193,11760553.136685388,3036872.0732592978,25.822527545802277,3.8725876009862583
Agro-processing Unit,Kano,1757.1064803936918,175710.64803936917,7.511462356552299,588.5333553053385,6.2,12.1112936338137,6406140.435841779,2108527.77647243,32.91416723672505,3.0382053807037157
Retail Store/Trading,Enugu,739.0711186160037,73907.11186160037,16.162646693147433,228.3811575433349,5.1,6.192987419272697,5044021.461474254,886885.3423392044,17.58290183959661,5.687343358466603
Other,Kaduna,1450.0223741850275,145002.23741850274,13.130901927703167,381.73256606762084,6.0,10.327794687927545,6721122.110042141,1740026.849022033,25.888933730607715,3.862654253766078
Welding Shop/Technical Services,Port Harcourt,2365.064919075443,236506.4919075443,12.904310077549184,285.98430311646626,4.8,21.056489664133217,11373599.681300187,2838077.9028905313,24.953207273126857,4.007500875756927
Small Manufacturing Plant,Ibadan,3465.729430331914,346572.9430331914,15.222975970958425,174.44983650175243,5.3,27.944923644024463,21056824.568899952,4158875.3163982965,19.75072405998377,5.063105519387332
Agro-processing Unit,Enugu,3230.8857653860355,323088.5765386035,8.79999387179192,393.93159347494964,5.1,27.07294926584578,23067575.22443855,3877062.9184632422,16.80741421992093,5.949755190865431
Small Manufacturing Plant,Enugu,5114.773934951601,511477.39349516015,8.62456666687847,82.96881547371956,5.1,42.85883974318419,36648654.02816146,6137728.721941922,16.747487417206607,5.971044939986555
Other,Abuja,522.655363090096,52265.5363090096,13.271963607252307,517.1955234241545,5.5,4.061036232246278,3586160.5439223833,627186.4357081152,17.489078584923767,5.717854117609358
Welding Shop/Technical Services,Abuja,1089.9936424708487,108999.36424708487,14.809815108499755,237.72525527252867,5.5,8.469259071257564,7174158.4701522775,1307992.3709650184,18.23199719391277,5.484862625658347
Small Manufacturing Plant,Ibadan,4174.849294718329,417484.9294718329,17.146314598146787,232.584327604715,5.3,33.662710004179395,16860182.660917327,5009819.153661994,29.713907935736568,3.36542740242293
Welding Shop/Technical Services,Abuja,1930.673867878972,193067.3867878972,6.164188977128173,94.8792960026611,5.5,15.001350954770565,9782327.951312717,2316808.6414547665,23.683612458973712,4.222328843339524
Small Manufacturing Plant,Kaduna,3405.0705689717443,340507.05689717445,6.334226889852893,397.256429326538,6.0,24.25263938014063,20067046.89316556,4086084.6827660934,20.362162427386032,4.911069752862067
Retail Store/Trading,Enugu,541.118685441298,54111.8685441298,12.577742432736265,146.05595224298125,5.1,4.534260813149807,2931405.0676937844,649342.4225295576,22.15123490389586,4.514420998822619
Bakery/Food Processing,Abuja,1303.0844500422475,130308.44500422475,13.965893698232701,580.91649799672,5.5,10.124976301804564,7498753.8994944645,1563701.3400506969,20.85281582792196,4.795515427038866
Agro-processing Unit,Port Harcourt,1626.041934005523,162604.1934005523,16.684611850263195,367.28466072116464,4.8,14.47686907056199,10749462.960242564,1951250.3208066276,18.15207260142601,5.509012783044075
Salon/Personal Services,Enugu,516.5477183911554,51654.77183911554,12.003342422493123,88.16674724730086,5.1,4.328370356889185,2796171.060651034,619857.2620693865,22.16807372024889,4.510991855312057
Small Manufacturing Plant,Kaduna,2814.5689810765625,281456.8981076563,13.210944067909033,237.52721428955707,6.0,20.04678761450543,17276112.496478956,3377482.7772918753,19.55001611606917,5.115085297438954
Welding Shop/Technical Services,Enugu,2834.5361331553613,283453.6133155361,10.879086448313668,128.8048022864526,5.1,23.751769173415127,16656909.987159839,3401443.359786433,20.42061440212184,4.897012304860393
Bakery/Food Processing,Lagos,2015.0220169534612,201502.20169534613,9.520241057292118,339.00866904574127,5.0,17.222410401311635,11813086.93773717,2418026.4203441534,20.46904787113446,4.885425088141028
Agro-processing Unit,Port Harcourt,3244.581963762925,324458.1963762925,16.803169334424844,485.70515714092187,4.8,28.886947683074474,25969524.795170374,3893498.35651551,14.992566815237199,6.669971942253964
Bakery/Food Processing,Kano,1949.813815383631,194981.3815383631,14.155598188741724,570.2585542176475,6.2,13.439576891257449,9372762.881155716,2339776.578460357,24.96357379492192,4.005836697161604
Agro-processing Unit,Kano,2239.56024374134,223956.024374134,6.013345130354249,199.57500766900927,6.2,15.436726245804659,8819917.11400297,2687472.292489608,30.4704937444688,3.2818634590767877
Welding Shop/Technical Services,Ibadan,1435.782759253488,143578.2759253488,13.942015021367979,398.541379871041,5.3,11.577025957534977,8164440.189370493,1722939.3111041856,21.10296935419194,4.738669630875229
Bakery/Food Processing,Enugu,1808.8843505980303,180888.43505980304,6.194921318513444,450.8279299478561,5.1,15.157401965795462,12514052.529761808,2170661.2207176364,17.345789587787134,5.765087803809648
Salon/Personal Services,Enugu,360.29476811556947,36029.476811556946,13.980671868079574,356.11813567618435,5.1,3.0190612377708184,2447686.178925636,432353.72173868335,17.663772646232637,5.6613047508471075
Salon/Personal Services,Kaduna,372.77510152813966,37277.510152813964,7.614915205249293,101.93039371326452,6.0,2.6550933157274903,2165049.9272413803,447330.12183376757,20.66142291710278,4.839937713932743
Bakery/Food Processing,Lagos,2213.58116629078,221358.116629078,17.020770504978696,407.38342572036476,5.0,18.919497147784444,14817930.15865704,2656297.3995489357,17.926237815320338,5.5784153390253906
Agro-processing Unit,Lagos,1758.5852871512084,175858.52871512083,10.82432660265889,450.9165600578365,5.0,15.030643479924858,9043744.761939177,2110302.34458145,23.334386364625296,4.285520880531876
Other,Kano,1625.6955028171158,162569.55028171156,7.418623467493063,50.01689536496033,6.2,11.205510772105843,9466792.390190413,1950834.6033805388,20.60713410597251,4.852688369268062
Bakery/Food Processing,Port Harcourt,2010.6329779970285,201063.29779970285,10.279154111834467,189.96473239004314,4.8,17.900934633164425,15347856.545433583,2412759.573596434,15.720498601573768,6.361121395347415
Welding Shop/Technical Services,Abuja,1025.7949395790508,102579.49395790508,12.483592881137996,518.13290448429,5.5,7.970434650963875,4604209.877764561,1230953.927494861,26.735399996416202,3.7403592246012662
Salon/Personal Services,Kaduna,772.4605700771822,77246.05700771822,12.788939407359472,332.9537302569418,6.0,5.501855912230642,3038027.2022129605,926952.6840926186,30.51166505083982,3.2774350345474685
Bakery/Food Processing,Kaduna,944.5958553317099,94459.58553317099,12.586473618511198,258.9884934309671,6.0,6.727890707490811,5989450.794686426,1133515.026398052,18.92519139490479,5.283962413554397
Other,Kano,1332.1299775020807,133212.99775020807,10.66471617451856,182.1645178977017,6.2,9.182037341481118,7780211.894236787,1598555.9730024969,20.546432343142627,4.867025006089439
Bakery/Food Processing,Port Harcourt,961.44096788824,96144.096788824,9.779021335066748,103.15465885826376,4.8,8.559837677067664,7338301.409496416,1153729.161465888,15.722019266922718,6.360506134882321
Other,Kaduna,600.7248164007726,60072.48164007726,17.84803390295455,294.25695629864026,6.0,4.278666783481286,3656337.069562496,720869.7796809272,19.715627032361756,5.072118671947757
Agro-processing Unit,Kaduna,2829.679416262541,282967.9416262541,16.483422344846584,597.5628952698783,6.0,20.154411796741744,14444157.62494885,3395615.2995150494,23.508572723202153,4.253767388494132
Agro-processing Unit,Ibadan,2956.786123361704,295678.6123361704,15.74968585253006,229.8175633851714,5.3,23.841204026461085,18085000.287993785,3548143.3480340447,19.619260666473835,5.0970320288819
Bakery/Food Processing,Lagos,1319.7647276603948,131976.4727660395,10.832444651934722,419.878994470507,5.0,11.280040407353802,8100706.207171779,1583717.6731924738,19.550365519864982,5.114993880722626
Bakery/Food Processing,Abuja,1959.7258717336679,195972.58717336677,9.78287321579341,123.26545827514578,5.5,15.227085250455847,7925432.003022224,2351671.046080401,29.672465112105346,3.3701278145307665
Bakery/Food Processing,Kano,1875.0736359913647,187507.36359913647,7.539910346265174,368.17087952613156,6.2,12.924411607329505,10316281.295518085,2250088.3631896377,21.81104119531124,4.5848338511000195
Retail Store/Trading,Abuja,754.7377024450471,75473.77024450472,14.40733795673342,464.4096608627782,5.5,5.864317812315828,4117529.963848065,905685.2429340566,21.995838546069557,4.546314512654442
Bakery/Food Processing,Enugu,2283.86101666163,228386.10166616298,11.999507903577461,451.63705424126414,5.1,19.137431009398608,14526910.597883074,2740633.219993956,18.865905462330947,5.3005672163293385
Other,Port Harcourt,1352.5936501219223,135259.36501219223,8.23967927757219,64.12930467817449,4.8,12.042322383564123,8442341.421512939,1623112.3801463067,19.225855708823385,5.20132895588656
Agro-processing Unit,Lagos,2211.3534641923343,221135.34641923342,11.316404476051433,389.408269435761,5.0,18.90045695890884,13168411.971238269,2653624.1570308013,20.151436352589084,4.962425419722097
Agro-processing Unit,Abuja,3624.8983262580136,362489.8326258014,8.354948600473987,119.0523844441624,5.5,28.165488160512922,16018153.731896902,4349877.991509616,27.155926109310073,3.6824374759848917
Bakery/Food Processing,Enugu,2437.915910706357,243791.5910706357,7.296534712516886,313.17008855895403,5.1,20.428321691858194,12491622.219063625,2925499.0928476285,23.419689144801282,4.269911499751826
Welding Shop/Technical Services,Abuja,2171.1274575866037,217112.74575866037,12.49649305088926,97.31768636811876,5.5,16.869677215125122,9506756.062701857,2605352.9491039244,27.40527822445749,3.6489321210669656
Other,Kano,396.94575380615294,39694.57538061529,7.265801129532428,372.07322612993687,6.2,2.736047379419306,1582164.5918642136,476334.9045673835,30.106532974937423,3.3215382217290284
Small Manufacturing Plant,Kaduna,4405.207106720124,440520.7106720124,8.804889504440931,400.77577801507533,6.0,31.376118993733076,27899361.12337781,5286248.5280641485,18.947561217215913,5.27772407507195
Agro-processing Unit,Lagos,3550.1687551391233,355016.87551391235,6.498947518159126,323.97146895142333,5.0,30.34332269349678,17030049.624260005,4260202.506166948,25.015796196495604,3.9974742044791975
Other,Kano,1471.8277005745736,147182.77005745735,9.027743124836245,219.27399791123202,6.2,10.14493865849582,6165162.104097298,1766193.2406894881,28.647961089550193,3.4906498122994383
Retail Store/Trading,Port Harcourt,690.9103223915071,69091.0322391507,16.775223521324843,495.45843116659466,4.8,6.151267115309001,4528783.453770082,829092.3868698084,18.30717664761853,5.4623387278566735
Small Manufacturing Plant,Abuja,4540.955766848542,454095.5766848542,14.76266061308699,250.65235861428928,5.5,35.28326159167476,26253266.92503462,5449146.920218251,20.756071752053256,4.817867330320232
Retail Store/Trading,Kaduna,712.7724224790062,71277.24224790062,11.594179093530684,154.4648750516585,6.0,5.076726655833378,2851037.1554283863,855326.9069748074,30.000552793437347,3.333271912972054
Bakery/Food Processing,Enugu,1992.9550655913372,199295.5065591337,12.677575648185865,247.24187007447526,5.1,16.699807822954057,13651875.302014166,2391546.078709604,17.518077376203113,5.708388988842
Salon/Personal Services,Kano,742.37047355111,74237.04735511099,6.251209413920799,223.6752331872228,6.2,5.116973211683967,4165631.4221809236,890844.5682613319,21.385583071939877,4.676047394340651
Salon/Personal Services,Lagos,186.97290855547027,18697.290855547028,15.198327794659527,436.1590997625859,5.0,1.598059047482652,950728.6054736619,224367.49026656433,23.599530820341975,4.237372376649263
Retail Store/Trading,Kaduna,465.08177498905366,46508.17749890537,14.107954826484876,267.76547440777244,6.0,3.3125482549077896,2038762.550325207,558098.1299868644,27.37435656240797,3.653053899989222
Bakery/Food Processing,Kaduna,2085.6314454181384,208563.14454181385,11.450203952840473,276.7538503074161,6.0,14.854924824915514,13000958.103691274,2502757.734501766,19.250563801072285,5.194653051898141
Small Manufacturing Plant,Port Harcourt,5771.554704209053,577155.4704209053,9.010549198688402,116.24603699811098,4.8,51.38492436083558,42663288.09984068,6925865.645050863,16.23378308029832,6.159993607488954
Agro-processing Unit,Abuja,2961.3577831486455,296135.77831486455,17.63186174741015,257.81156754995266,5.5,23.00977298483796,17927347.020523835,3553629.339778375,19.82239388633499,5.044799360431297
Welding Shop/Technical Services,Ibadan,1124.073527257563,112407.3527257563,10.07166320771481,328.26240987575716,5.3,9.063647212204184,4829956.769660141,1348888.2327090756,27.92754256481657,3.5806945694527776
Small Manufacturing Plant,Lagos,3066.730523212748,306673.05232127476,13.897226616677905,598.7621639556103,5.0,26.21137199327135,17490996.163020138,3680076.627855297,21.039834401403613,4.7528891193805585
Salon/Personal Services,Port Harcourt,443.63065938793846,44363.06593879384,10.256742680762551,270.3872917589566,4.8,3.9497031640664035,2858482.1315572443,532356.7912655261,18.62375788144279,5.369485612763613
Agro-processing Unit,Kaduna,1787.8654459880029,178786.54459880028,16.599283217114685,278.1541105367436,6.0,12.734084373133923,7321646.648032208,2145438.5351856034,29.302677912791914,3.412657378878863
Small Manufacturing Plant,Kano,3855.4604399869445,385546.04399869445,13.916283275165693,293.11838151211794,6.2,26.574720430017535,18051958.658540115,4626552.527984333,25.62908887338704,3.901816427966695
Welding Shop/Technical Services,Lagos,2296.466937615692,229646.69376156921,6.73735548156945,497.54783904722507,5.0,19.627922543723866,14532717.019910604,2755760.3251388306,18.962457752141535,5.273577998543277
Bakery/Food Processing,Kaduna,2398.856719894984,239885.6719894984,13.785184633912632,575.0112608723459,6.0,17.085874073326096,10780343.729061155,2878628.0638739807,26.702562888731528,3.7449588796661892
Bakery/Food Processing,Port Harcourt,1057.4349344289376,105743.49344289376,11.728994273764243,380.99370366999597,4.8,9.41448481507245,7648119.663303772,1268921.9213147252,16.591292725231586,6.02725789099741
Other,Enugu,1288.9523006160175,128895.23006160175,10.817541349068518,235.94642515144375,5.1,10.800672872599442,9031304.835177239,1546742.760739221,17.126459453728163,5.83891844488801
Salon/Personal Services,Enugu,232.43561465777222,23243.56146577722,10.70090940674734,139.46344830801684,5.1,1.9476756716756511,1225952.3521340673,278922.7375893266,22.75151535080413,4.39531162905444
Welding Shop/Technical Services,Abuja,2468.731352984437,246873.1352984437,8.50597122593508,82.21091790649362,5.5,19.182061794750865,16025900.242209127,2962477.6235813242,18.48556136508781,5.409627439762903
Welding Shop/Technical Services,Kano,2104.7322756344684,210473.22756344682,13.14275679263282,529.552183704278,6.2,14.507390926623023,7854745.757428971,2525678.730761362,32.15481199213342,3.109954429976599
Retail Store/Trading,Kano,661.5852899341455,66158.52899341455,10.145770244681348,491.6565348394763,6.2,4.560141231969571,3808135.817524737,793902.3479209747,20.8475323875661,4.796730766066207
Other,Kano,1218.474118418616,121847.4118418616,6.951363415574301,361.2178081722857,6.2,8.398636051961786,4712476.138923441,1462168.9421023391,31.02761476127855,3.2229354647266257
Bakery/Food Processing,Port Harcourt,2343.631527216826,234363.1527216826,10.755751505978647,212.97919104489003,4.8,20.865665306417608,11124964.73684168,2812357.832660191,25.279701097359208,3.955742973972358
Welding Shop/Technical Services,Ibadan,1286.9389140360402,128693.89140360402,7.817346263224287,288.0243163880004,5.3,10.37686594126786,7852279.905148865,1544326.6968432483,19.667239521487367,5.084597657477318
Other,Abuja,1312.6557010746,131265.57010746002,6.967384862035221,566.7627239638412,5.5,10.199344996694638,7025053.302415123,1575186.8412895203,22.422418357281234,4.459822237128449
Other,Kaduna,1583.727149656833,158372.7149656833,13.039487019403952,505.64126901644494,6.0,11.280107903538696,9736495.52667546,1900472.5795881995,19.51906180597937,5.123197057010523
Agro-processing Unit,Lagos,1700.4668920302831,170046.6892030283,11.722066532797493,396.55121977391485,5.0,14.53390506008789,9378375.447977563,2040560.2704363395,21.758142247081654,4.5959806156434455
Other,Kano,1708.7099404010917,170870.99404010916,15.401634720591213,202.3880873423698,6.2,11.777708439489189,7241652.474347707,2050451.92848131,28.31469662131232,3.531734820874985
Agro-processing Unit,Lagos,3852.2004238980107,385220.04238980106,7.492150097170445,531.3234902416336,5.0,32.92478994784624,23057031.615664013,4622640.508677613,20.04872346853694,4.9878487354535554
Bakery/Food Processing,Enugu,2450.5984243278517,245059.84243278517,8.125842278671506,447.1363353120819,5.1,20.5345938019763,14012364.789116105,2940718.109193422,20.986594007869254,4.7649466112749606
Welding Shop/Technical Services,Enugu,1080.571037555997,108057.1037555997,10.86507390166986,333.9558145587207,5.1,9.054558719255882,5774736.947240785,1296685.2450671964,22.454446962935044,4.453460829610603
Other,Enugu,1287.096884046378,128709.6884046378,17.231246978982714,419.7378780118071,5.1,10.78512555762006,8385397.58319718,1544516.2608556536,18.419117823948916,5.429141664427486
Salon/Personal Services,Port Harcourt,462.8306682925041,46283.066829250405,15.716100435190672,572.7930515249249,4.8,4.120643414285114,3312275.094606425,555396.8019510049,16.767834376298953,5.963799364654286
Salon/Personal Services,Lagos,164.34299664348904,16434.299664348906,17.790255267072464,97.37267648502419,5.0,1.404640996952898,1181574.9995337813,197211.5959721869,16.690569456022804,5.9914073191741775
Salon/Personal Services,Kano,679.3514065246949,67935.14065246949,9.36401703061695,122.69881176462947,6.2,4.6825986112813265,4163498.1001176704,815221.687829634,19.580210395835028,5.107197419148843
Agro-processing Unit,Kano,2599.6390992845872,259963.9099284587,13.727478953371362,259.52351476291125,6.2,17.918659355421745,10870578.266445369,3119566.9191415044,28.697341049195067,3.4846433970510624
Retail Store/Trading,Kaduna,243.65232662615915,24365.232662615916,13.1935336759046,546.3218018608711,6.0,1.7354154318102504,1364795.5879578541,292382.791951391,21.423192933154468,4.667838277516528
Retail Store/Trading,Kaduna,506.57229275780134,50657.22927578013,8.595993331569925,293.41754026304847,6.0,3.608064763232203,2373036.0804586224,607886.7513093615,25.616414192567984,3.9037469978531467
Retail Store/Trading,Ibadan,238.6901688390247,23869.01688390247,15.845851013763298,504.4874460226027,5.3,1.9246102954283557,1483552.7213405923,286428.20260682964,19.306910936606464,5.179492479576165
Agro-processing Unit,Lagos,2970.0011585740713,297000.1158574071,10.237234667260674,489.88085044518084,5.0,25.384625286957874,17525359.384666044,3564001.390288885,20.336252809783957,4.9173267531316815
Bakery/Food Processing,Lagos,1742.9679421402243,174296.79421402243,15.911187702600195,397.30233592066133,5.0,14.897161898634396,13370340.470294043,2091561.530568269,15.643292967858663,6.3925159623017995
Bakery/Food Processing,Port Harcourt,2133.4893044617556,213348.93044617557,13.18275591861312,277.77758751861643,4.8,18.994740958527025,15035493.380648468,2560187.1653541066,17.027623241477478,5.872810232047573
Small Manufacturing Plant,Port Harcourt,5852.810509741481,585281.0509741481,12.493365898546138,382.7992351972961,4.8,52.1083556778978,45907280.02420298,7023372.611689777,15.299038862653056,6.536358322751438
Welding Shop/Technical Services,Lagos,1440.9752788294986,144097.52788294986,13.507809473127317,364.38420721561914,5.0,12.31602802418375,10271417.36039202,1729170.3345953983,16.83477823872014,5.940084186556085
Small Manufacturing Plant,Ibadan,3146.934392814587,314693.43928145873,6.715045168237724,382.3976258431241,5.3,25.374410521001348,21851437.627335314,3776321.271377505,17.281797819350206,5.786435013609017
Agro-processing Unit,Port Harcourt,3409.2306733758014,340923.06733758014,12.280816451064098,174.72494392580512,4.8,30.35283719173612,25064391.915420644,4091076.8080509617,16.3222663524263,6.126600181667482
Small Manufacturing Plant,Port Harcourt,4832.826918425622,483282.6918425622,6.9612687193152265,293.008537641075,4.8,43.027305185413304,29416204.60524798,5799392.3021107465,19.71495772461451,5.072290866500213
Retail Store/Trading,Kaduna,330.6934067187361,33069.340671873615,8.2135086127186,161.261672037012,6.0,2.355366144720343,1414904.671818071,396832.08806248335,28.046560023904433,3.5654996518207134
Retail Store/Trading,Port Harcourt,509.3656456351823,50936.56456351823,6.6138024674447715,268.786392511004,4.8,4.534950548746281,2939228.7475216063,611238.7747622188,20.795889917639887,4.808642495995139
Welding Shop/Technical Services,Abuja,2023.4148942294019,202341.48942294018,11.799531419595903,260.53125522167227,5.5,15.7219494501119,7988235.935706353,2428097.873075282,30.395920859347775,3.2899151324526037
Welding Shop/Technical Services,Lagos,2678.2932161415047,267829.3216141505,7.743920309046049,328.13320907975566,5.0,22.89139500975645,16243671.33641709,3213951.859369806,19.785871018975666,5.054111588218425
Bakery/Food Processing,Kano,905.4704088261423,90547.04088261422,6.853868146534917,365.62621732240297,6.2,6.241180099435774,4381452.72656288,1086564.4905913707,24.79918324814949,4.0323908654315055
Bakery/Food Processing,Enugu,1762.2313223092956,176223.13223092956,16.536402154133484,356.8305216130402,5.1,14.766476640768355,10485677.808173027,2114677.586771155,20.16729509963463,4.958523168623228
Salon/Personal Services,Kaduna,773.8641632631526,77386.41632631526,6.584338180799158,103.90422662940759,6.0,5.511853014694819,4903413.284855072,928636.9959157831,18.938583023054935,5.280226080180588
Small Manufacturing Plant,Ibadan,2654.230515496335,265423.0515496335,8.22332220400248,347.69856101792294,5.3,21.401632926111393,18503458.06744575,3185076.618595602,17.213412795521172,5.809423220595709
Welding Shop/Technical Services,Abuja,2291.144362854856,229114.4362854856,6.547021895384026,570.2839894150796,5.5,17.80220950159173,10052642.654362682,2749373.235425827,27.349755979166773,3.656339752214731
Welding Shop/Technical Services,Ibadan,2684.330753300762,268433.0753300762,9.559349785885118,92.45314162455738,5.3,21.64433763345236,14015855.954180153,3221196.9039609144,22.982520043666756,4.351132939729853
Welding Shop/Technical Services,Enugu,1339.7741464381145,133977.41464381144,7.523332965059672,117.80607861442077,5.1,11.22653047124279,7517088.02250779,1607728.9757257374,21.38765664193167,4.675594043526233
Other,Ibadan,1181.5548707317475,118155.48707317475,8.950169309920803,246.97684409102945,5.3,9.527131678211155,6137503.672186511,1417865.844878097,23.101670004752545,4.3286913880869955
Bakery/Food Processing,Ibadan,2482.1590667533483,248215.90667533482,14.211770987104137,571.9393668758507,5.3,20.014183734505306,16399589.837984484,2978590.880104018,18.162593757101476,5.505821543847532
Bakery/Food Processing,Lagos,1042.3461435562965,104234.61435562964,10.585673697990831,355.10249180529485,5.0,8.908941397917065,6321919.055419069,1250815.3722675557,19.785374682951257,5.054238375691131
Salon/Personal Services,Lagos,199.89274022767972,19989.27402276797,6.050249323535494,418.73888358830465,5.0,1.708484959210938,1245212.0525908095,239871.28827321564,19.263489120116958,5.191167569719729
Small Manufacturing Plant,Kano,4746.368308805024,474636.83088050236,10.929465719995342,319.30424181761794,6.2,32.71552459887664,27520476.728336237,5695641.970566029,20.69601492295937,4.8318480814905005
Salon/Personal Services,Ibadan,420.0379503848582,42003.79503848582,6.288060538138666,234.45438341960434,5.3,3.386856558497486,2785253.5000777734,504045.54046182986,18.096935896418596,5.525797326816532
Agro-processing Unit,Kano,1942.7056384932246,194270.56384932247,7.1810902692164245,576.1962386391424,6.2,13.390582013325231,7403446.702435353,2331246.7661918695,31.488668182415758,3.175745618096452
Agro-processing Unit,Enugu,2998.399312605414,299839.9312605414,14.743875410839232,223.45005879636463,5.1,25.124847600179436,19737221.849948436,3598079.1751264967,18.229917069792155,5.485488475737764
Other,Kano,968.3501201398259,96835.01201398259,8.843087926760681,103.33111903098361,6.2,6.674594155912778,4499840.8544535125,1162020.1441677911,25.82358313889556,3.8724293008501864
Agro-processing Unit,Enugu,1947.5790936039593,194757.90936039592,15.57016854355783,422.6501928510767,5.1,16.319583489223724,10083210.694026528,2337094.912324751,23.178082688575447,4.3144207113080295
Small Manufacturing Plant,Kaduna,4414.251065949169,441425.1065949169,11.701078474401218,557.3388560108684,6.0,31.440534657757613,16349314.71772495,5297101.279139003,32.39953093199804,3.086464437089711
Bakery/Food Processing,Lagos,923.6494112237363,92364.94112237362,9.367209758854992,242.46581946389273,5.0,7.894439412168686,5485844.559185539,1108379.2934684835,20.204351062273627,4.9494289468531365
Welding Shop/Technical Services,Lagos,2564.8516244255757,256485.16244255757,17.910175441943657,182.36878311643417,5.0,21.92180875577415,14077630.35373921,3077821.949310691,21.86321044076271,4.573893677277867
Other,Kano,1786.322468033037,178632.24680330371,15.967473125181495,173.56156870297164,6.2,12.312672098380459,7395055.083591221,2143586.9616396446,28.986761253422145,3.449850748268543
Welding Shop/Technical Services,Kaduna,1798.665160398445,179866.51603984452,10.916074431510228,588.021367689607,6.0,12.81100541594334,9965280.02403941,2158398.1924781343,21.65918255454332,4.616979414997524
Other,Port Harcourt,607.5162323441272,60751.62323441271,15.589895653257384,233.80599279521044,4.8,5.408798364887172,4369195.704330434,729019.4788129525,16.685438880442014,5.993249606230969
Other,Kaduna,1542.4795878194727,154247.95878194727,11.040132051547953,368.097869714097,6.0,10.986321850566044,6568895.501964031,1850975.5053833672,28.177880205735423,3.548882998645358
Other,Enugu,1715.4400146544228,171544.00146544227,15.64998677980661,526.5327509468351,5.1,14.374392614835116,7471507.054868013,2058528.0175853074,27.5517108190922,3.6295386757146173
Other,Ibadan,401.34945308592035,40134.94530859203,14.304606636476938,126.99305719696957,5.3,3.236167175342044,2716765.8394918735,481619.3437031044,17.727672245510252,5.640898512512054
Small Manufacturing Plant,Kaduna,3955.3649880644384,395536.4988064438,12.583060980656262,271.50671661075694,6.0,28.17211529960426,14198292.44082687,4746437.985677326,33.42963955319761,2.9913574102666267
Welding Shop/Technical Services,Enugu,2039.223351606015,203922.3351606015,17.95831570558343,124.3695225420701,5.1,17.087509230819634,14948921.971489642,2447068.021927218,16.369528361939604,6.108911496345098
Salon/Personal Services,Kaduna,589.0464294686766,58904.64294686766,10.752011596627383,123.15538939903082,6.0,4.195487389378038,3151012.2013360094,706855.7153624119,22.432655610241987,4.457786975267583
Retail Store/Trading,Kaduna,326.9894106994476,32698.94106994476,17.391277274947402,533.7808231914692,6.0,2.328984406691222,1464322.5212375761,392387.29283933714,26.796507405193083,3.731829618236752
Agro-processing Unit,Abuja,3767.6049010375546,376760.49010375544,17.898393309928636,164.57346450468486,5.5,29.27431935538115,17523348.89328903,4521125.8812450655,25.80058132025514,3.875881661685408
Agro-processing Unit,Port Harcourt,2388.5983434101545,238859.83434101543,14.030628359098401,316.091396923356,4.8,21.266010892184422,10709611.267828085,2866318.012092185,26.76397807922935,3.7363653379168893
Retail Store/Trading,Enugu,534.7116267026668,53471.162670266676,10.293734992027117,376.5793475688987,5.1,4.480573376090722,2662305.4728010776,641653.9520432001,24.10143984597305,4.149129705074792
Welding Shop/Technical Services,Kano,2151.186857280164,215118.6857280164,7.937494008770881,309.45691063514147,6.2,14.827590689827433,8230666.89743424,2581424.2287361966,31.363488049077876,3.1884208747292098
Retail Store/Trading,Lagos,642.7774209678798,64277.74209678798,12.843443264776685,165.5589561017935,5.0,5.49382411083658,4092165.4727176996,771332.9051614557,18.849015522561363,5.30531686815711
Salon/Personal Services,Ibadan,632.4764049639864,63247.64049639864,6.302389137852836,245.15752054873946,5.3,5.099793621706066,2889636.0630266136,758971.6859567837,26.265303636951238,3.8073041675907144
Small Manufacturing Plant,Enugu,5230.744269874717,523074.4269874717,12.766715052664829,193.63933788097313,5.1,43.830603903759986,31183367.960190613,6276893.12384966,20.12897751090544,4.967962229865983
Salon/Personal Services,Kano,601.719527572981,60171.952757298095,12.80869132987288,487.93398520101294,6.2,4.147501568603397,3052754.299234626,722063.4330875771,23.652851238915947,4.227820104642199
Retail Store/Trading,Enugu,788.0201489518587,78802.01489518587,13.321295064434816,318.4977214209477,5.1,6.603151910104397,4088781.798944273,945624.1787422304,23.127283999023653,4.323897263691734
Agro-processing Unit,Lagos,1832.9553141688084,183295.53141688084,9.135996214624605,280.5047101043969,5.0,15.666284736485542,8052877.3584818095,2199546.37700257,27.313794549296915,3.661153700908031
Other,Enugu,1318.8087879108607,131880.87879108608,12.164494262583657,208.5014892777412,5.1,11.050852923670694,5690101.324036734,1582570.545493033,27.812695334752114,3.5954803659409973
Bakery/Food Processing,Port Harcourt,810.9894082425079,81098.94082425079,11.954870662809768,207.09429370923368,4.8,7.2203472956063735,3686268.403304305,973187.2898910095,26.400337235852433,3.787830401810059
Small Manufacturing Plant,Ibadan,5071.129052486873,507112.90524868725,6.287355183245802,371.65529621818496,5.3,40.88960693829118,32533810.316189066,6085354.8629842475,18.704709973538296,5.346247022352702
Bakery/Food Processing,Enugu,2400.506203760311,240050.62037603112,8.092911205337995,309.40721991282743,5.1,20.114850039888648,12616112.029371867,2880607.4445123733,22.832766844539453,4.3796707022353445
Retail Store/Trading,Kaduna,273.13759345371056,27313.759345371058,13.50818294713623,352.7924243279241,6.0,1.9454244547985082,1592368.969456091,327765.1121444527,20.583490285948496,4.858262549780777
Small Manufacturing Plant,Ibadan,3925.7793347449133,392577.93347449135,12.256524257684895,543.1160621579556,5.3,31.654405214843678,21293700.907609947,4710935.201693896,22.123609334675596,4.520058119235738
Other,Abuja,633.700313928814,63370.0313928814,6.270774140464167,523.9156865845055,5.5,4.923856363083248,3354127.2140361215,760440.3767145767,22.671781008553822,4.4107694919190985
Small Manufacturing Plant,Kaduna,4519.909788357672,451990.97883576725,16.687901465542108,378.3198728772449,6.0,32.193089660667184,22701055.07352841,5423891.7460292075,23.89268572963369,4.185381297506111
Salon/Personal Services,Port Harcourt,676.6047084738066,67660.47084738065,11.156080360261775,462.4229622085478,4.8,6.023902319033177,4730043.896957226,811925.6501685679,17.165287846289733,5.825710637390503
Retail Store/Trading,Port Harcourt,930.4331735118848,93043.31735118848,12.865475564666475,149.43183280930873,4.8,8.283771131694131,5048139.623605361,1116519.8082142617,22.117451010929994,4.521316672096709
Bakery/Food Processing,Ibadan,1256.9559455513368,125695.59455513368,8.38373492276887,185.7713651776531,5.3,10.135106801736306,5560473.710173088,1508347.1346616042,27.12623444117771,3.686468175921966
Other,Enugu,820.9062638967619,82090.62638967618,12.661605441038262,373.395396205108,5.1,6.878718484135762,4969343.989996194,985087.5166761142,19.82329093456194,5.0445710719833015
Bakery/Food Processing,Port Harcourt,1525.049570311164,152504.95703111638,13.385049357850026,94.86620908625126,4.8,13.577720533397114,8564704.582324289,1830059.4843733967,21.367456014189287,4.680014313991985
Bakery/Food Processing,Abuja,949.2400029988719,94924.0002998872,8.061953524291901,334.9426239221896,5.5,7.375602198903432,4993257.061885974,1139088.0035986463,22.812524760509884,4.383556885957102
Small Manufacturing Plant,Enugu,3248.9813754440975,324898.1375444097,9.399412841910928,270.17205989514673,5.1,27.224579985286553,20657430.955582008,3898777.6505329167,18.873487506341622,5.298437820058393
Salon/Personal Services,Kano,677.7129806067469,67771.29806067469,6.166345630954321,407.1583511301423,6.2,4.671305352955244,3258937.5643280996,813255.5767280962,24.95462280805513,4.007273552847327
Retail Store/Trading,Ibadan,735.1012248325483,73510.12248325483,15.58386936427964,563.0141164831723,5.3,5.927279671283246,4434266.244893401,882121.469799058,19.893290593791672,5.026820451273564
Small Manufacturing Plant,Lagos,2570.4824713225144,257048.24713225145,7.845404466158595,537.3942117307962,5.0,21.969935652329184,15767383.437538115,3084578.965587017,19.56303642773995,5.111680917702643
Retail Store/Trading,Ibadan,566.8148497496122,56681.48497496122,12.775087667201563,414.6649620477311,5.3,4.5703503446993405,3637626.613743859,680177.8196995347,18.698395737749816,5.34805238922781
Welding Shop/Technical Services,Abuja,2358.133208991275,235813.3208991275,17.180884839798097,598.3221795764183,5.5,18.32271335657556,14335226.39598397,2829759.8507895297,19.739903456162295,5.065880905754001
Agro-processing Unit,Port Harcourt,3300.3936523273505,330039.36523273506,9.44665451046181,533.8638212618889,4.8,29.38384661972356,20970544.848546255,3960472.3827928207,18.885882133231142,5.294960505130042
Salon/Personal Services,Port Harcourt,181.99359445149506,18199.359445149505,8.772970234493954,543.5621446050432,4.8,1.6203133409143078,1250170.9192115571,218392.31334179407,17.468996437665268,5.724427293624487
Salon/Personal Services,Abuja,316.5244843855807,31652.44843855807,8.647812715460981,125.96891122713598,5.5,2.4593977030736647,2089071.0432677157,379829.3812626968,18.18173596760833,5.500024869910937
Welding Shop/Technical Services,Ibadan,2718.223515293833,271822.3515293833,12.000699110293041,421.19126167978516,5.3,21.917622281033967,14748554.663987866,3261868.218352599,22.116527976244566,4.521505369532249
Salon/Personal Services,Ibadan,305.3931496487693,30539.31496487693,15.096485052134598,468.00304972915416,5.3,2.4624508115527273,1637788.9111640693,366471.7795785231,22.376008109497512,4.4690723881868335
Salon/Personal Services,Abuja,353.1887161903951,35318.871619039506,10.928191596123394,165.32965258661045,5.5,2.7442790690784387,2211060.8389152363,423826.4594284741,19.168466645920365,5.216901374909039
Small Manufacturing Plant,Lagos,5917.963581630165,591796.3581630165,13.74723092470094,563.9991343935335,5.0,50.58088531307833,37076878.184585094,7101556.297956198,19.153598268445123,5.220951102683743
Salon/Personal Services,Kano,347.2006033589365,34720.06033589365,15.382690955962676,471.2222541366081,6.2,2.3931665519639957,1264555.696538541,416640.7240307238,32.94759773501407,3.0351226454888995
Small Manufacturing Plant,Ibadan,4920.794781532895,492079.4781532895,17.587667703201603,266.45543485847355,5.3,39.67742929795916,33997399.22035666,5904953.737839474,17.3688395973059,5.757437014704835
Small Manufacturing Plant,Ibadan,2957.5106325641505,295751.0632564151,14.06050631092873,451.1203902624634,5.3,23.84704590037212,12217157.3709928,3549012.759076981,29.049415107833536,3.442410101160135
Bakery/Food Processing,Ibadan,1777.602974879985,177760.2974879985,8.481814717600756,327.45076791814546,5.3,14.333196056119858,11457362.708555913,2133123.569855982,18.617928262522828,5.371166898375915
Small Manufacturing Plant,Kaduna,3592.6640779919526,359266.40779919527,11.12959833800027,404.8702167145652,6.0,25.588775484273164,20561032.92471346,4311196.893590343,20.967803073786598,4.769216863020685
Bakery/Food Processing,Ibadan,2066.8650625744185,206686.50625744186,8.786696290816117,272.92894835582433,5.3,16.66557863711029,14686448.41522216,2480238.0750893024,16.887936449758634,5.921386564752808
Small Manufacturing Plant,Kano,3442.065498470702,344206.5498470702,8.38357936634243,480.8629709977111,6.2,23.72529293128413,12376388.344444796,4130478.5981648425,33.373860638583054,2.996356971791013
Salon/Personal Services,Abuja,741.0142513840451,74101.4251384045,10.44278622821492,463.2034084055718,5.5,5.757686490940521,4253449.119215873,889217.1016608541,20.905789084054728,4.783364052795885
Salon/Personal Services,Kaduna,733.0469380868672,73304.69380868672,16.15349052636278,150.54736369657425,6.0,5.221132037655749,3504090.8629518035,879656.3257042406,25.103696225594696,3.983477138240866
Salon/Personal Services,Kaduna,771.5897229836849,77158.97229836849,10.52011728515355,236.58236364560997,6.0,5.495653297604592,3474644.2842705334,925907.6675804219,26.64755272279064,3.7526898263521886
Retail Store/Trading,Kano,249.94506182222426,24994.506182222427,11.834083849258596,109.95748860251078,6.2,1.7228085319976856,923644.900511239,299934.07418666914,32.472877186963856,3.0794930619866574
Agro-processing Unit,Ibadan,2121.3495523185647,212134.95523185647,9.803311461207377,494.85447792042623,5.3,17.104898825339177,12402106.128924798,2545619.4627822777,20.525702943673892,4.871940331321048
Small Manufacturing Plant,Abuja,5564.210276385638,556421.0276385639,9.629595809537637,522.2839666845157,5.5,43.233957081473484,29901309.010374404,6677052.331662767,22.330301089313952,4.478219957717205
Salon/Personal Services,Kano,707.2001092903641,70720.01092903642,15.175811404618482,130.68231270834985,6.2,4.874552724637194,2641138.8498598137,848640.131148437,32.13159850317908,3.1122012180659504
Retail Store/Trading,Kaduna,752.2582775205832,75225.82775205832,17.340288774966826,425.3972633219364,6.0,5.357964939605293,3991661.3917635665,902709.9330246998,22.614892507850502,4.421864926631252
Agro-processing Unit,Enugu,2329.042122769585,232904.2122769585,12.006951809169976,405.1487738430795,5.1,19.516022480053504,15518775.113659542,2794850.547323502,18.009479013994408,5.552631473808554
Small Manufacturing Plant,Lagos,4286.996430549762,428699.64305497624,7.439435300771638,221.63522455861136,5.0,36.64099513290395,29566033.764247794,5144395.716659715,17.399681532125168,5.747231626933471
Welding Shop/Technical Services,Kano,2604.792061107265,260479.2061107265,16.33701655314621,125.51501799356363,6.2,17.954177426986938,15479181.057373658,3125750.473328718,20.19325480943151,4.952148672600008
Welding Shop/Technical Services,Kano,2904.7735047974493,290477.35047974496,9.945871414183312,414.272556301896,6.2,20.021874171474007,13290285.754135886,3485728.2057569395,26.22763927157995,3.8127716705467716
Small Manufacturing Plant,Lagos,5131.3880108483845,513138.80108483846,15.743354815654602,570.1623362242616,5.0,43.85801718673833,38648961.33994595,6157665.613018062,15.932292614171125,6.276560594365062
Welding Shop/Technical Services,Lagos,1625.8390960576453,162583.90960576452,16.302077454618654,122.42779688991386,5.0,13.896060650065344,11758454.125584261,1951006.9152691741,16.592375957177374,6.026864401944975
Small Manufacturing Plant,Kaduna,4967.643172237575,496764.31722375745,14.90373275416783,422.7477826607262,6.0,35.382073876336,21887373.13433548,5961171.806685089,27.235665833893936,3.6716561515288206
Retail Store/Trading,Kaduna,401.8517889081224,40185.17889081224,16.47651776418244,142.87215485371723,6.0,2.86219222869033,1613455.5830106898,482222.1466897469,29.887537764747503,3.345876157049996
Agro-processing Unit,Ibadan,1634.086978802077,163408.6978802077,14.609579887342946,311.51164337800355,5.3,13.175995636204458,8882673.331475189,1960904.3745624926,22.075610589147214,4.529886029479152
Agro-processing Unit,Port Harcourt,3622.74504989669,362274.504989669,10.600765692699108,142.55322367924205,4.8,32.253784276145744,21311993.82898225,4347294.059876028,20.398345151377292,4.902358463781951
Agro-processing Unit,Lagos,3591.1054811746744,359110.54811746744,12.58691557968086,154.0576858146952,5.0,30.693209240809182,22414873.861406177,4309326.577409609,19.225299254658697,5.2014795023681035
Retail Store/Trading,Port Harcourt,776.3071988691567,77630.71988691567,12.133363661874007,382.3721402321759,4.8,6.911566941498902,5068628.669742275,931568.638642988,18.379106052966307,5.440961040858701
Other,Ibadan,1083.5271749511892,108352.71749511892,15.944507805816077,506.2594936256774,5.3,8.736713231343243,6989325.0995787205,1300232.6099414271,18.60312106557754,5.375442091006759
Welding Shop/Technical Services,Ibadan,2418.7776436487725,241877.76436487725,7.264816528757548,511.3696240472379,5.3,19.503125654320048,13729341.919051528,2902533.172378527,21.141094667842932,4.730124034310623
Bakery/Food Processing,Abuja,1940.7220669059466,194072.20669059467,14.364289992051594,249.6405622221294,5.5,15.079425539284742,8171978.853201353,2328866.480287136,28.49819513880421,3.5089941490307313
Bakery/Food Processing,Abuja,2294.7752454669117,229477.52454669116,14.70445920281829,111.92475659105696,5.5,17.83042148769939,15036689.252710618,2753730.2945602937,18.313408279444808,5.4604800195625645
Welding Shop/Technical Services,Abuja,1815.5560688123253,181555.60688123252,16.636564343521698,75.95818593355844,5.5,14.106884761556527,8801367.692060273,2178667.2825747905,24.75373554203592,4.039794310243944
Agro-processing Unit,Kaduna,3903.5415491051235,390354.1549105123,14.149950819834753,397.2567877038571,6.0,27.80300248650373,24703495.524867438,4684249.858926148,18.96189085553019,5.273735660746895
Retail Store/Trading,Kano,416.4474051903931,41644.74051903931,8.985501464870126,568.1320207187275,6.2,2.87046736414663,1570559.120273337,499736.88622847176,31.819043280682013,3.1427720537629122
Welding Shop/Technical Services,Abuja,1596.5449084682455,159654.49084682454,15.306063560627992,266.21698901389357,5.5,12.40516634396461,10957489.248319618,1915853.8901618945,17.484424093372482,5.719376255458438
Salon/Personal Services,Abuja,240.51514601005758,24051.514601005758,6.128583572344308,349.34153535838794,5.5,1.8688045533027005,1002435.5882938916,288618.17521206907,28.791692811234537,3.4732240530497718
Agro-processing Unit,Kaduna,3939.447046372332,393944.70463723317,10.429634325710454,246.45578369617465,6.0,28.05873964652658,16622402.960701507,4727336.455646798,28.439549124293954,3.516230147072791
Bakery/Food Processing,Port Harcourt,1384.9557503440515,138495.57503440513,12.246526047658302,292.3656858833615,4.8,12.330446495228378,6394963.841073764,1661946.9004128617,25.988370563387083,3.8478749468380267
Agro-processing Unit,Port Harcourt,3699.7865668175364,369978.65668175364,12.066249500681884,329.26681100371286,4.8,32.9396952173926,25760332.466322355,4439743.880181043,17.234808153137468,5.802211380101481
Other,Kaduna,535.2317110249462,53523.17110249462,17.792874490924632,187.48508997785632,6.0,3.8121916739668533,3202696.5425608344,642278.0532299355,20.054290023880263,4.986464236875099
Bakery/Food Processing,Enugu,924.7189146813246,92471.89146813245,13.957754987702506,377.45150358627996,5.1,7.7486083013350475,5219682.86583904,1109662.6976175895,21.259197658921686,4.703846382369645
Salon/Personal Services,Kaduna,419.84467509528474,41984.46750952848,11.066306806568136,481.78515657553714,6.0,2.990346688712854,2605814.509356394,503813.6101143417,19.3342084904876,5.1721796653429
Small Manufacturing Plant,Lagos,3184.9942403487717,318499.42403487716,15.843039827338677,406.81091264226,5.0,27.222172994433947,20038775.87713086,3821993.0884185256,19.072986852357353,5.243017298449002
Bakery/Food Processing,Abuja,1512.2486154251915,151224.86154251915,11.496343399006424,191.1559639523527,5.5,11.750183492037229,8836171.523134375,1814698.3385102297,20.537156094798377,4.869223350029845
Welding Shop/Technical Services,Enugu,2504.2286653939495,250422.86653939495,12.154496907663212,226.46999851241398,5.1,20.983984124299894,17588097.304896846,3005074.3984727394,17.085841329954842,5.8527992897066365
Other,Port Harcourt,1313.2851967936153,131328.51967936155,17.948813424615878,289.3942538111046,4.8,11.692353960057115,7234294.2011820115,1575942.2361523386,21.784326049317226,4.5904564489904995
Salon/Personal Services,Enugu,748.4494105061027,74844.94105061027,10.140202079094793,80.10298880874224,5.1,6.271572067254087,4024507.234532627,898139.2926073233,22.316751847301024,4.480938833941193
Retail Store/Trading,Lagos,363.3936850947431,36339.36850947431,11.02434171993221,170.79921072701296,5.0,3.105928932433702,2678493.377105045,436072.42211369175,16.280511493554826,6.142313160098702
Agro-processing Unit,Enugu,1500.5675955456388,150056.75955456388,16.980018452970327,514.133676177011,5.1,12.573886337737882,10818388.206325889,1800681.1146547664,16.64463393541235,6.00794228266232
Retail Store/Trading,Lagos,793.8337851895577,79383.37851895577,8.013775147752344,116.19996691549233,5.0,6.784904146919296,6042588.88851587,952600.5422274692,15.764774996325109,6.3432557726520535
Other,Lagos,414.92807410305136,41492.80741030513,14.688350265275055,560.8443783783368,5.0,3.5463937957525755,3052506.421956564,497913.6889236616,16.311634443819255,6.130593494135815
Other,Ibadan,1031.9108955521629,103191.08955521628,7.429688063952578,331.8160514026586,5.3,8.320520041542999,4584180.652190586,1238293.0746625955,27.012309693137155,3.702015900750848
Retail Store/Trading,Abuja,479.0655259669041,47906.55259669041,10.497899092199972,391.731843285639,5.5,3.7223428591057033,3087645.115302435,574878.6311602849,18.618675712152736,5.370951272046069
Bakery/Food Processing,Enugu,2021.820792545744,202182.0792545744,7.32724318647793,69.57462694356201,5.1,16.941685876870654,11248184.840990316,2426184.951054893,21.56956864909846,4.636161326489006
Retail Store/Trading,Lagos,995.4642421485719,99546.4242148572,8.792740186986622,79.6067886996525,5.0,8.50824138588523,7626111.533682787,1194557.0905782864,15.664039075513145,6.3840494471394225
Retail Store/Trading,Kano,351.900263276736,35190.0263276736,6.467494156181571,265.49599203944445,6.2,2.4255601273555003,1670998.414071728,422280.3159320832,25.271138043938123,3.957083366254942
Agro-processing Unit,Abuja,3506.0044611283106,350600.44611283106,10.094933397092648,294.30087378310157,5.5,27.241681904648875,19655811.50706138,4207205.353353973,21.40438389858657,4.671940125620876
Agro-processing Unit,Kano,3188.966933918597,318896.6933918597,12.106728840838562,523.7951273117283,6.2,21.98074809704023,15648313.632676324,3826760.3207023162,24.45477775133158,4.089180487218083
Salon/Personal Services,Ibadan,712.9231887797417,71292.31887797418,6.118928345893844,477.92546856575956,5.3,5.748453384774566,3614022.819705736,855507.8265356901,23.67189885661397,4.224418184858027
Bakery/Food Processing,Enugu,1583.2471204108456,158324.71204108457,17.866086495643955,315.7776417314893,5.1,13.266692813900164,7031464.4099898655,1899896.544493015,27.019926913002084,3.700972261027088
Salon/Personal Services,Kaduna,791.4823645023934,79148.23645023933,15.05483233446884,186.73268653731847,6.0,5.6373387785070745,4838305.154518461,949778.837402872,19.63040376888754,5.094138723651278
Bakery/Food Processing,Enugu,1715.2714647878279,171527.1464787828,17.90562767374299,521.641834263558,5.1,14.372980264687682,11801227.57729683,2058325.7577453936,17.441624138366716,5.733411017614343
Welding Shop/Technical Services,Port Harcourt,1194.7337875824421,119473.37875824422,14.476463961719952,240.06877222894718,4.8,10.636874889444819,5912089.008138498,1433680.5450989306,24.249982419502587,4.123714329771097
Bakery/Food Processing,Ibadan,811.8698451965918,81186.98451965918,10.841771628323995,179.1149319487342,5.3,6.546281609390354,5307118.344493944,974243.8142359101,18.357303361186084,5.447423188061261
Small Manufacturing Plant,Lagos,5366.04244682165,536604.244682165,10.047967306149186,505.1380316745994,5.0,45.8636106565953,34413240.457287006,6439250.93618598,18.711550701475623,5.3442924958706834
Salon/Personal Services,Kano,150.38866024261696,15038.866024261697,9.69382980031343,182.64086786926907,6.2,1.0365912616667836,687941.5809616538,180466.39229114036,26.23280773912104,3.8120204666795843
Salon/Personal Services,Lagos,301.8187846945971,30181.878469459713,6.818239437185552,152.91834872577596,5.0,2.5796477324324543,1551937.8987179291,362182.54163351655,23.337437788761974,4.284960538733798
Welding Shop/Technical Services,Kaduna,2111.0991397712396,211109.91397712397,9.496332874052934,279.5671302810314,6.0,15.036318659339313,12689021.709407939,2533318.9677254874,19.964651536904736,5.008852762350979
Welding Shop/Technical Services,Kaduna,1753.733760694377,175373.3760694377,16.510859099998733,547.9144494557835,6.0,12.490981201526902,9743905.954512194,2104480.5128332525,21.597914867586677,4.630076589017219
Retail Store/Trading,Kano,594.365577324688,59436.557732468806,9.961871403787253,108.7403872013,6.2,4.096812636646595,2946001.4314068262,713238.6927896256,24.210398718273105,4.1304565514868505
Welding Shop/Technical Services,Abuja,2906.8057587641897,290680.57587641897,6.722723338803569,213.70765266255424,5.5,22.585903331501083,16800014.05797276,3488166.9105170276,20.76288090283861,4.816287319084339
Small Manufacturing Plant,Kano,3543.2317040950147,354323.1704095015,9.844815433682578,140.3577637998251,6.2,24.42260617655786,13100932.488677258,4251878.044914017,32.454774105498124,3.081210785043151
Bakery/Food Processing,Kaduna,2131.374432570285,213137.4432570285,7.46997434359187,399.19866253423953,6.0,15.180729576711432,10468143.880936733,2557649.319084342,24.432691680346615,4.092876925240247
Other,Abuja,510.53824539988966,51053.824539988964,6.846427651115478,550.186227027232,5.5,3.9668861336432757,2290797.8690353353,612645.8944798675,26.74377791078771,3.7391874975024653
Other,Lagos,623.2189027417996,62321.89027417996,15.855001854716452,349.5469791089247,5.0,5.32665728839145,3107324.0212253984,747862.6832901596,24.067740544007826,4.1549392564354
Welding Shop/Technical Services,Kano,1155.7130392175393,115571.30392175393,17.46537829725681,185.8286418455409,6.2,7.966039696839945,6090209.294521864,1386855.6470610471,22.771888123919194,4.391379382149772
Welding Shop/Technical Services,Lagos,2719.290690705213,271929.0690705213,8.02572006941477,519.6685851780192,5.0,23.24180077525823,20092593.96209351,3263148.8288462553,16.240555276249946,6.157424934000821
Small Manufacturing Plant,Enugu,2546.300845168529,254630.08451685292,12.141365478833768,473.19341868185626,5.1,21.3365245950103,14114167.437452845,3055561.0142022353,21.648893055456526,4.619173818441278
Other,Kaduna,1889.1523797377317,188915.23797377318,16.910425634477846,500.7936782512047,6.0,13.455501280183274,7845898.883680705,2266982.8556852783,28.89385766110945,3.460943193286301
Retail Store/Trading,Enugu,910.5530797290432,91055.30797290432,8.390636230044919,206.30136264145082,5.1,7.6299068185775365,5794904.881270065,1092663.695674852,18.855593285171814,5.303466111492805
Other,Kaduna,791.2464923657994,79124.64923657995,10.524647172020385,266.3263687118538,6.0,5.635658777534184,4781714.558622391,949495.7908389594,19.856806156001678,5.03605661526666
Retail Store/Trading,Kaduna,635.6442597237403,63564.42597237403,7.918557160397297,430.1856650822941,6.0,4.527380767263107,3618860.042824894,762773.1116684884,21.077717917851974,4.7443466313449445
Other,Ibadan,584.863116817661,58486.3116817661,9.72370178525457,326.83982183338475,5.3,4.715877413462836,3996719.7472394253,701835.7401811932,17.560294055292676,5.694665458626531
Welding Shop/Technical Services,Ibadan,2592.8811230469546,259288.11230469547,14.873630798864728,405.04389602578726,5.3,20.906959547225885,14940570.494292092,3111457.347656346,20.825559163520897,4.801791837367088
Welding Shop/Technical Services,Port Harcourt,1311.5465211603403,131154.65211603403,12.564544147386933,98.095575989937,4.8,11.676874298079952,9350262.90632457,1573855.8253924083,16.832209331010827,5.940990753707237
Agro-processing Unit,Kaduna,2443.407941991627,244340.7941991627,10.96219836347951,71.8962916951646,6.0,17.403190470025834,9676623.31686244,2932089.5303899525,30.300750937369926,3.300248241592916
Other,Kaduna,765.7797690989521,76577.97690989521,17.467793607197873,574.4979343063292,6.0,5.454271859679146,3486969.7034459864,918935.7229187426,26.3534186147533,3.7945741105488873
Bakery/Food Processing,Lagos,1398.955992229317,139895.5992229317,6.517201307379889,148.50221663049984,5.0,11.956888822472795,7841562.83147349,1678747.1906751804,21.408324166417867,4.671080240688098
Small Manufacturing Plant,Abuja,3872.7622770173903,387276.227701739,17.373356375630756,127.65948494545171,5.5,30.091392983818103,21199936.984406635,4647314.732420868,21.92136106743688,4.561760544537773
Other,Port Harcourt,1597.9769342359607,159797.69342359607,7.304190472496305,589.6916675652022,4.8,14.227002619622157,12400690.03429222,1917572.3210831527,15.46343240400654,6.466869540173386
Bakery/Food Processing,Abuja,1448.7480484855296,144874.80484855297,15.302814466788671,238.4250955461225,5.5,11.256783593516158,9565098.666748712,1738497.6581826357,18.175428385555495,5.501933592909023
Welding Shop/Technical Services,Lagos,2255.3377543176175,225533.77543176175,8.30419301688044,130.3115606133294,5.0,19.27639106254374,10675461.930170884,2706405.305181141,25.351645885526747,3.944517072048959
Agro-processing Unit,Abuja,3845.160348920328,384516.0348920328,17.011767334853204,538.1079171170853,5.5,29.876925788036733,17003432.336511586,4614192.418704393,27.136829361189076,3.6850288834044624
Agro-processing Unit,Abuja,3063.5836254164838,306358.3625416484,15.699218534595339,87.97031530125619,5.5,23.80406857355465,15307354.35361661,3676300.350499781,24.016562663757735,4.163793187228467
Small Manufacturing Plant,Lagos,3671.7616466173768,367176.1646617377,9.764437497085876,399.6049270739373,5.0,31.382578176216896,19341005.92833629,4406113.975940852,22.781203791916038,4.389583663506194
Bakery/Food Processing,Kaduna,1405.128214900089,140512.8214900089,7.78208137972417,378.056891477449,6.0,10.008035718661603,7465077.722524206,1686153.857880107,22.58722441418813,4.427281465233291
Welding Shop/Technical Services,Kano,2628.7678413381627,262876.78413381625,10.585481933519677,122.74779330416494,6.2,18.11943645807942,15602835.522378009,3154521.409605795,20.217616247261564,4.946181526892163
Salon/Personal Services,Port Harcourt,277.847328253335,27784.732825333496,8.849799662032607,214.94367614699493,4.8,2.473711968067441,2189028.8253959394,333416.79390400194,15.231265574755296,6.565442609427194
Bakery/Food Processing,Abuja,1892.7516198607254,189275.16198607255,13.211345814452628,432.84392386187153,5.5,14.706694793012629,11198283.052005311,2271301.9438328706,20.282590940815176,4.930336577402813
Small Manufacturing Plant,Enugu,3768.756945860296,376875.6945860296,15.88797182255974,162.24821363566815,5.1,31.579997870456644,26377625.253368307,4522508.335032355,17.145244469855566,5.832521092120794
Agro-processing Unit,Port Harcourt,2672.6018687953847,267260.18687953847,15.611264658497163,149.0872562529406,4.8,23.794532307651217,16896042.44240209,3207122.2425544616,18.98149968246948,5.268287631264236
Retail Store/Trading,Kano,287.8904909926264,28789.049099262636,16.604207612255877,238.61131451755773,6.2,1.9843568444487618,1157536.4233783141,345468.58919115167,29.84515927221438,3.350627118049902
Other,Enugu,1462.5792123453543,146257.92123453543,6.304183251167261,429.52578862519726,5.1,12.25556571430664,8699924.182732046,1755095.0548144253,20.173682183323017,4.956953276614372
Retail Store/Trading,Port Harcourt,452.8810492375764,45288.10492375764,6.668890243049301,385.3970188514644,4.8,4.032060623553921,2911280.9918076117,543457.2590850916,18.667289781178408,5.356964035605565
Agro-processing Unit,Kano,2102.009540182933,210200.9540182933,10.64168690462256,94.31944675758248,6.2,14.488623795029865,11547187.230180712,2522411.4482195196,21.84437991640709,4.57783651367879
Small Manufacturing Plant,Kaduna,3015.0713788323087,301507.13788323087,9.575726825950126,99.36772530808642,6.0,21.47486737060049,12626216.901706817,3618085.6545987707,28.655342156443364,3.4897506878142184
Agro-processing Unit,Ibadan,3777.065661715788,377706.5661715788,6.0725645182077415,316.1231203753713,5.3,30.455294804997482,19714447.908975814,4532478.794058945,22.9906453124429,4.349595178430178
Agro-processing Unit,Lagos,1808.1186453313785,180811.86453313785,9.692149073735383,559.3327579000461,5.0,15.454005515652808,9977275.764662819,2169742.374397654,21.746841779019228,4.598368858161157
Other,Abuja,574.8807405657776,57488.07405657776,17.58998783661999,163.18690734418195,5.5,4.466827821023912,3947674.5020513847,689856.8886789331,17.475019491106806,5.722454275423892
Bakery/Food Processing,Kano,2060.6623843936104,206066.23843936104,12.56012717876774,536.4633001782175,6.2,14.203628235412257,9624065.787092352,2472794.8612723323,25.693869056763997,3.891979046794226
Other,Ibadan,1241.7885343553226,124178.85343553225,12.414710629875703,157.50190020261994,5.3,10.01280869501147,8030648.92403117,1490146.241226387,18.55573883658674,5.389168325802684
Bakery/Food Processing,Kano,1082.5899154878198,108258.99154878198,16.99786981338617,230.31100936751875,6.2,7.462020371435206,5972038.114886193,1299107.8985853838,21.753174939509584,4.597030101494438
Other,Lagos,932.5398334369231,93253.9833436923,15.117883901140662,236.35291533254406,5.0,7.970425926811309,4831813.065513547,1119047.8001243076,23.159997809339302,4.317789700294136
Retail Store/Trading,Lagos,961.6499573112022,96164.99573112022,14.855133227985604,378.586083415381,5.0,8.21923040436925,5989746.697473161,1153979.9487734425,19.265922367973616,5.190511935532001
Small Manufacturing Plant,Port Harcourt,5583.133061906634,558313.3061906634,6.595270900193793,191.3844807040648,4.8,49.70738124916875,42635072.572754264,6699759.67428796,15.7141978892031,6.363671929364459
Bakery/Food Processing,Kaduna,1590.561768175547,159056.17681755472,8.723742473658252,459.14785301618355,6.0,11.328787522617857,7817759.359293068,1908674.1218106565,24.414592904318447,4.095911014855055
Salon/Personal Services,Enugu,747.4852201849213,74748.52201849213,11.085241439171082,238.17293006154222,5.1,6.263492711454008,5499641.003210051,896982.2642219056,16.30983301816158,6.131270619916614
Bakery/Food Processing,Port Harcourt,2434.6362446338626,243463.62446338625,11.33822919393049,318.97662024710576,4.8,21.675892491398347,12697375.654789645,2921563.493560635,23.009191607704985,4.346089237073129
Small Manufacturing Plant,Abuja,3730.774553196669,373077.4553196669,16.91458167614566,362.92551580501794,5.5,28.98814726648538,15353967.664974077,4476929.463836003,29.158127472476746,3.429575513530252
Retail Store/Trading,Abuja,809.7396697453157,80973.96697453158,15.741680620210637,238.01697305449198,5.5,6.291683525604628,5389340.0218028175,971687.6036943789,18.029806984962406,5.546371077815978
Welding Shop/Technical Services,Kaduna,1867.3886626407602,186738.86626407603,16.181661292875177,249.79044342169564,6.0,13.300489050147865,11160074.321679007,2240866.3951689126,20.079314264206257,4.980249757745053
Salon/Personal Services,Abuja,666.0578367437033,66605.78367437034,17.291907870893247,392.76570518740385,5.5,5.175274566773141,4642407.339449344,799269.4040924441,17.21670128557157,5.808313586982243
Retail Store/Trading,Port Harcourt,793.3018299615111,79330.18299615111,15.661167744493618,514.7718068931533,4.8,7.062872417748496,5450824.020069126,951962.1959538134,17.464555679083194,5.725882858833173
Small Manufacturing Plant,Lagos,3882.686682498786,388268.6682498786,6.615161510111978,271.03194918020677,5.0,33.18535626067339,29026407.150945038,4659224.018998544,16.051673204917645,6.229880132954841
Small Manufacturing Plant,Kano,4858.146804244314,485814.6804244314,11.404204629369513,461.9297329732192,6.2,33.48598569233742,27819474.13507228,5829776.165093177,20.955738188248215,4.771962652982517
Other,Kano,906.8701300967286,90687.01300967287,13.616929693248355,152.530892669686,6.2,6.250828026583461,5236759.529072587,1088244.1561160744,20.780869353930385,4.812118217811062
Bakery/Food Processing,Abuja,2073.9280422964266,207392.80422964267,12.548351625756311,162.23541370063032,5.5,16.114437003080237,11725776.894707903,2488713.650755712,21.224296463281014,4.711581379057934
Welding Shop/Technical Services,Ibadan,1583.8223469956147,158382.23469956146,14.983304502981989,315.4306796138364,5.3,12.770701072372315,8338576.128447017,1900586.8163947375,22.792702100672724,4.387369235920848
Welding Shop/Technical Services,Port Harcourt,1432.0628807861444,143206.28807861445,17.60725428444357,443.31876089928835,4.8,12.749847585346727,11141112.986506265,1718475.4569433734,15.424630008013851,6.483137679674981
Salon/Personal Services,Abuja,772.1376411508675,77213.76411508674,11.125260544324119,311.3051873804463,5.5,5.999515471257711,4036755.2078303527,926565.1693810408,22.95321667223524,4.356687841533008
Agro-processing Unit,Enugu,3744.888040462548,374488.8040462548,12.300592082944615,439.0034015481169,5.1,31.379990283748516,22453253.745470315,4493865.648555057,20.014318189681717,4.996423013378218
Agro-processing Unit,Lagos,2130.432193738825,213043.2193738825,11.360717624431686,117.8974261956953,5.0,18.208822168707904,12353697.518497506,2556518.6324865897,20.694359957078838,4.832234493234153
Welding Shop/Technical Services,Kano,1411.9600717539233,141196.00717539233,6.011320983211573,71.59577840676313,6.2,9.732286130093213,7064932.442237591,1694352.0861047078,23.982566004100047,4.169695602334798
Small Manufacturing Plant,Ibadan,5920.493381119253,592049.3381119253,8.908244341641147,414.82089022720106,5.3,47.73821465182432,32853536.308195874,7104592.057343103,21.625045141855068,4.624267803559445
Other,Ibadan,1726.4694879593396,172646.94879593397,12.607925510838772,134.2294750461759,5.3,13.920895726167872,7227548.415573429,2071763.3855512077,28.664815044159553,3.488597426703961
Small Manufacturing Plant,Kaduna,5048.407530676583,504840.7530676583,13.203016921194997,452.1878241410563,6.0,35.95731859456255,30665094.35329519,6058089.036811899,19.755651057244876,5.061842796789406
Agro-processing Unit,Port Harcourt,3424.366557142718,342436.6557142718,17.70492441221694,365.45980401469046,4.8,30.487593991655253,20663196.32522969,4109239.868571262,19.886758098280733,5.028471684816505
Welding Shop/Technical Services,Kaduna,1683.2822253812037,168328.22253812038,13.781574682802844,87.64239008344437,6.0,11.989189639467263,8818977.655299373,2019938.6704574446,22.9044538880723,4.365963078127608
Welding Shop/Technical Services,Port Harcourt,2794.7946366431725,279479.46366431727,7.432572136058361,230.31356083720004,4.8,24.882430881794626,13826547.793583103,3353753.5639718072,24.25589969412526,4.1227083415182415
Retail Store/Trading,Abuja,852.5963045008967,85259.63045008968,13.167748539968542,266.4995361525931,5.5,6.624679910651877,3321317.318714311,1023115.5654010761,30.804511199102357,3.2462777725528067
Agro-processing Unit,Enugu,2683.5891484375534,268358.9148437553,16.254568718426164,237.00241233294068,5.1,22.486920968975642,13449788.064582715,3220306.9781250637,23.943180090733833,4.176554643996545
Retail Store/Trading,Kaduna,895.719747849737,89571.9747849737,7.057613171720298,477.2391404647469,6.0,6.379770283830036,4987923.953997443,1074863.6974196844,21.549320064478177,4.640517645140908
Welding Shop/Technical Services,Abuja,2695.0952661094725,269509.5266109473,8.181811834048066,286.69059280471026,5.5,20.940911158581756,11301345.1162953,3234114.3193313675,28.617074215954432,3.494417327409682
Salon/Personal Services,Kaduna,257.57485353137616,25757.485353137617,14.479249547930614,344.4412724339112,6.0,1.8345787288559554,1584259.5904509174,309089.8242376514,19.510049116993336,5.1255637236145954
Bakery/Food Processing,Enugu,1880.0496894041457,188004.96894041458,8.357843603474533,166.46022412883073,5.1,15.753726239350978,9231825.796843166,2256059.627284975,24.437848773711014,4.092013209754161
Bakery/Food Processing,Lagos,870.5454533668408,87054.54533668408,9.864810422348757,357.8595637335212,5.0,7.440559430485819,4329196.093737249,1044654.5440402089,24.13045104497435,4.144141351258621
Agro-processing Unit,Ibadan,3644.837284993322,364483.7284993322,14.003129369504169,289.46797786986326,5.3,29.38910889367297,16828297.34650158,4373804.7419919865,25.99077406307687,3.8475191141791516
Welding Shop/Technical Services,Kano,2906.2402287882755,290624.0228788275,14.630942406909982,561.5908615744024,6.2,20.031983931543117,10128024.545602689,3487488.2745459303,34.434042481266516,2.904102823663645
Bakery/Food Processing,Abuja,1696.8995545626817,169689.95545626816,9.106851297517675,79.0546775005971,5.5,13.18492272387476,10662939.545837171,2036279.465475218,19.096792743893822,5.236481399840027
Salon/Personal Services,Ibadan,621.9551534645028,62195.51534645028,7.455635976066409,216.52632054958195,5.3,5.01495850237464,4262783.996123246,746346.1841574034,17.50842137054474,5.7115372016482775
Welding Shop/Technical Services,Ibadan,2064.9418157677947,206494.18157677946,12.772999053356973,380.3207583429248,5.3,16.650071083436497,12415376.60386032,2477930.1789213535,19.958558310272192,5.010381934677736
Welding Shop/Technical Services,Abuja,1332.5106606994013,133251.06606994013,10.556848857859785,389.45682491433166,5.5,10.353618187252534,5956229.394890754,1599012.7928392817,26.846057913936512,3.72494167749252
Agro-processing Unit,Abuja,3924.5471615844617,392454.71615844616,14.731573652396264,557.4320664016768,5.5,30.493761939273202,18726560.69972776,4709456.593901354,25.14853992367012,3.976373988450866
Retail Store/Trading,Lagos,809.7696466513416,80976.96466513416,13.100603626708805,155.6128530249895,5.0,6.921108091037108,4778130.09186784,971723.57598161,20.3369007812374,4.917170077962858
Other,Ibadan,1433.3656082172722,143336.5608217272,13.480554791518884,381.35804375149655,5.3,11.557535947567104,10190723.030704126,1720038.7298607265,16.878475891046573,5.924705562606302
Agro-processing Unit,Ibadan,2724.464669970602,272446.46699706017,12.343879247871307,233.94338991495724,5.3,21.967946056850522,13157493.665697321,3269357.603964722,24.847875188328675,4.024488985157617
Small Manufacturing Plant,Kano,4317.594424248061,431759.44242480607,8.370670868141739,492.84591854820724,6.2,29.760093908519856,23589587.277635835,5181113.309097673,21.96356065122699,4.552995827405312
Bakery/Food Processing,Port Harcourt,1115.8208229878032,111582.08229878033,7.0195954786735975,289.93531449643655,4.8,9.934302198965485,6713395.679878876,1338984.987585364,19.94497347442989,5.0137945847961785
Retail Store/Trading,Kano,726.6459516048495,72664.59516048495,11.252601899202496,202.21477257321973,6.2,5.0085880314643605,3101011.881411941,871975.1419258195,28.11905195051349,3.5563076655638763
Retail Store/Trading,Port Harcourt,646.5369471123527,64653.694711235265,10.164028024946399,563.0772295696482,4.8,5.756205013464678,3927840.7476943936,775844.3365348232,19.752438715603137,5.062666004932673
Bakery/Food Processing,Kaduna,2368.4967373260724,236849.67373260725,12.028461839665145,230.33619671004217,6.0,16.869634881239833,8915309.971024785,2842196.084791287,31.879946900652584,3.136768085330562
Other,Lagos,1553.1251037262864,155312.51037262863,6.4405553217968,311.12295332400817,5.0,13.274573536122105,10878180.463175904,1863750.1244715436,17.132921546765907,5.836716156496759
Bakery/Food Processing,Kano,1371.749770259567,137174.9770259567,17.046430621230655,56.6016649999754,6.2,9.455126621585103,5647743.525334446,1646099.7243114803,29.146148668533993,3.4309850381007423
Salon/Personal Services,Kaduna,509.3296692169269,50932.96692169269,14.887962972799512,316.7598931382227,6.0,3.6277041967017585,2866484.339809068,611195.6030603123,21.322132989605766,4.689962305776283
Retail Store/Trading,Port Harcourt,268.3224241301773,26832.24241301773,17.669536680334826,334.90573725685385,4.8,2.388910471244456,1259766.491720267,321986.9089562128,25.5592533276961,3.912477360660596
Small Manufacturing Plant,Enugu,4649.65185511654,464965.185511654,8.839317392490088,315.9239468087421,5.1,38.96138641793648,34365478.77456204,5579582.226139848,16.23600899827986,6.1591490871059875
Salon/Personal Services,Kano,428.9471697729092,42894.71697729092,6.898750104023804,108.38819445110698,6.2,2.9566251018259524,1706581.7312645994,514736.603727491,30.161848934481704,3.3154466165924514
Agro-processing Unit,Enugu,3593.6812990469366,359368.12990469363,8.877839426479083,157.2270493242468,5.1,30.112965468802887,25689275.397874717,4312417.558856323,16.78684000255255,5.957047305198259
Agro-processing Unit,Ibadan,2762.2786281253484,276227.86281253485,15.224965576350154,84.07058521844336,5.3,22.272848154534334,18348133.630438413,3314734.353750418,18.06578489406399,5.53532551098058
Welding Shop/Technical Services,Port Harcourt,2153.615839276512,215361.5839276512,7.43052531408688,70.05357795409014,4.8,19.173930192988887,17010036.544865884,2584339.0071318145,15.193024425993029,6.581967960830413
Welding Shop/Technical Services,Kano,1105.4879043244348,110548.79043244348,16.009969298501296,114.88486599543386,6.2,7.6198504571576695,5266507.377090375,1326585.4851893217,25.18909383778799,3.969972109516013
Other,Kaduna,376.7573195008963,37675.73195008963,11.254798645714947,514.1964095681136,6.0,2.683456691601825,2122504.0000505038,452108.7834010755,21.30072703704294,4.694675436481367
Agro-processing Unit,Abuja,2156.020941223255,215602.09412232548,11.060551410310996,71.95739291006318,5.5,16.752299465604153,10860252.109517211,2587225.1294679055,23.822882778205777,4.19764479937266
Retail Store/Trading,Lagos,559.2628113079006,55926.28113079006,12.931356967645604,363.9988795636796,5.0,4.7800240282726545,2742525.8572500986,671115.3735694807,24.47070359593258,4.086519196637304
Other,Kaduna,865.1253766964207,86512.53766964207,9.786398167957627,108.64299041512884,6.0,6.161861657381914,4172999.869671493,1038150.4520357049,24.877797374995613,4.019648463754627
Welding Shop/Technical Services,Abuja,1733.5966412925368,173359.66412925368,7.193936026475576,471.6277695916284,5.5,13.470059372902382,7628089.317764231,2080315.969551044,27.2717830493466,3.666793616649715
Salon/Personal Services,Port Harcourt,778.0782935363208,77807.82935363207,17.640893480000482,525.7891046564666,4.8,6.92733523447579,6184848.544140137,933693.9522435849,15.096472380527693,6.62406405147906
Small Manufacturing Plant,Lagos,4602.772522688667,460277.2522688667,14.41038836692656,206.86319147422773,5.0,39.33993609135613,21184500.369875286,5523327.027226401,26.072491353540084,3.8354600887199894
Salon/Personal Services,Abuja,560.0007731122034,56000.077311220346,11.46779459327853,315.1095368773129,5.5,4.351210358292178,3201118.8408717806,672000.9277346442,20.99268915463426,4.763563127305414
Agro-processing Unit,Kaduna,3394.441400937895,339444.1400937895,9.38302026716702,224.92178643198594,6.0,24.176933055113214,18146856.403526783,4073329.681125474,22.44647552472965,4.4550423913913955
Welding Shop/Technical Services,Abuja,2849.2835822572733,284928.35822572734,6.6746915382116665,317.0988641273372,5.5,22.138955573094584,15834485.424339183,3419140.298708728,21.592999122365974,4.631130647174447
Agro-processing Unit,Ibadan,3782.0020010196545,378200.20010196546,13.324356093817883,350.52389081667263,5.3,30.495097573130575,23324918.06509819,4538402.401223585,19.457313370007245,5.139455694543443
Agro-processing Unit,Ibadan,2124.360448073388,212436.0448073388,10.11930586877338,518.6266286925811,5.3,17.12917632699071,9360620.5558894,2549232.5376880653,27.233584808479076,3.6719367172281103
Other,Kaduna,1250.6708240063788,125067.08240063788,12.176906325081358,104.76884244701591,6.0,8.907911851897284,6431578.361864983,1500804.9888076545,23.334940575496024,4.28541909830316
Agro-processing Unit,Lagos,1540.0703911378077,154007.03911378077,17.56422226424459,257.3423920077629,5.0,13.162994796049638,8093728.429668617,1848084.4693653693,22.833536922130655,4.379522994664847
Welding Shop/Technical Services,Port Harcourt,2206.426124199009,220642.6124199009,6.95658087824742,425.7128571476756,4.8,19.644107231116532,17209621.37700425,2647711.3490388105,15.385064499889122,6.499810254335995
Small Manufacturing Plant,Abuja,5763.983480470863,576398.3480470863,12.907983035969036,119.36342730647581,5.5,44.786196429455025,36045214.52043597,6916780.176565035,19.189177450015013,5.211270793679683
Agro-processing Unit,Kaduna,2954.303818683692,295430.3818683692,15.196166557255829,273.5290951157103,6.0,21.042049990624587,18706504.335396968,3545164.58242043,18.95150755511371,5.276625076352666
Welding Shop/Technical Services,Ibadan,2759.6754958829356,275967.54958829354,13.784195440288373,544.5869050590613,5.3,22.251858538001414,11460206.209441513,3311610.5950595224,28.896605650352488,3.4606140669251992
Salon/Personal Services,Kaduna,555.2784523107691,55527.84523107691,7.575455664057891,220.330441107854,6.0,3.9549747315581847,2428565.1669665547,666334.142772923,27.437358973785344,3.644665658073857
Other,Kaduna,643.0514120291768,64305.141202917686,16.905917972602346,468.22003700811547,6.0,4.5801382623160745,2648094.1177112693,771661.6944350123,29.140266929105774,3.431677556121436
Welding Shop/Technical Services,Enugu,2352.796737820012,235279.6737820012,9.611595835579461,151.22462462761746,5.1,19.715072379923008,9945501.588449867,2823356.085384014,28.388272429244765,3.522581384592566
Bakery/Food Processing,Ibadan,2085.96684958115,208596.68495811502,11.689895350548955,174.18425368284602,5.3,16.819600464289227,10040129.018128715,2503160.2194973803,24.931554315463575,4.010981374633987
Welding Shop/Technical Services,Kano,2233.24395633055,223324.395633055,6.484006225661424,229.39363977053944,6.2,15.393189663155155,11876005.812827434,2679892.74759666,22.565606566999755,4.431522800111269
Welding Shop/Technical Services,Enugu,1937.1139891822693,193711.3989182269,7.77550000931287,591.5599626749618,5.1,16.231891982422233,9616350.160180196,2324536.787018723,24.1727552376812,4.136888783125436
Retail Store/Trading,Kano,367.2778916716914,36727.78916716914,7.564237560519187,161.944180637793,6.2,2.5315542574558267,1781205.064516396,440733.4700060297,24.743555853614787,4.041456312569198
Salon/Personal Services,Kano,649.8897365538207,64988.97365538208,11.106067911262114,360.9787668638959,6.2,4.479526720111805,3830565.3474899046,779867.6838645849,20.359075309226014,4.91181443563321
Welding Shop/Technical Services,Ibadan,1042.0183139727214,104201.83139727215,6.413175702879775,295.2040524048589,5.3,8.402018335532345,6532595.87464366,1250421.9767672657,19.141272485885615,5.2243130687229895
Other,Kaduna,1688.31391344276,168831.391344276,16.622866544490783,97.68861217760212,6.0,12.02502787352393,7910684.162891109,2025976.6961313118,25.61063814979665,3.9046274214293257
Small Manufacturing Plant,Abuja,4384.27085735358,438427.085735358,16.958756235351245,263.3850149188375,5.5,34.06581862745594,22108293.04066431,5261125.028824296,23.79706573975378,4.202198753981115
Other,Enugu,1710.2619134282265,171026.19134282265,7.604347852793234,564.4669693172893,5.1,14.331003129112004,9777962.1151976,2052314.296113872,20.989182325875653,4.764359013486633
Bakery/Food Processing,Ibadan,2077.4196398032145,207741.96398032145,17.29601271344282,422.13947845387855,5.3,16.75068246898254,9561567.219709503,2492903.5677638575,26.072123015829163,3.835514274740382
Agro-processing Unit,Abuja,2408.5098299985675,240850.98299985676,17.25817407029667,201.56172697004817,5.5,18.71414009322896,14102981.718869468,2890211.795998281,20.493622225513086,4.879566867174276
Small Manufacturing Plant,Abuja,3662.603827216064,366260.3827216064,14.409701016020884,470.92396473896247,5.5,28.45846019592901,18374521.501054008,4395124.592659277,23.919668288543797,4.18065998214091
Welding Shop/Technical Services,Kaduna,2858.8069676983077,285880.69676983077,8.457628908674515,488.8989193705732,6.0,20.361872989304185,17123238.487515148,3430568.3612379692,20.034576775527928,4.991370724743693
Small Manufacturing Plant,Port Harcourt,5084.911186889372,508491.1186889372,6.765534675043174,262.97272766561383,4.8,45.271645182419626,36335976.02639109,6101893.424267246,16.79298065321101,5.954869005394754
Retail Store/Trading,Ibadan,426.21236564807884,42621.236564807885,9.653885092248364,590.6207837550854,5.3,3.4366422000328885,2557567.2213743324,511454.8387776946,19.997708545187702,5.000572929345159
Retail Store/Trading,Abuja,714.2219307839423,71422.19307839422,14.612113893521995,587.139700523255,5.5,5.549509951701182,3583212.519460663,857066.3169407307,23.91893621396853,4.180787937450184
Bakery/Food Processing,Lagos,1441.243030177986,144124.30301779858,15.622082021433672,288.9920298174725,5.0,12.318316497247743,7193560.946784239,1729491.636213583,24.04221843684696,4.159349947787705
Retail Store/Trading,Ibadan,895.6269374519838,89562.69374519838,8.167890495735637,571.2273973853538,5.3,7.221633103144523,5852850.14952926,1074752.3249423807,18.362888122615306,5.445766446555992
Bakery/Food Processing,Port Harcourt,1171.9119042984955,117191.19042984955,9.914646083771178,465.90572875872925,4.8,10.433688606646149,7246860.733048,1406294.2851581946,19.40556520901586,5.153160906312578
Retail Store/Trading,Ibadan,515.0041132523254,51500.41132523254,13.29853652119736,294.5154255881857,5.3,4.152589205388852,2449612.435672837,618004.9359027905,25.228682174494377,3.9637425097493884
Bakery/Food Processing,Kaduna,2062.0288930526294,206202.88930526294,8.73997502842333,82.15189298028235,6.0,14.68681547758283,8490005.161591748,2474434.6716631553,29.145266988262186,3.431088829629644
Salon/Personal Services,Enugu,344.95410835749306,34495.4108357493,11.691703978421163,142.4110287059732,5.1,2.8905154043698094,1636495.247128056,413944.93002899166,25.29460019853027,3.9534129503976287
Welding Shop/Technical Services,Lagos,1709.5945793127773,170959.45793127772,10.799796219522822,81.56551402855045,5.0,14.611919481305788,11848286.469833473,2051513.4951753328,17.31485392760061,5.775388023377764
Other,Kano,1291.6223219131477,129162.23219131478,16.61212113565545,133.45860212417884,6.2,8.902828245886047,5266867.555438045,1549946.7862957772,29.428246865548303,3.3980957294833
Salon/Personal Services,Abuja,538.575208710984,53857.5208710984,13.976870458930154,280.6340742306086,5.5,4.184733556417902,2973909.7991696605,646290.2504531809,21.732005813815547,4.601508064038325
Salon/Personal Services,Lagos,605.7134317867755,60571.34317867755,10.928778521892145,327.5505083875892,5.0,5.177037878519449,3523587.985125776,726856.1181441306,20.62829482937362,4.847710430122668
Agro-processing Unit,Abuja,1518.3826113860675,151838.26113860676,14.300641369616265,413.73847341959845,5.5,11.79784468831443,8634186.091657039,1822059.133663281,21.102847614367306,4.738696967698222
Welding Shop/Technical Services,Abuja,1076.8017546526892,107680.17546526891,10.419001288741597,588.467512435417,5.5,8.366758000409394,7118956.112316295,1292162.105583227,18.151005360851933,5.509336701298094
Small Manufacturing Plant,Port Harcourt,3972.5779689901588,397257.7968990159,12.0233448615821,550.4615869878452,4.8,35.3683935985591,29960529.29389277,4767093.56278819,15.91124614664243,6.284862862303331
Salon/Personal Services,Abuja,616.2202193127416,61622.02193127416,12.984841573490684,488.79257473758986,5.5,4.788035892095894,3257925.3148331684,739464.26317529,22.69739762936083,4.405791431817818
Salon/Personal Services,Abuja,711.8380731963827,71183.80731963826,11.482656860847202,311.30960071250945,5.5,5.530987359723253,2799489.8952936633,854205.6878356591,30.512904842832235,3.2773018667048
Retail Store/Trading,Enugu,508.84074852146864,50884.07485214686,17.600473680221526,433.4414398596927,5.1,4.26379041831296,2859202.014257903,610608.8982257624,21.355920119699693,4.682542332032575
Bakery/Food Processing,Port Harcourt,941.4792125537228,94147.92125537229,16.35551547975622,314.30796745994746,4.8,8.382115496382859,6223531.4457314415,1129775.0550644675,18.153279450999655,5.5086465379396365
Other,Kaduna,416.8816409182287,41688.16409182287,12.596607061959732,279.44035343663614,6.0,2.9692424566825406,2147076.7497633803,500257.9691018745,23.299491699912718,4.291939124164439
Welding Shop/Technical Services,Lagos,2755.49880972525,275549.880972525,8.44793524331265,504.5555352207006,5.0,23.55127187799359,17911553.42365849,3306598.5716703,18.460702393924006,5.416911982336768
Small Manufacturing Plant,Kano,4451.910419149084,445191.04191490845,6.655323638561629,584.5149157290166,6.2,30.685900324986793,17234131.190160744,5342292.502978901,30.99832793444735,3.225980453251271
Small Manufacturing Plant,Abuja,4294.1533543611995,429415.33543611993,9.49052225077899,308.17376309409195,5.5,33.365604928991445,25311616.335953478,5152984.025233439,20.358178461775932,4.912030817872916
Bakery/Food Processing,Kano,2258.3582319797315,225835.82319797314,9.658837492620762,155.97201806768516,6.2,15.566296057207964,8920431.697681516,2710029.8783756774,30.38003058843031,3.291635922120606
Other,Ibadan,519.4211197824984,51942.11197824984,9.574312780682535,479.02644787202394,5.3,4.188204481394116,3351441.4004362086,623305.343738998,18.598127470104995,5.37688539670147
Other,Kano,1101.764820831945,110176.4820831945,8.72977924432248,141.40174978536206,6.2,7.594188177777397,4827132.146436778,1322117.784998334,27.389301657595507,3.6510605947584773
Agro-processing Unit,Kano,2331.8236912759476,233182.36912759475,17.279092474628506,238.66469192451342,6.2,16.072675015687533,12600304.946188072,2798188.429531137,22.20730721582785,4.503022317299544
Other,Enugu,1979.8109291228802,197981.09291228803,11.822765469184274,148.540155059583,5.1,16.589667581053128,8612463.540294698,2375773.1149474564,27.58529082685862,3.625120381280674
Welding Shop/Technical Services,Ibadan,2782.2801835870187,278228.01835870184,11.524264477617923,440.3192389274884,5.3,22.434125008764862,14877055.624456266,3338736.220304422,22.442184156493315,4.455894279392876
Welding Shop/Technical Services,Lagos,2967.4231664183035,296742.3166418304,6.602104203839688,103.18200788316193,5.0,25.362591165968407,19833896.521407705,3560907.7997019645,17.95364716085163,5.569898923827158
Agro-processing Unit,Kano,3301.1418536568904,330114.18536568905,9.381900039545664,151.3657683225545,6.2,22.75394164362345,13441850.21751794,3961370.224388269,29.470423790511052,3.393232506965109
Small Manufacturing Plant,Abuja,2637.766579369053,263776.6579369053,6.262160543834422,475.967081715885,5.5,20.495466817164356,16767645.103287049,3165319.8952428633,18.877545867322475,5.297298743323549
Welding Shop/Technical Services,Port Harcourt,1268.8668547391,126886.68547391001,11.61264739165381,383.24324834871567,4.8,11.296891512990562,8498785.841887105,1522640.22568692,17.915973575689335,5.581611268711218
Salon/Personal Services,Ibadan,428.4286703697501,42842.86703697501,6.325279828034797,480.92582642334986,5.3,3.454512742862039,2539152.2230750513,514114.4044437001,20.24748259563106,4.938885588748584
Retail Store/Trading,Enugu,208.41057963332278,20841.057963332278,15.142678732529808,541.3174715834675,5.1,1.7463598092284462,1120149.3084467119,250092.69555998733,22.326728559676187,4.4789365236700105
Salon/Personal Services,Port Harcourt,431.345948687162,43134.594868716194,12.426509677173579,312.34086593970954,4.8,3.8403307397361286,2661274.6547222645,517615.1384245943,19.449895466674917,5.141415807161437
Welding Shop/Technical Services,Abuja,1778.4172372468774,177841.72372468773,16.64909442444432,541.6634308684947,5.5,13.818315751723988,10210902.377855426,2134100.684696253,20.900216315107635,4.7846394741721125
Salon/Personal Services,Abuja,368.28063701699745,36828.06370169974,13.380837048176376,559.7991591802253,5.5,2.861543411165481,1971560.0452221285,441936.7644203969,22.41558736653164,4.4611813362209025
Retail Store/Trading,Enugu,969.6467991530812,96964.67991530812,12.107508485064571,299.05364290637976,5.1,8.125077921510652,6332079.02901379,1163576.1589836974,18.375894451919407,5.441911971232222
Retail Store/Trading,Abuja,422.9554527428206,42295.54527428206,17.50646247828492,128.54786746007704,5.5,3.28636715417887,2213298.519421764,507546.54329138476,22.931680423478706,4.360779417526443
Small Manufacturing Plant,Enugu,4529.403516167037,452940.35161670373,9.390603210223667,203.45455969128813,5.1,37.95377506424533,22047699.86866916,5435284.219400445,24.652386651562892,4.056402384621056
Other,Kaduna,988.4465985395204,98844.65985395205,17.985515229787854,80.23146876190214,6.0,7.040217938315672,4122565.151272901,1186135.9182474245,28.771793160896152,3.475626264959751
Salon/Personal Services,Kaduna,526.0521818322954,52605.21818322955,6.990865896423326,134.98645649478544,6.0,3.746810411910936,1882103.4545670904,631262.6181987545,33.54027201145293,2.981490429351712
Small Manufacturing Plant,Kano,4038.470296205145,403847.0296205145,12.125521576157295,192.3358246004882,6.2,27.836161402020572,17269083.719200127,4846164.355446174,28.06266061503951,3.5634539921851673
Salon/Personal Services,Lagos,355.6971350683705,35569.713506837055,7.043604243071197,216.77088111433778,5.0,3.0401464535758165,2430800.950276364,426836.56208204466,17.559502847549755,5.694922052645355
Retail Store/Trading,Kano,973.2467515044352,97324.67515044352,17.33648858006978,234.18305957534176,6.2,6.708345406013477,5485179.8067899365,1167896.1018053223,21.291847176269762,4.6966333720191376
Agro-processing Unit,Kaduna,2927.1348406969037,292713.48406969034,16.91514469333133,53.40110245249317,6.0,20.848538751402447,12112730.334615005,3512561.808836284,28.998926846396504,3.448403471262465
Retail Store/Trading,Kano,848.5468562700735,84854.68562700735,17.380434633467026,100.22915388345638,6.2,5.848820349256089,5168120.592521397,1018256.2275240882,19.702640627186028,5.075461806983291
Agro-processing Unit,Lagos,1903.6192150823026,190361.92150823027,17.528955633256267,345.6470790021905,5.0,16.270249701558143,11404812.411051875,2284343.058098763,20.02964166148943,4.992600551225432
Small Manufacturing Plant,Abuja,2549.688220651033,254968.8220651033,9.09158398516235,297.4690208478728,5.5,19.81109728555581,17172090.725015033,3059625.8647812395,17.81743361234519,5.612480572438494
Bakery/Food Processing,Abuja,1977.9451487421052,197794.51487421052,14.797924537641595,597.4818321090008,5.5,15.36864917437533,12029135.653411627,2373534.178490526,19.73154386880124,5.068027148048772
Retail Store/Trading,Abuja,430.0089595070072,43000.895950700724,12.458641222421702,343.3279513227828,5.5,3.341172956542402,2636096.4846331384,516010.7514084087,19.57480518700442,5.1086076742357225
Bakery/Food Processing,Port Harcourt,1489.5969410603038,148959.6941060304,8.029942726109041,587.6011097511134,4.8,13.262081027958544,7082182.672648126,1787516.3292723647,25.239624730040855,3.9620240423375797
Bakery/Food Processing,Kano,2250.639217333196,225063.9217333196,11.979996339530846,381.7849824762164,6.2,15.513090828047945,9121642.347190656,2700767.0607998352,29.608341984945678,3.3774265391437615
Retail Store/Trading,Port Harcourt,381.8088428477298,38180.88428477298,12.525444844700964,432.2335732168117,4.8,3.3992952532739475,1711633.3150274944,458170.6114172758,26.768035384372972,3.7357990066906233
Salon/Personal Services,Kaduna,484.85856845128274,48485.85684512828,17.883422047019295,386.2379109362494,6.0,3.4534086072028685,2715936.8465927327,581830.2821415393,21.422820743106456,4.667919374351229
Welding Shop/Technical Services,Kaduna,1741.947425184338,174194.7425184338,15.265824331390057,143.75438136990311,6.0,12.40703294290839,7912899.347986797,2090336.9102212056,26.416826731822766,3.7854660219100427
Welding Shop/Technical Services,Enugu,1769.031627412533,176903.1627412533,10.16350740453103,287.4939023092775,5.1,14.823459254336626,12076094.23491996,2122837.9528950397,17.578845540609596,5.688655706598365
Other,Port Harcourt,1629.0257040788347,162902.57040788347,11.81007638596089,486.7079476462795,4.8,14.50343397506085,9218012.622575771,1954830.8448946015,21.2066410074883,4.715503976546256
Retail Store/Trading,Lagos,661.1911225118927,66119.11225118926,10.104833215890665,495.48830902590987,5.0,5.6512061753153215,4677692.6719119,793429.3470142712,16.961981101891737,5.895537755837211
Small Manufacturing Plant,Kaduna,3334.0138469358208,333401.3846935821,8.692595757597546,327.4766082301597,6.0,23.746537371337755,13114721.072470037,4000816.616322985,30.50630352117331,3.2780110487851686
Welding Shop/Technical Services,Kaduna,1521.6984919241777,152169.84919241778,6.109044419414596,406.5636400143408,6.0,10.838308347038302,6170782.866334063,1826038.1903090132,29.59167790964302,3.379328482330266
Retail Store/Trading,Abuja,608.8750571779184,60887.50571779184,11.346213773917935,581.8326830400734,5.5,4.730963925236351,3010551.807310577,730650.0686135021,24.26963943418118,4.120374357896753
Other,Ibadan,1271.0386127369534,127103.86127369534,16.361178933472615,126.6976299128381,5.3,10.248658383623232,6798908.272880685,1525246.335284344,22.433694853160592,4.457580467887634
Small Manufacturing Plant,Kaduna,4492.222620952997,449222.2620952997,16.415755520770837,370.7081665039439,6.0,31.995887613625335,20460766.185327545,5390667.145143596,26.34636013293214,3.795590719000424
Retail Store/Trading,Enugu,774.4113425016012,77441.13425016012,10.464522813746488,100.84723437038664,5.1,6.489118003197596,5226717.284332736,929293.6110019214,17.779680063957365,5.624398169161554
Retail Store/Trading,Enugu,566.3202361016572,56632.02361016572,10.73375269006629,526.883100308421,5.1,4.745435194416434,2556748.217495616,679584.2833219887,26.58002374546112,3.762223877511633
Small Manufacturing Plant,Port Harcourt,3353.9835582336527,335398.3558233653,17.600810730421298,576.9759658924729,4.8,29.860964727863717,19125553.97803198,4024780.2698803833,21.043993154411798,4.751949844606149
Agro-processing Unit,Lagos,2119.0791076785968,211907.91076785966,10.176623465727847,542.5556574806367,5.0,18.11178724511621,15121458.720288185,2542894.929214316,16.816465767304315,5.946552705172249
Salon/Personal Services,Port Harcourt,778.3044435824698,77830.44435824698,11.321269234032528,226.5483751024938,4.8,6.929348678618855,3649818.434934321,933965.3322989638,25.58936420944925,3.9078735673734926
Small Manufacturing Plant,Ibadan,4341.329046380397,434132.9046380397,14.253230476388818,200.41098345623888,5.3,35.00507213659407,30697257.05369182,5209594.855656477,16.97088064430155,5.8924461314609395
Welding Shop/Technical Services,Port Harcourt,2472.9463492381456,247294.63492381456,6.619888285375692,77.11197102042904,4.8,22.016972482533347,19694770.55141151,2967535.6190857748,15.067632351132385,6.636742765527103
Welding Shop/Technical Services,Kaduna,1772.5754102910905,177257.54102910904,10.241678304728648,223.59826845193376,6.0,12.625180984979277,6759866.182109935,2127090.4923493084,31.466458581364794,3.1779871173434953
Welding Shop/Technical Services,Abuja,1982.0395253378201,198203.95253378202,9.848802987738855,155.74185515745057,5.5,15.400462512337374,9494523.880118059,2378447.4304053844,25.05072882470658,3.9918998245421826
Welding Shop/Technical Services,Kaduna,1618.9390981772017,161893.90981772018,17.69885127372282,276.1123793471667,6.0,11.530905257672377,7483099.348015301,1942726.9178126422,25.96152780368873,3.8518534331323737
Other,Kano,1056.0117206591708,105601.17206591708,12.91853987941368,590.8374226278246,6.2,7.278823550173495,5899898.086407105,1267214.064791005,21.478575497949112,4.655802243940643
Small Manufacturing Plant,Abuja,3345.6044675251705,334560.4467525171,14.175385326389206,443.79158144794826,5.5,25.99537270804328,19194222.18909787,4014725.361030205,20.91632222174926,4.780955224337563
Small Manufacturing Plant,Port Harcourt,4625.6354587757305,462563.5458775731,7.0629400756397285,422.2797517051671,4.8,41.18265187656455,31206001.268115897,5550762.550530877,17.787484217666353,5.621930497663127
Small Manufacturing Plant,Abuja,2724.3314886266144,272433.14886266144,13.153711794598763,456.7696474719585,5.5,21.168076834705627,16998048.870339364,3269197.7863519373,19.23278260516419,5.19945564055557
Welding Shop/Technical Services,Enugu,1421.9397812399009,142193.9781239901,16.099464090513287,66.69459304315234,5.1,11.91503084665578,6519804.7903477885,1706327.737487881,26.171454397131722,3.820956928207993
Salon/Personal Services,Enugu,698.478361377899,69847.8361377899,11.52394860771318,169.6733669624045,5.1,5.852843651566105,4877079.697903881,838174.0336534788,17.185981890222493,5.818695762555897
Small Manufacturing Plant,Port Harcourt,2968.2235074788878,296822.3507478888,17.43968601098847,89.96607316963619,4.8,26.426491341514314,20672067.9289842,3561868.2089746655,17.230342998150604,5.803714993412108
Agro-processing Unit,Kaduna,1997.7335498398143,199773.35498398144,10.173868169196552,391.12916692861626,6.0,14.228871437605514,10400404.192156568,2397280.259807777,23.049875904012254,4.338418150988534
Retail Store/Trading,Kaduna,635.8408682208787,63584.08682208788,7.507721908947768,209.35039105601805,6.0,4.528781112684322,3876157.188123509,763009.0418650545,19.684677499738747,5.080093387424162
Small Manufacturing Plant,Ibadan,3335.6311988010843,333563.11988010845,8.562514253884096,276.1293850639929,5.3,26.89591355266154,20982108.438106164,4002757.4385613017,19.077002915930922,5.241913545889929
Welding Shop/Technical Services,Ibadan,2408.062905183314,240806.2905183314,8.60943518660683,251.67338383663977,5.3,19.416730407864165,11274906.72300524,2889675.486219977,25.62926290400171,3.9017899334274717
Retail Store/Trading,Kano,512.7339414729298,51273.39414729298,17.717478353224923,575.0664962834878,6.2,3.53414627428267,2374586.3521088366,615280.7297675158,25.911069909969527,3.8593543357128635
Welding Shop/Technical Services,Ibadan,2600.275165504152,260027.5165504152,8.899907049830222,87.42052275041833,5.3,20.966579305790614,14626645.232922593,3120330.1986049823,21.333191233636697,4.68753122328585
Bakery/Food Processing,Lagos,1338.737034125062,133873.7034125062,9.20153459320597,328.25919008051665,5.0,11.442196872863779,5973822.818884069,1606484.4409500745,26.892067101015414,3.7185687371806426
Other,Kaduna,1622.1374471152483,162213.74471152484,16.299875266546294,514.6752469757796,6.0,11.553685520763876,10188675.40665638,1946564.9365382981,19.105181575090562,5.234182130484462
Other,Lagos,911.4484540792153,91144.84540792153,14.246812121528194,222.058808638321,5.0,7.7901577271727795,4295733.720280595,1093738.1448950584,25.46103218017005,3.9275705435808503
Welding Shop/Technical Services,Enugu,1121.8110864703654,112181.10864703654,14.418783187235308,55.405153913383316,5.1,9.400126415873682,7322552.840779517,1346173.3037644385,18.383934305909804,5.43953205750161
Retail Store/Trading,Kano,527.3460699667909,52734.60699667909,9.95255123162491,431.3576461853688,6.2,3.6348640058367163,2553464.3916080254,632815.283960149,24.78261635603378,4.035086472040438
Salon/Personal Services,Abuja,648.0595572942464,64805.95572942463,9.649135631655406,496.3948579446694,5.5,5.03542779560409,2569341.6352148014,777671.4687530956,30.267343902208665,3.303890831091486
Salon/Personal Services,Kaduna,341.04589432820694,34104.58943282069,11.355916319838734,449.86018985777366,6.0,2.429101811454465,2113073.2132312586,409255.0731938483,19.36776589808858,5.163218128832767
Agro-processing Unit,Abuja,3232.3005730619716,323230.0573061972,17.8484216677464,173.8385633187625,5.5,25.115000567692082,21115053.05867345,3878760.687674366,18.36964689075732,5.443762778603815
Small Manufacturing Plant,Abuja,4818.112697388538,481811.26973885385,13.316182899309329,553.3041499695164,5.5,37.43677309548203,26568996.583918404,5781735.236866246,21.761210358865398,4.595332628603562
Salon/Personal Services,Port Harcourt,251.6353920691688,25163.53920691688,15.021577963043196,362.5477389478226,4.8,2.2403435903594087,1325335.5933124705,301962.4704830026,22.78384976655568,4.389073884554383
Welding Shop/Technical Services,Port Harcourt,1549.3317395758108,154933.17395758108,11.69321896976609,233.5771283883888,4.8,13.793907937818828,7568015.951778463,1859198.087490973,24.566519142366058,4.070580753442824
Bakery/Food Processing,Ibadan,1784.8327847403834,178483.27847403835,16.66800732977599,363.1177414267111,5.3,14.391491571846341,9287649.707931088,2141799.34168846,23.06072482319713,4.336377141945187
Retail Store/Trading,Ibadan,705.3779346612673,70537.79346612674,12.224974165376514,78.14102854501175,5.3,5.687614373982158,3424918.2121107983,846453.5215935209,24.714561609103253,4.0461976053488415
Welding Shop/Technical Services,Port Harcourt,1465.7171137521884,146571.71137521885,11.904020753184993,220.62940605958764,4.8,13.04947572785068,9169559.675544223,1758860.5365026263,19.181515784161533,5.213352329672064
Bakery/Food Processing,Kano,1108.9981161940302,110899.81161940302,12.04959410302126,227.54538639631767,6.2,7.644045465908672,6776933.372252052,1330797.7394328362,19.637167230856175,5.0923841929129425
Salon/Personal Services,Lagos,317.7699680627196,31776.99680627196,11.567825009284569,123.30634194519523,5.0,2.7159826330146974,1982616.7974684846,381323.96167526353,19.233366839328667,5.19929770150895
Other,Kaduna,1877.1677462281925,187716.77462281924,16.41242517503087,439.19132215729445,6.0,13.370140642650943,11444471.673130859,2252601.295473831,19.68287711142185,5.080558062417137
Agro-processing Unit,Kaduna,1765.5345689711405,176553.45689711405,15.310527053636317,494.37653045996046,6.0,12.57503254252949,9561445.296366012,2118641.4827653687,22.15817187774524,4.513007686362244
Salon/Personal Services,Port Harcourt,649.0470015143195,64904.70015143195,7.367590645430894,404.1493763872706,4.8,5.778552363909539,3987770.9578148755,778856.4018171834,19.53112177345217,5.120033614040837
Agro-processing Unit,Enugu,3585.8119893734965,358581.19893734966,12.928240814636013,405.52405637544894,5.1,30.047025216804897,25294878.603571158,4302974.387248196,17.011247433465435,5.878463668882663
Salon/Personal Services,Ibadan,447.936261627099,44793.6261627099,12.344487838608632,68.90727209344887,5.3,3.611806657209313,2486899.5199322584,537523.5139525188,21.614203133030507,4.626587405722188
Welding Shop/Technical Services,Kaduna,2277.9260439465693,227792.60439465693,6.97736655469391,289.25802688712287,6.0,16.224544472553912,13749510.789300354,2733511.252735883,19.880789175881493,5.029981411468094
Salon/Personal Services,Abuja,340.22581348381505,34022.58134838151,12.545135402540557,123.3789845377639,5.5,2.643557214326457,1630098.5562600354,408270.9761805781,25.045784784772867,3.992687825889057
Retail Store/Trading,Ibadan,753.3147215786546,75331.47215786546,15.540138443141645,139.84494735873608,5.3,6.074139022566155,3350040.918467261,903977.6658943854,26.98407834098877,3.705889033389744
Welding Shop/Technical Services,Kano,1208.6261747037643,120862.61747037643,7.74618579344831,532.420159044176,6.2,8.33075664946074,7015544.98927897,1450351.409644517,20.67339617750179,4.837134602432998
Welding Shop/Technical Services,Enugu,2056.3785235127125,205637.85235127126,11.60713195209003,108.69150050629486,5.1,17.231259623870557,12664391.089659235,2467654.228215255,19.484981241854975,5.132157878868965
Welding Shop/Technical Services,Kaduna,2299.1120135139236,229911.20135139234,16.41599510274108,505.5022281278991,6.0,16.37544169169461,14011433.136269214,2758934.4162167083,19.69059402692423,5.078566947409686
Small Manufacturing Plant,Ibadan,4691.191481432805,469119.1481432805,6.903344599820084,111.81836494680712,5.3,37.8260883843961,33102778.120592136,5629429.777719365,17.0059133925605,5.880307496082306
Agro-processing Unit,Port Harcourt,1623.2724677745616,162327.24677745617,9.089750597909632,124.61380693820776,4.8,14.452212141867534,7536125.620723795,1947926.961329474,25.84785683472177,3.8687927064679752
Small Manufacturing Plant,Ibadan,3410.1681408835184,341016.81408835185,10.62069666862754,568.6405312391246,5.3,27.496920987611016,19258505.81797829,4092201.7690602224,21.248801998128283,4.706147669351362
Retail Store/Trading,Ibadan,688.3008478253537,68830.08478253537,16.019685428195547,440.6933253917827,5.3,5.549918140826912,3607368.091643741,825961.0173904244,22.89649950898316,4.367479839473551
Other,Abuja,491.25532189527394,49125.532189527396,14.831044876487386,201.30438485751844,5.5,3.817057668183946,2864103.8715854944,589506.3862743287,20.582577053952765,4.858478106889709
Other,Kano,1386.4833398910007,138648.33398910007,10.091543683715862,598.7197447955625,6.2,9.556681416397854,7811980.006807075,1663780.0078692008,21.297801663847622,4.695320276634325
Welding Shop/Technical Services,Kano,1527.1029589935556,152710.29589935555,9.349565649291236,561.8697405593191,6.2,10.525937131193517,6444358.554786446,1832523.5507922666,28.436089258739162,3.5166579725539213
Salon/Personal Services,Abuja,166.01886301360975,16601.886301360973,14.360267854478362,448.92951490473297,5.5,1.2899678555836032,932284.7349447117,199222.63561633168,21.36929074872672,4.6796124951390095
Other,Kano,1721.8435815976788,172184.35815976787,17.693271727661703,586.5810555361588,6.2,11.868235329457393,9298660.693138095,2066212.2979172145,22.22053654933303,4.5003413746551315
Small Manufacturing Plant,Enugu,2728.4686514826235,272846.86514826235,15.86207187303483,405.47046351155973,5.1,22.86298518084987,12660890.93231253,3274162.3817791482,25.860442201764688,3.866909901222652
Welding Shop/Technical Services,Kano,2294.684268746182,229468.42687461822,7.540199119376338,407.60294154510933,6.2,15.816682304564255,13058676.202718437,2753621.1224954184,21.086525768379143,4.742364915796496
Retail Store/Trading,Lagos,985.9860644809983,98598.60644809983,16.941822834473363,291.5218634426678,5.0,8.427231320350412,6256745.981553619,1183183.277377198,18.910521233649323,5.288061538042658
Agro-processing Unit,Abuja,1599.869933215236,159986.9933215236,10.347521880002457,504.51467138030534,5.5,12.431001812084194,10936981.546602732,1919843.9198582831,17.553690766303152,5.696807658932016
Small Manufacturing Plant,Abuja,4955.246855128082,495524.68551280815,11.512123867127476,80.3058443373571,5.5,38.502306566651754,24480211.89637142,5946296.226153698,24.29021550681548,4.116884017432512
Salon/Personal Services,Kaduna,427.4815730851467,42748.15730851467,11.628299276614602,560.7055430917748,6.0,3.0447405490395063,1654080.808859016,512977.887702176,31.012867385604203,3.2244680492336153
Agro-processing Unit,Abuja,3102.715258955399,310271.5258955399,9.739834999855788,338.92504544789676,5.5,24.108121670205115,16938377.86738384,3723258.310746479,21.98119760875037,4.5493426600282945
Salon/Personal Services,Ibadan,192.93595008440406,19293.595008440407,17.670818827796843,248.0329460618993,5.3,1.5556841645251092,831239.8657401759,231523.1401012849,27.852747401031536,3.590310088989514
Bakery/Food Processing,Ibadan,1612.374503352331,161237.4503352331,10.26340769084307,425.3814515639101,5.3,13.000923265217956,11542357.605940562,1934849.404022797,16.763034642307208,5.965506970176872
Salon/Personal Services,Lagos,580.4509029142355,58045.09029142355,14.583867726349627,197.47877628655647,5.0,4.961118828326799,2557327.684076515,696541.0834970826,27.23706812522201,3.671467117541856
Welding Shop/Technical Services,Lagos,1631.336962328132,163133.69623281318,7.503014773154495,410.53048451536193,5.0,13.943050960069504,11173982.7967349,1957604.3547937581,17.519307040331057,5.707988322243043
Bakery/Food Processing,Kano,867.6551164706093,86765.51164706094,13.172188026281509,528.3327366683986,6.2,5.980528787362898,4246420.397042643,1041186.1397647313,24.519148892790973,4.078444991596002
Other,Port Harcourt,1814.414652092377,181441.4652092377,11.38845312443954,302.61702851719053,4.8,16.153976603386546,10458864.060086247,2177297.5825108523,20.817725232895874,4.80359880252341
Welding Shop/Technical Services,Lagos,1153.9383660160347,115393.83660160347,14.04918030531643,501.692681205065,5.0,9.862721077060126,5191113.69999357,1384726.0392192416,26.674931801647045,3.7488380755232327
Bakery/Food Processing,Ibadan,1215.913592828012,121591.3592828012,11.055610579600376,511.3616352208987,5.3,9.804173462570649,7342019.710194161,1459096.3113936144,19.873227926202723,5.031895189414631
Small Manufacturing Plant,Enugu,5569.921636818008,556992.1636818008,8.918159763170712,352.8138489977503,5.1,46.67271356475622,34261885.104752645,6683905.964181609,19.50828433329388,5.126027399002723
Salon/Personal Services,Lagos,275.1205479132876,27512.054791328763,7.222545169674678,551.1162757655766,5.0,2.351457674472544,1439922.888470582,330144.65749594517,22.927940109807494,4.361490806460399
Other,Kano,1694.8627571945856,169486.27571945856,15.120418821638086,76.82147534722723,6.2,11.68226328366822,10094511.466787593,2033835.3086335026,20.147932025488462,4.963288533706259
Agro-processing Unit,Enugu,3609.3219817756435,360932.19817756437,11.256528910864604,238.3173178127228,5.1,30.244025320727697,18801016.965309225,4331186.378130772,23.036979255550268,4.340846900572138
Salon/Personal Services,Ibadan,505.2096346664947,50520.96346664947,7.09623891268267,466.15560214381935,5.3,4.0736142127599955,2769610.236150929,606251.5615997936,21.889418001369496,4.568417488018346
Other,Kaduna,1290.1396307101031,129013.96307101031,8.23908116247801,153.5277098729751,6.0,9.189028708761418,6593173.881653965,1548167.5568521237,23.481370044858423,4.258695289455497
Bakery/Food Processing,Ibadan,1113.2227076735462,111322.27076735462,6.684028650623208,373.28914715442664,5.3,8.976154714348864,4847956.095502476,1335867.2492082554,27.555267062908435,3.629070252583685
Welding Shop/Technical Services,Kano,2680.696355177016,268069.63551770156,6.209978567848664,76.95255473420045,6.2,18.477366660994043,16128240.879798165,3216835.626212419,19.945359510606934,5.013697544374672
Other,Lagos,1273.7094703678079,127370.94703678078,15.833948224632628,229.70638981274848,5.0,10.886405729639383,7074143.871219734,1528451.3644413694,21.606167364784337,4.628308126641143
Small Manufacturing Plant,Port Harcourt,3723.6503958270278,372365.0395827028,13.156157969961312,200.81708901828085,4.8,33.152158082505586,17647281.1485099,4468380.474992434,25.320503693396045,3.949368512210184
Other,Kano,345.23422233206304,34523.42223320631,14.822742217219153,394.1074521177992,6.2,2.3796127814451546,1558447.6015300613,414281.0667984757,26.582932040303476,3.761812272942123
Other,Lagos,1287.2851983946205,128728.51983946205,14.900209547901877,421.37696065912064,5.0,11.002437593116415,8142695.223604461,1544742.2380735446,18.970895946044582,5.2712323278990905
Bakery/Food Processing,Kano,1149.9993799031458,114999.93799031459,10.229772563320214,119.36057792324375,6.2,7.926656878295739,5591947.83280688,1379999.2558837752,24.678328502772963,4.052138295701979
Bakery/Food Processing,Kano,1020.7569228103978,102075.69228103978,14.114348956278471,522.230058840374,6.2,7.0358210836117845,5472579.767559812,1224908.3073724774,22.382648757966958,4.4677464709982395
Retail Store/Trading,Ibadan,970.1860670889113,97018.60670889112,13.540165410593332,151.25572784852633,5.3,7.822819441129747,4085026.064836621,1164223.2805066935,28.49977606087212,3.5087995002631582
Salon/Personal Services,Abuja,218.67272454180494,21867.272454180493,15.754211658441093,368.3160619979996,5.5,1.699088768778593,1042928.2864591593,262407.2694501659,25.16062445108892,3.97446415506878
Agro-processing Unit,Port Harcourt,3045.7125525343,304571.25525343,15.37754506505651,436.8024752528484,4.8,27.116386685668623,22444022.585362144,3654855.06304116,16.284313781723043,6.140878967355479
Salon/Personal Services,Abuja,692.3978643564628,69239.78643564628,6.674566865518542,461.13635021057763,5.5,5.3799367859865015,2861897.5889599957,830877.4372277553,29.03239586325287,3.44442809580772
Agro-processing Unit,Kano,3627.1318933052385,362713.18933052383,9.433620509499772,402.24600069628906,6.2,25.000909107425134,21055625.192125548,4352558.271966286,20.67171234409164,4.837528615696989
Welding Shop/Technical Services,Kano,1628.324127673944,162832.41276739442,17.495652797789447,68.38296483952706,6.2,11.22362922300761,6024377.677310528,1953988.953208733,32.43470210322297,3.083117572091504
Bakery/Food Processing,Ibadan,1785.6478345160235,178564.78345160236,7.998042564594181,441.72111284743727,5.3,14.398063493920525,12004841.65447236,2142777.4014192284,17.84927667597302,5.60246792154947
Welding Shop/Technical Services,Abuja,1351.7805668373242,135178.05668373243,8.82459914278029,321.90394607516697,5.5,10.503345507671515,6767466.846511851,1622136.6802047892,23.969628769454342,4.171946130740032
Retail Store/Trading,Ibadan,931.8679599975025,93186.79599975025,8.54057246577565,129.33201161495694,5.3,7.5138522818698785,5596945.5277096005,1118241.551997003,19.97949678911049,5.0051310628855985
Salon/Personal Services,Ibadan,643.3349407051198,64333.49407051198,12.007434388007171,551.4818118099743,5.3,5.187348336599902,2910905.658317631,772001.9288461438,26.52102195892962,3.7705937635005062
Retail Store/Trading,Kano,317.29164572787386,31729.164572787384,13.751134716276471,178.08353038349827,6.2,2.187011619298827,1151390.514948262,380749.9748734486,33.06870865533904,3.024006804809256
Retail Store/Trading,Abuja,325.40834292131143,32540.83429213114,14.201152981887246,376.5265409498033,5.5,2.5284253529239424,1482606.1283457202,390490.0115055737,26.33808157405091,3.7967837451958952
Retail Store/Trading,Lagos,803.861966689865,80386.1966689865,9.713550917354189,296.3844110102045,5.0,6.870615099913376,3786681.2987187114,964634.3600278379,25.474400508810668,3.9255094527313266
Agro-processing Unit,Enugu,2513.679190826046,251367.9190826046,17.80907356759817,210.73692620666333,5.1,21.06317404747818,13163690.94225299,3016415.0289912554,22.914660046515724,4.364018484106005
Salon/Personal Services,Ibadan,341.6312049253985,34163.12049253985,10.25457850594329,360.52674470967685,5.3,2.7546460645492536,1944100.5465432869,409957.4459104782,21.087255319145097,4.742200845323389
Agro-processing Unit,Port Harcourt,2130.8068606593633,213080.68606593634,16.983479284551287,196.12706067644493,4.8,18.970858802166696,13953138.46177583,2556968.232791236,18.325398545968476,5.456907239924648
Retail Store/Trading,Kano,916.6525852481558,91665.25852481558,7.241700763759016,411.10948631980875,6.2,6.318256032865699,5155363.590280959,1099983.102297787,21.33667360283777,4.686766168963659
Agro-processing Unit,Kaduna,3767.4637960956093,376746.37960956094,8.024993260778754,582.5798280545903,6.0,26.833787721478696,20460654.656656265,4520956.555314731,22.09585485498614,4.525735738956216
Retail Store/Trading,Enugu,562.3066883324093,56230.66883324093,17.348581301292292,422.2510239965259,5.1,4.711803991389385,3503241.958149471,674768.0259988912,19.261245271089585,5.191772317550843
Bakery/Food Processing,Ibadan,1312.6976787850376,131269.76787850377,8.259630299005277,217.05427542380465,5.3,10.584564415296223,7035695.565641896,1575237.2145420453,22.38921795073903,4.466435595027077
Retail Store/Trading,Ibadan,274.41392741014,27441.392741014,7.726415596119957,107.56324219056464,5.3,2.2126586632006124,1525679.8669251362,329296.71289216797,21.58360479356881,4.633146360694885
Agro-processing Unit,Kano,2557.3588593538943,255735.88593538944,15.546940515091038,127.7609548189871,6.2,17.627232281182067,11736358.11861062,3068830.6312246732,26.14806569644766,3.824374665449364
Welding Shop/Technical Services,Port Harcourt,1260.6408663446718,126064.08663446718,13.72114739420797,158.45064008243645,4.8,11.223654436829342,9392699.41835283,1512769.0396136062,16.105796344954218,6.208944771074854
Other,Enugu,465.9370647852857,46593.70647852857,8.002182938466932,558.0522677322269,5.1,3.9042824265567764,2311335.9032723177,559124.4777423429,24.190533143657387,4.133848535133232
Agro-processing Unit,Enugu,3553.678131940477,355367.8131940477,10.248774748261129,410.70142203006606,5.1,29.77776212452218,14957023.67769601,4264413.758328573,28.51111190448731,3.5074044230544787
Bakery/Food Processing,Abuja,1713.3686452356646,171336.86452356647,14.125491161790768,425.4691338545176,5.5,13.312887686368798,10124823.299052475,2056042.3742827978,20.306945746650324,4.924423458239416
Small Manufacturing Plant,Lagos,4700.569052709976,470056.9052709976,9.193216422447703,71.45353141954998,5.0,40.175803869316034,23341534.326988872,5640682.863251971,24.16586152492074,4.13806889925593
Agro-processing Unit,Enugu,2638.9169549752723,263891.69549752725,16.691686616288447,363.22349218521674,5.1,22.112593891195512,18929398.755847733,3166700.345970327,16.729006487815994,5.97764129464781
Other,Ibadan,1715.0647708932433,171506.47708932433,17.899492115534738,139.98891227605196,5.3,13.828937033488495,11666347.557689346,2058077.725071892,17.641148739096177,5.66856509623893
Retail Store/Trading,Abuja,753.4221113135859,75342.21113135859,14.091522884400295,588.9754960470532,5.5,5.854095659002221,3106715.579473734,904106.5335763032,29.101683448262598,3.436227329521382
Welding Shop/Technical Services,Ibadan,2971.201467905601,297120.1467905601,14.240143340689553,183.98813559020684,5.3,23.95743805761652,12998236.4819108,3565441.761486721,27.43019613813477,3.645617388093526
Bakery/Food Processing,Port Harcourt,2157.5449248220184,215754.49248220184,7.284349610532457,479.3846172943958,4.8,19.2089113677174,13409138.574769784,2589053.909786422,19.30813001409281,5.17916545657249
Bakery/Food Processing,Ibadan,2347.3334110459837,234733.34110459837,10.594000737221222,396.8494122406943,5.3,18.927055402725234,14075844.137695163,2816800.0932551804,20.011589114657635,4.9971043992080695
Salon/Personal Services,Port Harcourt,429.5927758629371,42959.27758629371,11.253180659857541,220.70398900946603,4.8,3.824722007326719,2332940.1910097306,515511.33103552455,22.097065883733766,4.525487706203231
Small Manufacturing Plant,Port Harcourt,5167.453671576136,516745.3671576136,17.234118769998062,567.4129725789536,4.8,46.006531976283256,36194216.817684196,6200944.4058913635,17.132417692932737,5.836887810717505
Other,Kaduna,597.1281842873875,59712.81842873875,16.496923795878793,455.58729278491717,6.0,4.253049745636663,3138607.8453960046,716553.821144865,22.830307462462102,4.380142499807388
Small Manufacturing Plant,Kano,3384.9309024160125,338493.0902416012,6.807415355058175,197.3984967864079,6.2,23.33147851127662,14697189.950255496,4061917.0828992147,27.637372155135015,3.6182890123806515
Agro-processing Unit,Kano,3780.520591953814,378052.0591953814,13.598144098749268,446.5800634938295,6.2,26.058178880299238,13293543.349696033,4536624.710344577,34.12652737502309,2.9302717765883544
Other,Lagos,737.158996885463,73715.8996885463,14.632657866897844,65.46682845285807,5.0,6.300504246884299,5040782.136691255,884590.7962625555,17.548681380687416,5.698433849853327
Small Manufacturing Plant,Kano,3813.6247102055486,381362.47102055483,13.521040182507974,130.35311104772612,6.2,26.28635725258856,15401215.258766735,4576349.652246658,29.71421134862518,3.365393037921796
Bakery/Food Processing,Ibadan,2199.106076559789,219910.6076559789,8.820375585743024,408.75461205014545,5.3,17.73186644541033,14784644.011217535,2638927.291871747,17.849109453494567,5.602520409242134
Welding Shop/Technical Services,Enugu,1810.3942851506595,181039.42851506596,13.152523145731767,109.09780394589947,5.1,15.170054341802073,10135357.604642307,2172473.1421807916,21.43459783980125,4.665354617212041
Retail Store/Trading,Enugu,213.53023993728587,21353.023993728588,16.914773128563613,198.29650482195055,5.1,1.789259593910557,1307646.3372185805,256236.28792474305,19.595228513373772,5.10328317588896
Other,Kano,1693.4509047267804,169345.09047267804,17.992203605666404,166.28719189940114,6.2,11.67253173922512,9912074.574578699,2032141.0856721364,20.501672685997825,4.877650791308248
Retail Store/Trading,Kano,412.13659294668446,41213.65929466845,13.954317451615989,580.9967490303417,6.2,2.840754018105076,2401713.2130490667,494563.9115360214,20.592130186441103,4.856224154305563
Small Manufacturing Plant,Abuja,5705.350218667603,570535.0218667603,12.03450624078702,487.3106553896986,5.5,44.3306155296628,28753184.345577992,6846420.262401124,23.81099839278862,4.199739899620754
Salon/Personal Services,Port Harcourt,238.2348045149357,23823.480451493568,17.729258210448148,580.3942787197926,4.8,2.121036364983402,1237742.5575674204,285881.7654179228,23.09702964239805,4.329561053878334
Agro-processing Unit,Enugu,1909.3223946979274,190932.23946979275,9.59307749763728,105.08524862872181,5.1,15.999014535762756,12960136.613849087,2291186.8736375133,17.67872470718535,5.6565166128389315
Retail Store/Trading,Lagos,417.37407911854376,41737.407911854374,15.79146947298248,258.0735839408927,5.0,3.567299821526015,2401620.6839695405,500848.8949422525,20.85462114335307,4.795100295162767
Welding Shop/Technical Services,Enugu,1176.7939342935167,117679.39342935166,10.106706297346854,589.7608338327041,5.1,9.860850798504414,5687904.377465281,1412152.72115222,24.827293629389775,4.0278252431679915
Bakery/Food Processing,Kaduna,1870.462111940645,187046.2111940645,10.993931356873894,141.5961824234985,6.0,13.322379714676957,11480828.990908785,2244554.534328774,19.55045699318532,5.1149699485212485
Agro-processing Unit,Kano,3965.441993209237,396544.1993209237,15.850188111157545,204.81251634800566,6.2,27.332795652117703,15832294.409666482,4758530.391851084,30.055848310562876,3.327139496004704
Salon/Personal Services,Port Harcourt,195.54465221877314,19554.465221877315,6.679506688530696,116.2079822280436,4.8,1.7409602227454872,888451.8126857979,234653.5826625278,26.41151487475363,3.786227350994868
Salon/Personal Services,Kaduna,527.499579349374,52749.9579349374,17.14516105446591,323.20888540329145,6.0,3.757119511035427,1909037.4695676577,632999.4952192488,33.15804458058149,3.015859386912203
Welding Shop/Technical Services,Abuja,2685.8909649123943,268589.09649123944,11.350639438317694,439.7209501723039,5.5,20.869393666762967,15629634.496867867,3223069.157894873,20.62152610504594,4.849301622518166
Salon/Personal Services,Kaduna,625.7172792362255,62571.72792362255,8.087564470840064,248.66883243669648,6.0,4.456675778035794,3407886.3754299693,750860.7350834706,22.03303315794193,4.538639745293282
Retail Store/Trading,Kaduna,709.8417252304191,70984.17252304191,6.848359298212394,248.84710326962613,6.0,5.055852743806404,3156958.7950834315,851810.070276503,26.981982520744037,3.7061768875996766
Agro-processing Unit,Abuja,2836.9986657029813,283699.86657029815,17.954693916535664,310.9934594423424,5.5,22.043501676013836,13843415.949131113,3404398.398843578,24.592184554400077,4.066332528482421
Salon/Personal Services,Kaduna,680.4368921243104,68043.68921243104,11.184807420799412,488.0148974408399,6.0,4.846416610572011,3081339.8849398578,816524.2705491725,26.499000468593543,3.7737272437320577
Agro-processing Unit,Ibadan,2988.537004050271,298853.70040502714,16.63914529802878,276.01840379256043,5.3,24.097218223272623,18604580.68270538,3586244.4048603256,19.27613670000131,5.187761508248342
Agro-processing Unit,Ibadan,3010.7610495536974,301076.1049553697,13.560224167425929,279.5606179902603,5.3,24.276415493901766,12702719.773032062,3612913.2594644367,28.44204488502273,3.515921601426728
Small Manufacturing Plant,Abuja,3005.092152906185,300509.21529061854,7.122712882948027,59.16935282979821,5.5,23.349589377670434,20352588.816603724,3606110.583487422,17.718191115547633,5.64391699738753
Agro-processing Unit,Port Harcourt,3683.8356606130365,368383.56606130366,8.837698946864334,166.32871210497242,4.8,32.797682163577605,19318110.874444522,4420602.792735644,22.883204374727736,4.370017343831453
Agro-processing Unit,Enugu,3340.0885010651637,334008.8501065164,9.840193357048701,328.3245808265101,5.1,27.988004868989137,25185545.848780032,4008106.2012781966,15.914311428244648,6.283652324568718
Agro-processing Unit,Kaduna,1906.2776632436407,190627.7663243641,17.51694865754363,518.3697700094806,6.0,13.577476233929065,7720276.236354542,2287533.195892369,29.63019878900765,3.3749351704349166
Agro-processing Unit,Enugu,3659.474057412508,365947.4057412508,10.881284982864063,469.29866753894504,5.1,30.664270633588973,24795699.066159904,4391368.868895009,17.710203923583503,5.646462368896647
Small Manufacturing Plant,Lagos,3003.5665438642304,300356.65438642306,6.103428031101363,60.98511291791547,5.0,25.671508921916498,15129889.317129824,3604279.8526370768,23.822248643659062,4.197756538261039
Small Manufacturing Plant,Kano,4553.106080915962,455310.60809159616,11.46473886297529,334.90844189968584,6.2,31.38341660405267,16706607.844856516,5463727.297099154,32.70398962995519,3.057730910861258
Retail Store/Trading,Kano,205.97051233377553,20597.05123337755,11.07223943588911,444.93748866047343,6.2,1.41970300753912,1206709.6925602865,247164.6148005306,20.482525028544295,4.8822105604968495
Retail Store/Trading,Ibadan,554.1549615739486,55415.49615739487,14.786630475746668,178.16043041825912,5.3,4.468270936735596,3768988.785698902,664985.9538887384,17.643617206078442,5.6677720238426375
Other,Ibadan,1682.3414076189333,168234.14076189333,13.061174885441428,165.91970468644843,5.3,13.565081499910766,8972326.855767308,2018809.6891427198,22.500402867568877,4.444364867090258
Salon/Personal Services,Port Harcourt,303.8683093049914,30386.830930499138,13.536365574834445,506.46677626684385,4.8,2.7053802466612478,2112789.5830745953,364641.97116598964,17.25879255024306,5.794148096333175
Bakery/Food Processing,Abuja,1506.567229449564,150656.7229449564,9.099605149531106,526.8563838008303,5.5,11.706039078862188,8461433.770431392,1807880.6753394767,21.366126880968363,4.68030544595679
Salon/Personal Services,Lagos,585.0243896380427,58502.43896380428,11.377025847396919,318.345107403616,5.0,5.00020845844481,4206087.578931882,702029.2675656513,16.690790536128794,5.99132795918447
Other,Lagos,647.2359954918738,64723.599549187384,13.521631560778127,247.30838079858876,5.0,5.531931585400631,3463113.019837466,776683.1945902486,22.427312944776506,4.458848915437762
Small Manufacturing Plant,Enugu,5984.758118360222,598475.8118360222,11.762202183142655,317.23708340428726,5.1,50.14880273470942,35579018.92141909,7181709.742032266,20.185238266108488,4.954115412543951
Welding Shop/Technical Services,Port Harcourt,2131.703574821344,213170.3574821344,17.00107203742496,490.4499549228627,4.8,18.978842368423646,13174143.473443491,2558044.289785613,19.417158276301848,5.150084197544368
Small Manufacturing Plant,Lagos,4078.955244292445,407895.5244292445,14.624391191673553,372.4295243294189,5.0,34.862865335832865,22366701.132860243,4894746.293150934,21.884077871277015,4.569532268538059
Salon/Personal Services,Lagos,470.0385816558118,47003.85816558118,8.307789273412206,305.16494490019,5.0,4.017423774835998,3441252.995636691,564046.2979869741,16.390724503608194,6.101011579932685
Salon/Personal Services,Port Harcourt,309.7820815646735,30978.20815646735,16.978105798219858,234.4737474229908,4.8,2.7580313529618365,1562014.283274324,371738.49787760817,23.79866188536784,4.20191691792063
Small Manufacturing Plant,Port Harcourt,5832.924050866803,583292.4050866803,12.396663481136535,397.3494082718882,4.8,51.93130387167737,29071323.37199482,6999508.861040164,24.077021783545558,4.15333760541517
Bakery/Food Processing,Kaduna,1722.9987556318572,172299.87556318572,7.552567403600411,256.70167045436756,6.0,12.272070909058812,8967985.344766594,2067598.5067582286,23.055328786468273,4.337392059170824
Salon/Personal Services,Ibadan,214.44497298045556,21444.497298045557,13.47544853020058,295.7808073602414,5.3,1.729116053704689,1319311.558166411,257333.96757654668,19.505170403736276,5.1268457506449
Other,Kano,1622.5744516705927,162257.44516705925,8.645645771992438,140.5113321361342,6.2,11.18399815047279,6462647.627401327,1947089.342004711,30.128353799596656,3.3191325574960135
Agro-processing Unit,Port Harcourt,2515.8305774094197,251583.05774094196,17.119024598620573,440.73199825682644,4.8,22.398776508274747,14700025.3209158,3018996.6928913034,20.537357092819093,4.869175695200095
Small Manufacturing Plant,Port Harcourt,3966.2326867752154,396623.26867752156,12.207266037051728,96.31715614740409,4.8,35.31190070134629,31025937.7229732,4759479.224130259,15.340323527453275,6.5187673402740485
Salon/Personal Services,Port Harcourt,789.9743326444735,78997.43326444735,13.996887656339027,206.97223765488235,4.8,7.033247263572592,4210432.157101698,947969.1991733682,22.514771971196282,4.4415284386594065
Agro-processing Unit,Enugu,2964.520985538111,296452.0985538111,7.313788392827927,581.210167844171,5.1,24.840966863902388,19061573.853724282,3557425.182645733,18.66280932490093,5.35825010367408
Salon/Personal Services,Lagos,263.61024212418783,26361.024212418783,13.77636381666257,184.99995439641174,5.0,2.253078992514426,1793585.5163621455,316332.2905490254,17.636866916199732,5.6699412925857295
Welding Shop/Technical Services,Kaduna,2435.1227652970715,243512.27652970716,15.321856406883374,420.38085090128794,6.0,17.34417924000763,11781059.41444991,2922147.318356486,24.80377371471672,4.031644585624784
Agro-processing Unit,Abuja,3036.2486506379814,303624.86506379815,16.70962912742414,93.24469104436693,5.5,23.59167560713272,20642961.384721994,3643498.380765578,17.650076037356527,5.66569797140529
Small Manufacturing Plant,Lagos,3658.2016802306835,365820.16802306834,8.979449755570151,593.4076791359819,5.0,31.26668102761268,24846464.980577726,4389842.01627682,17.667873557499316,5.659990698629034
Small Manufacturing Plant,Lagos,3862.864228834057,386286.4228834057,14.791352390884786,426.5988401345525,5.0,33.01593357977826,22555489.795183238,4635437.074600868,20.551258769786386,4.865881993905692
Small Manufacturing Plant,Enugu,3242.284331170822,324228.4331170822,8.867972162538615,204.70650995416875,5.1,27.168462637596967,19771416.1818875,3890741.1974049867,19.67861665351659,5.081658012893397
Small Manufacturing Plant,Lagos,3938.9454739078274,393894.54739078274,8.811900787806321,60.80831551076629,5.0,33.666200631690835,26160165.574467693,4726734.568689393,18.068442859179314,5.534511234829347
Small Manufacturing Plant,Abuja,5577.875698825184,557787.5698825184,17.58731797657061,237.86371286736238,5.5,43.34013752000919,31936310.303125147,6693450.838590221,20.958748130447706,4.771277338589013
Bakery/Food Processing,Kaduna,1375.461695023304,137546.1695023304,6.085101753292452,424.1378785817057,6.0,9.796735719539202,8341715.062226285,1650554.0340279648,19.78674675070303,5.053887900821643
Agro-processing Unit,Kano,3563.599739371572,356359.9739371572,7.759299604320038,137.8164921519329,6.2,24.562997927843753,15788001.152747648,4276319.687245887,27.08588405760068,3.691959981344548
Other,Lagos,1643.1415249514441,164314.1524951444,13.395488980249736,74.67330669524435,5.0,14.043944657704651,8706603.823643737,1971769.8299417328,22.646830726203206,4.415628889047878
Salon/Personal Services,Port Harcourt,554.6555438004831,55465.55438004831,9.707012674125192,252.79883550896528,4.8,4.938172576571252,2891475.6242496115,665586.6525605797,23.018926633120454,4.344251215263722
Bakery/Food Processing,Abuja,2108.543411104696,210854.3411104696,15.731222312071328,270.19614476190685,5.5,16.383398687682174,8439304.715603577,2530252.0933256354,29.98176009271722,3.3353612226485234
Retail Store/Trading,Abuja,957.7223488050838,95772.23488050837,10.877552615424866,474.5098193765605,5.5,7.441510091725592,3848790.585870519,1149266.8185661004,29.860466370532844,3.34890951665386
Small Manufacturing Plant,Kano,4193.570425974907,419357.0425974907,16.77038791826501,549.2686840075983,6.2,28.905227639749842,24512271.186263055,5032284.511169888,20.52965420026046,4.87100264936422
Welding Shop/Technical Services,Kaduna,1174.8336157421677,117483.36157421677,17.237919975722708,504.0441628362286,6.0,8.367760795884385,6454533.0278189955,1409800.3388906014,21.84201913313281,4.578331306756664
Bakery/Food Processing,Ibadan,2145.2282143315338,214522.82143315338,8.41093607622627,492.8155648150657,5.3,17.297437625637265,13218926.115108287,2574273.8571978407,19.47415270182674,5.135011598764946
Small Manufacturing Plant,Kano,5475.464571397629,547546.4571397629,9.469804013449812,573.7430430992781,6.2,37.741002008530664,28149395.349845525,6570557.485677155,23.341735778041187,4.284171535095317
Welding Shop/Technical Services,Kaduna,1099.7202927983285,109972.02927983284,7.7989110389656755,345.6696259283329,6.0,7.832765618221712,6577076.61666911,1319664.3513579941,20.064603596275635,4.983901103262357
Welding Shop/Technical Services,Enugu,2151.5849422446195,215158.49422446196,13.741800999610842,59.333021123506555,5.1,18.0290342068428,12478016.635917729,2581901.9306935435,20.691605132674603,4.8328778438791895
Bakery/Food Processing,Ibadan,2432.6235168576213,243262.35168576214,6.535057112809728,128.6840739978713,5.3,19.614767915317056,16636546.514918482,2919148.2202291456,17.546599696105556,5.699109897753858
Bakery/Food Processing,Lagos,823.8246797942969,82382.4679794297,12.802301199529136,562.7467861565348,5.0,7.0412365794384355,4532993.2763798535,988589.6157531564,21.808759807882737,4.5853134649066645
Other,Abuja,1432.1101823367892,143211.01823367891,15.871889621765128,57.304661902219046,5.5,11.127507244264095,9688531.4092709,1718532.218804147,17.737798910985557,5.637678073916318
Salon/Personal Services,Lagos,502.3099440118219,50230.99440118219,11.514755730066263,324.43236932143617,5.0,4.293247384716427,3346426.5933772777,602771.9328141863,18.012405651063673,5.551729287980741
Small Manufacturing Plant,Kano,2752.7461486731577,275274.61486731574,14.21322433283169,326.7712281722489,6.2,18.97398779068898,11438864.230933227,3303295.378407789,28.87782660690163,3.4628644794238284
Small Manufacturing Plant,Port Harcourt,5178.020974514424,517802.0974514424,11.823487608740585,132.15989992453763,4.8,46.10061408933782,33452171.56002157,6213625.169417309,18.574654139473452,5.383680323150004
Other,Kaduna,1402.0368219322975,140203.68219322976,8.068636345261995,529.8170098451483,6.0,9.986017250230038,7122149.577883628,1682444.186318757,23.62270221820729,4.233215957949324
Bakery/Food Processing,Kano,1842.2976064177105,184229.76064177105,7.886446602683451,579.2859316146637,6.2,12.69849466789158,7049690.314926261,2210757.1277012527,31.359634663957248,3.1888126590624344
Bakery/Food Processing,Kaduna,1681.221287670045,168122.1287670045,6.87478142245986,394.758097428287,6.0,11.974510595940492,8819193.073844396,2017465.545204054,22.87585188703229,4.371421903491487
Small Manufacturing Plant,Kano,3386.1961745448357,338619.6174544836,15.644321422527629,499.80214046140486,6.2,23.340199714259963,14608963.587022657,4063435.4094538027,27.814672719585726,3.595224758103478
Bakery/Food Processing,Kano,2464.2105049529255,246421.05049529255,12.022434372294045,300.2262838502554,6.2,16.985184070532984,8848253.411317093,2957052.605943511,33.41961931335942,2.992254312125729
Retail Store/Trading,Kaduna,802.7804843571845,80278.04843571845,7.589647876103118,350.8035325862183,6.0,5.717809717643764,5028599.017716759,963336.5812286213,19.157156453210806,5.219981381069718
Agro-processing Unit,Port Harcourt,2865.6190003271277,286561.9000327128,7.073677473724647,279.89124702880247,4.8,25.512989675277133,19303029.702729322,3438742.800392553,17.81452369576128,5.613397344089172
Retail Store/Trading,Abuja,882.6278388537615,88262.78388537615,16.273843463935926,104.58071570582456,5.5,6.858025165918892,5834585.42425584,1059153.4066245137,18.153019102631465,5.508725542271036
Retail Store/Trading,Lagos,272.5767061982647,27257.670619826466,9.152345724023224,531.1213344046964,5.0,2.329715437592006,1794864.9634184649,327092.04743791756,18.223769147231245,5.487339045621805
Salon/Personal Services,Port Harcourt,233.7866802977743,23378.66802977743,14.639961631529355,105.64109078720676,4.8,2.081434119460241,1337932.2744946491,280544.01635732915,20.96847663408774,4.7690636637586445
Welding Shop/Technical Services,Enugu,2246.2757074956507,224627.5707495651,10.272807589429737,483.9026796312269,5.1,18.822487912649997,13271269.974072551,2695530.8489947813,20.311024146603238,4.923434647027571
Other,Port Harcourt,697.2737630031181,69727.37630031181,13.670421952679519,179.62539401673672,4.8,6.207921679158814,4781954.024851638,836728.5156037416,17.4976277742382,5.715060423632411
Welding Shop/Technical Services,Lagos,2427.3205662243076,242732.05662243077,16.484136414728987,119.74098951971803,5.0,20.746329625848784,18341849.317971095,2912784.679469169,15.880539791673362,6.297015171514067
Agro-processing Unit,Kano,3666.4892214887586,366648.9221488759,13.122903052971575,119.91076997686318,6.2,25.27218928514446,15200407.677285722,4399787.065786511,28.94519120274124,3.4548053008034563
Small Manufacturing Plant,Enugu,3996.3964937589917,399639.6493758992,7.930323521821174,435.19133887661326,5.1,33.48748528371872,28464055.191566013,4795675.79251079,16.84818189198763,5.9353585236135356
Agro-processing Unit,Lagos,3397.170336044874,339717.0336044874,7.269558243273588,328.3769189820544,5.0,29.035643897819437,25250299.58427089,4076604.403253849,16.14477638036928,6.193953861237234
Retail Store/Trading,Ibadan,851.7000448207338,85170.00448207337,17.23395649861196,332.4348267079735,5.3,6.867441096764503,5275336.17129323,1022040.0537848806,19.37393221206472,5.161574785408151
Small Manufacturing Plant,Kano,5825.977282639925,582597.7282639925,12.428267645472358,266.8047720299494,6.2,40.156998088226665,35037247.91458726,6991172.73916791,19.953544171650638,5.011640996694554
Bakery/Food Processing,Abuja,2241.9453185399225,224194.53185399226,11.915792525497068,309.5463808104877,5.5,17.41993254498774,11482373.534474175,2690334.382247907,23.430124217528416,4.268009809576193
Small Manufacturing Plant,Lagos,4216.093712934399,421609.37129343994,16.161420022436943,507.56784792842865,5.0,36.03498899943931,31754265.46768168,5059312.455521279,15.932701893767504,6.276399361938583
Retail Store/Trading,Kaduna,522.815993952169,52281.5993952169,9.9995983184463,320.5604132215211,6.0,3.7237606406849646,2908678.4071176797,627379.1927426028,21.569218212896104,4.636236650441536
Welding Shop/Technical Services,Abuja,2145.545019474218,214554.50194742178,8.860046527535964,486.67529659357484,5.5,16.670901472216144,8615560.340069609,2574654.0233690613,29.88376752925463,3.346298283913007
Welding Shop/Technical Services,Enugu,1972.9655314648458,197296.55314648457,10.008546581039514,108.75154613019484,5.1,16.53230711802284,14263233.628060881,2367558.637757815,16.599031464365698,6.024447885087572
Agro-processing Unit,Kano,2097.112901009017,209711.2901009017,17.391374061071804,217.80482775073963,6.2,14.454872491101579,10028633.31754303,2516535.4812108204,25.09350378589134,3.9850951406883386
Bakery/Food Processing,Enugu,1087.06079192396,108706.079192396,11.528073499859918,218.89825884813678,5.1,9.108939097737222,6231705.736623127,1304472.950308752,20.932839345132933,4.7771827964299005
Agro-processing Unit,Kano,1587.8981256779853,158789.81256779854,9.877742607353007,349.2597431667077,6.2,10.94498294511983,7952478.40913072,1905477.7508135824,23.96080382470185,4.173482689963317
Small Manufacturing Plant,Ibadan,4430.9933020698845,443099.33020698844,10.278707054122664,296.01651593893035,5.3,35.72805436276314,19998914.864581235,5317191.9624838615,26.587402359018945,3.761179774152631
Retail Store/Trading,Kano,972.4143345878131,97241.4334587813,10.528181726763739,192.02474729299064,6.2,6.702607765286828,4609158.282778127,1166897.2015053756,25.31692621330503,3.949926588933459
Small Manufacturing Plant,Ibadan,3352.1346542336605,335213.46542336605,11.49317535244961,467.73608179431926,5.3,27.028984472130787,22500302.090077087,4022561.5850803927,17.87781145771546,5.593525820345497
Welding Shop/Technical Services,Port Harcourt,1411.9763683769465,141197.63683769465,14.511553525689216,61.632402842178955,4.8,12.571014675720678,6363359.42627392,1694371.6420523357,26.626998862525024,3.7555865952561596
Retail Store/Trading,Abuja,535.1463823871568,53514.63823871568,15.310380782433443,236.30312567593728,5.5,4.1580915492397565,2532971.5898147905,642175.6588645881,25.352659360523806,3.944359389599511
Other,Kano,1258.3530724571792,125835.30724571792,8.45975079391093,458.09746511939477,6.2,8.673511665682238,4345271.786503162,1510023.6869486151,34.75096061053985,2.8776182943751585
Other,Kaduna,388.87447555689135,38887.447555689134,16.230511738506003,159.00801253191747,6.0,2.7697612219151804,1845449.0363955274,466649.3706682696,25.286494585605805,3.954680221153486
Retail Store/Trading,Kano,899.5184253666646,89951.84253666646,10.230350895606207,447.47596596096764,6.2,6.200154572419799,4906344.783230695,1079422.1104399976,22.00053518719953,4.545343972276753
Salon/Personal Services,Kano,357.4964435610225,35749.644356102246,16.87094005481577,119.6504190351059,6.2,2.4641331924525947,2019378.6671532686,428995.73227322695,21.243946925416672,4.707223208148673
Salon/Personal Services,Kano,266.03786302718913,26603.786302718912,11.916361501905627,95.06614147098037,6.2,1.8337321686461892,1610156.032504534,319245.43563262693,19.82698752095803,5.043630551252198
Other,Lagos,633.1663139929954,63316.631399299535,17.325196586544173,587.069313631338,5.0,5.411677897376029,4023051.334474158,759799.5767915944,18.886151670021025,5.294884937238708
Agro-processing Unit,Port Harcourt,2440.648323326055,244064.8323326055,17.07943225216723,349.6535716203875,4.8,21.729418833031115,13077866.949172808,2928777.987991266,22.394921124170903,4.465298156021175
Other,Port Harcourt,758.562191985404,75856.21919854039,14.428784652967185,412.39599361617144,4.8,6.753580769100818,5873313.511387838,910274.6303824848,15.49848528633015,6.452243438795996
Welding Shop/Technical Services,Enugu,2978.250638217467,297825.0638217467,9.1805674489114,419.6327264639545,5.1,24.956013392135638,20217522.83085678,3573900.76586096,17.67724362554611,5.656990542093672
Bakery/Food Processing,Ibadan,888.4403835500598,88844.03835500598,7.363752464360633,52.15510622310129,5.3,7.163686369537653,5227853.382354354,1066128.4602600718,20.393235660712865,4.903586741394249
Other,Lagos,1999.0831578014443,199908.31578014442,15.627284365769732,482.69765810344745,5.0,17.08618083590978,13297424.2269569,2398899.789361733,18.04033434158337,5.543134517717766
Other,Kaduna,1166.5343279899055,116653.43279899054,9.600804994865278,133.19535645447178,6.0,8.308649059757162,7226252.615458838,1399841.1935878866,19.371606115640926,5.162194575041379
Agro-processing Unit,Enugu,2211.6868471161592,221168.68471161593,10.51165466314967,465.9705533391617,5.1,18.532653319223723,14547347.282161402,2654024.2165393913,18.244042470848775,5.481241350966207
Small Manufacturing Plant,Kaduna,4388.816261161033,438881.6261161033,6.929803518665793,59.91595492740173,6.0,31.25937507949454,20235750.30067339,5266579.51339324,26.026114352764978,3.8422946523854082
Bakery/Food Processing,Abuja,973.9647052079074,97396.47052079074,10.925984564368552,563.25610437696,5.5,7.567713327178767,5942253.875236389,1168757.646249489,19.668591594851616,5.084248128176887
Retail Store/Trading,Kaduna,709.9219849673773,70992.19849673772,15.621910798506182,306.5060269775017,6.0,5.056424394354539,2609677.5910232686,851906.3819608527,32.64412373740066,3.063338468032735
Welding Shop/Technical Services,Enugu,1723.3321663900856,172333.21663900855,7.300804472599473,531.7631622024128,5.1,14.440524270069428,9452279.454613524,2067998.5996681026,21.878305752574228,4.570737840988161
Welding Shop/Technical Services,Lagos,2566.320058055806,256632.0058055806,8.017417171172701,331.7433101319433,5.0,21.934359470562445,14532153.911949115,3079584.069666967,21.19151839655901,4.718869036597093
Other,Abuja,1128.5371734661162,112853.71734661162,13.501098632238342,570.4027916951936,5.5,8.768742606574328,4969555.9171158075,1354244.6081593395,27.250817391854714,3.6696146967646577
Salon/Personal Services,Kano,526.8514371456117,52685.14371456117,12.482607201343423,77.67761311406517,6.2,3.6314546260381286,1849260.8630766799,632221.724574734,34.187806447322124,2.9250194847710924
Bakery/Food Processing,Abuja,906.9427092306407,90694.27092306408,8.248161495921467,67.85892443046156,5.5,7.046951897673975,3899448.412292365,1088331.2510767689,27.909876885304723,3.5829609858527394
Small Manufacturing Plant,Port Harcourt,5101.735134495044,510173.5134495044,14.679963647927558,124.83092893740361,4.8,45.42143104073222,34604253.57201687,6122082.161394052,17.691704138778892,5.652366737289455
Bakery/Food Processing,Kaduna,2221.3341313519777,222133.41313519777,7.857432418153344,215.64657284854735,6.0,15.821468172022632,12988088.875158433,2665600.9576223735,20.52342714347077,4.872480570664025
Salon/Personal Services,Kano,311.83498445488726,31183.498445488727,10.467685182876574,190.06507123947904,6.2,2.149400223703386,1924318.0351844232,374201.9813458647,19.44595303395376,5.142458167280061
Salon/Personal Services,Ibadan,467.81810218499385,46781.810218499384,10.888894576256225,592.6132199286296,5.3,3.7721182243589246,2408668.7451108024,561381.7226219926,23.306721763277093,4.2906077060379895
Retail Store/Trading,Enugu,244.74108010258053,24474.108010258053,7.7061765166482195,79.05424164973137,5.1,2.0507883367067246,1517074.1356643282,293689.2961230966,19.358928428009207,5.165575169714266
Agro-processing Unit,Lagos,3064.6029874559395,306460.29874559393,6.654111328964635,510.0418555568678,5.0,26.19318792697384,22915319.655729383,3677523.584947127,16.04831894207357,6.231182241638525
Salon/Personal Services,Ibadan,482.76010994325304,48276.010994325305,12.324091494978404,358.8769792417068,5.3,3.89259885456582,2206390.0859635207,579312.1319319037,26.25610655238784,3.808637803951385
Welding Shop/Technical Services,Kaduna,1341.6274126124215,134162.74126124216,8.372283637373851,225.34952758015257,6.0,9.555750802082773,7520932.355963716,1609952.8951349058,21.40629404622015,4.6715232344319615
Agro-processing Unit,Kaduna,2983.7410395546285,298374.10395546287,8.521413311282574,113.98244992329367,6.0,21.251716805944646,17043696.095531072,3580489.2474655546,21.007704123546144,4.760158435776741
Welding Shop/Technical Services,Port Harcourt,2940.2337728368643,294023.3772836864,6.263781777715475,491.4835729348119,4.8,26.177294986083194,14020303.032640196,3528280.527404237,25.165508328815474,3.973692829621731
Other,Port Harcourt,1639.6597542775376,163965.97542775376,9.566569366141152,124.59463880402237,4.8,14.598110347912549,12328100.598745963,1967591.705133045,15.960217791645798,6.265578659731317
Retail Store/Trading,Abuja,316.5029173643387,31650.291736433872,14.36917940684631,403.54362509739553,5.5,2.459230127151039,2029460.0349329403,379803.5008372065,18.714509982935258,5.3434474154645
Small Manufacturing Plant,Lagos,5239.6098598798535,523960.98598798533,17.249774068789257,430.5600497966256,5.0,44.78299025538336,22989849.73491478,6287531.831855824,27.349164541545147,3.6564188221579323
Agro-processing Unit,Abuja,1889.6288413786087,188962.88413786088,8.921311401184928,513.206551980213,5.5,14.682430779942568,7876151.636614455,2267554.6096543306,28.79013399276088,3.473412107951441
Small Manufacturing Plant,Kano,3232.57126541973,323257.126541973,6.8702678034537765,436.80402972323776,6.2,22.281301801900536,11578495.36070799,3879085.5185036757,33.502500952476794,2.9848517918662174
Welding Shop/Technical Services,Enugu,1805.0527109802842,180505.27109802843,17.040480630550842,407.6402891015139,5.1,15.125295047597488,9587885.39729482,2166063.2531763413,22.59166816686698,4.426410624544333
Welding Shop/Technical Services,Ibadan,1180.8379555833214,118083.79555833215,17.37427880704393,192.20649500213523,5.3,9.521351036795044,6700323.222172968,1417005.5466999859,21.148316278396486,4.728508817609863
Small Manufacturing Plant,Lagos,3680.243716422,368024.3716422,10.827124964202504,78.17336302237229,5.0,31.455074499333335,22425552.22661214,4416292.4597064,19.693126907553417,5.0779137548564925
Salon/Personal Services,Kano,472.73502444989316,47273.50244498932,7.479821892903507,270.53367967859344,6.2,3.2584437858415574,1978092.7289396129,567282.0293398718,28.678232372047198,3.4869652600161807
Small Manufacturing Plant,Lagos,3727.4842579722954,372748.4257972295,15.27408100111804,491.7437813980021,5.0,31.85883981172902,27546387.578582387,4472981.109566754,16.237995260926862,6.1583956882059105
Small Manufacturing Plant,Kaduna,3036.9450883618083,303694.50883618084,10.398614248550714,255.34423856750743,6.0,21.63066302252,14001638.83584098,3644334.10603417,26.027911080705152,3.842029415650316
Small Manufacturing Plant,Port Harcourt,3029.936553776298,302993.6553776298,15.581442060614286,438.97558058448277,4.8,26.975930856270455,13979468.571260702,3635923.8645315575,26.00902778240347,3.8448188389285147
Welding Shop/Technical Services,Kaduna,1380.7635725940695,138076.35725940694,10.400662903125589,108.19276367108282,6.0,9.83449838029964,6098282.407020142,1656916.2871128833,27.170212471719836,3.6805012144857234
Bakery/Food Processing,Port Harcourt,1867.9512150581747,186795.1215058175,7.456463094583436,592.2637927437048,4.8,16.630619792184604,11848381.445843728,2241541.4580698097,18.91854569601248,5.285818561681372
Salon/Personal Services,Enugu,657.4433485471105,65744.33485471105,10.68286259500794,368.21016275364497,5.1,5.508994038437327,3654053.654018099,788932.0182565326,21.590597537860482,4.631645781208402
Other,Port Harcourt,1849.281087567895,184928.1087567895,12.649191364749914,145.97416751887533,4.8,16.46439714715006,10035659.369665522,2219137.305081474,22.112521194065156,4.522324664943195
Salon/Personal Services,Port Harcourt,396.1571811277536,39615.71811277536,16.117738380356947,404.3171587942898,4.8,3.5270404302684613,1948793.1796754268,475388.6173533043,24.394000467124002,4.099368618721265
Salon/Personal Services,Kaduna,572.9708498169703,57297.08498169703,16.401857828261868,541.6851816043776,6.0,4.080988958810329,3377694.991542003,687565.0197803644,20.356042256689186,4.912546296524761
Other,Ibadan,1863.6473720250417,186364.73720250418,7.138190319037873,349.2693010797055,5.3,15.026990582366082,13501121.360010644,2236376.84643005,16.564378519357945,6.03705112649624
Small Manufacturing Plant,Enugu,5091.783324264115,509178.33242641157,15.083122141524166,383.69391108350214,5.1,42.66619175686371,26957219.02279023,6110139.989116939,22.66606204427575,4.411882390715273
Retail Store/Trading,Enugu,333.4298681469393,33342.98681469393,15.569046647299972,446.06123343322014,5.1,2.7939489538037483,1823466.3637525607,400115.84177632723,21.942595143511067,4.5573460817177915
Other,Kaduna,446.4308116333617,44643.08116333617,11.565717896092515,145.68756973699197,6.0,3.179706635565254,2375924.5250800853,535716.9739600341,22.547726929245645,4.4350368582074005
Retail Store/Trading,Enugu,469.98163657037753,46998.16365703775,6.216973106468226,270.181427625917,5.1,3.9381735928471384,3100825.6939474344,563977.963884453,18.18799312019677,5.498132715310712
Retail Store/Trading,Ibadan,639.9015369249684,63990.15369249684,13.434991113925042,414.91968982079055,5.3,5.159664061643028,3388928.3115530033,767881.8443099621,22.65854493564292,4.4133460592474085
Agro-processing Unit,Abuja,3590.72828275615,359072.828275615,8.58555488730876,116.26500234115737,5.5,27.89998665700194,24049001.90822891,4308873.9393073805,17.917059326412218,5.581273030255931
Salon/Personal Services,Enugu,703.4991617336517,70349.91617336517,7.879353778711799,586.1180447349074,5.1,5.894915047206735,4267927.900643907,844198.994080382,19.78006690209122,5.055594629431088
Salon/Personal Services,Port Harcourt,697.649849109114,69764.9849109114,12.01051927067519,589.7817837071138,4.8,6.211270024119605,4224632.764356242,837179.8189309367,19.816629412012524,5.046266845934031
Agro-processing Unit,Kaduna,1743.4418227700105,174344.18227700106,9.63678913410122,401.0234282723363,6.0,12.4176768003562,9420907.697912589,2092130.1873240126,22.20731010651522,4.503021731148872
Small Manufacturing Plant,Lagos,3725.0240396561258,372502.4039656126,17.140470623769502,86.09434849779966,5.0,31.83781230475321,28052982.1858981,4470028.847587351,15.934237643491539,6.275794439456334
Small Manufacturing Plant,Enugu,4422.941412213376,442294.1412213376,13.090395208741374,409.0004680774733,5.1,37.06168436578997,30309820.722083572,5307529.694656052,17.510924077452607,5.71072089386544
Welding Shop/Technical Services,Kano,1511.3324466636288,151133.24466636288,10.374797130238374,514.0242913157376,6.2,10.417234950810785,5375347.948166134,1813598.9359963546,33.739191462295686,2.9639121646335918
Welding Shop/Technical Services,Ibadan,1389.8855379403196,138988.55379403196,15.922414166080344,359.4604825965083,5.3,11.206946766169324,7093145.1748979455,1667862.6455283836,23.513724933063706,4.252835324248669
Welding Shop/Technical Services,Port Harcourt,2524.3750223881643,252437.50223881644,14.563288395161658,164.13132246168345,4.8,22.47484884604847,15467592.690860327,3029250.026865797,19.584495709249932,5.106079905482024
Other,Kano,1266.9816519375838,126698.16519375838,16.412677833661107,287.66393024106117,6.2,8.732986296785109,5465164.207672649,1520377.9823251006,27.819438255681554,3.5946088875312583
Small Manufacturing Plant,Abuja,5883.067695781609,588306.7695781608,11.426581201220618,128.53210016733658,5.5,45.7114817077048,35658385.20539794,7059681.2349379305,19.798095719346374,5.050990833541715
Bakery/Food Processing,Ibadan,1462.0389561320444,146203.89561320446,17.420428876686444,225.8464671369198,5.3,11.788735334075506,9790634.996014368,1754446.7473584535,17.91964206685945,5.580468606844542
Welding Shop/Technical Services,Abuja,2736.1963197341256,273619.6319734126,16.575008180182678,242.60258838257857,5.5,21.260266664600817,16849570.031295106,3283435.583680951,19.48676184367048,5.1316889282187805
Welding Shop/Technical Services,Lagos,1166.5153161012643,116651.53161012643,14.694694909905818,221.33176445769232,5.0,9.970216376933882,8930654.96389938,1399818.3793215172,15.674308155225342,6.37986691404067
Other,Kano,1630.970144237873,163097.0144237873,11.311858179125197,316.89670828844186,6.2,11.241867550578114,6846511.5988230705,1957164.1730854476,28.586297486473082,3.4981795053143756
Salon/Personal Services,Port Harcourt,655.6411143865489,65564.11143865489,10.588359972739536,293.720039927603,4.8,5.837260633783377,4961647.010603709,786769.3372638586,15.857019565930958,6.306355338985107
Other,Port Harcourt,939.5237969083577,93952.37969083576,10.40808618332736,339.27061729580265,4.8,8.364706169055891,6747382.419217183,1127428.556290029,16.70912490566721,5.984753873381074
Bakery/Food Processing,Abuja,2174.959055651956,217495.9055651956,10.341219743070791,338.3400962957552,5.5,16.89944876186446,10897972.923328077,2609950.866782347,23.948957160606593,4.175547157622756
Small Manufacturing Plant,Port Harcourt,4847.545639049104,484754.56390491035,9.23327335564386,202.6375426963159,4.8,43.158347926006975,34252614.95347091,5817054.766858924,16.98280488879716,5.888308830890814
Salon/Personal Services,Ibadan,756.7185325652456,75671.85325652456,14.682414879973063,367.4526719228199,5.3,6.101584684448037,3304803.6469043614,908062.2390782947,27.47704057785353,3.6394021298130594
Bakery/Food Processing,Lagos,1901.1240925150403,190112.40925150402,6.35159331724102,389.9566310589333,5.0,16.248923867649918,13254789.798120407,2281348.9110180484,17.211505770853904,5.8100669012551345
Agro-processing Unit,Kano,2773.772183060505,277377.2183060505,12.548996157353228,247.6831047569494,6.2,19.11891496457475,13630490.891848834,3328526.6196726062,24.41971199777623,4.095052390835177
Welding Shop/Technical Services,Port Harcourt,1162.9477954258837,116294.77954258837,8.320070803344626,572.9095922669694,4.8,10.353879945031014,6387474.915453102,1395537.3545110603,21.84802872782893,4.577071975039331
Agro-processing Unit,Lagos,2521.7489056773347,252174.89056773347,11.60019786997037,78.99038441939145,5.0,21.55340945023363,16430399.40252636,3026098.6868128018,18.417681838869388,5.429564962348092
Agro-processing Unit,Kaduna,1593.9155738599516,159391.55738599517,14.606177364561091,345.9520652666112,6.0,11.352675027492532,8589978.848364212,1912698.688631942,22.266628619186612,4.491025637973431
Other,Abuja,1164.8001731676534,116480.01731676534,8.917494365072024,459.61290239645723,5.5,9.050506396019061,5283635.757450175,1397760.2078011842,26.45451488267859,3.7800730969168588
Other,Kaduna,586.0021844844362,58600.218448443615,8.27921692393224,303.3916942415515,6.0,4.173804732795129,2137651.5159195983,703202.6213813233,32.89603642803359,3.0398799022116005
Bakery/Food Processing,Lagos,1286.6757655902995,128667.57655902996,8.969555774797756,404.8807045043324,5.0,10.997228765729055,7406073.097322502,1544010.9187083594,20.847902774097133,4.796645546728416
Bakery/Food Processing,Kaduna,1906.6519668715257,190665.19668715258,15.894204837599151,279.73971183513675,6.0,13.580142214184656,9883691.978437684,2287982.360245831,23.149065806960653,4.31982874963063
Bakery/Food Processing,Kano,924.2446547444554,92424.46547444553,9.283996619057492,589.0030047582493,6.2,6.37058626099018,5419088.947574773,1109093.5856933463,20.46642150411101,4.8860520135341385
Retail Store/Trading,Abuja,677.0068601861617,67700.68601861616,14.516845017612244,54.046806293977994,5.5,5.26034856399504,4583271.8372218795,812408.232223394,17.72550835029305,5.641587142314411
Small Manufacturing Plant,Kaduna,4313.720062638823,431372.00626388233,6.450343890381637,363.0766166502964,6.0,30.724501870646886,21861161.701109607,5176464.075166588,23.678815178901704,4.223184278624801
Retail Store/Trading,Kano,936.6166797088603,93661.66797088603,17.621029566004893,347.3039714639083,6.2,6.455863521566448,5174512.726099646,1123940.0156506323,21.7206928486543,4.6039047049180795
Retail Store/Trading,Ibadan,566.5638442017728,56656.38442017728,17.34020513098193,420.4854075981823,5.3,4.568326432847708,3086915.516828847,679876.6130421273,22.024464528933944,4.540405505370092
Other,Port Harcourt,410.3287752152961,41032.87752152961,11.58870693200997,182.13476015536716,4.8,3.653212030050713,2916844.538944666,492394.5302583553,16.881068692008764,5.92379557387492
Small Manufacturing Plant,Abuja,4144.315125070385,414431.5125070385,11.465586864076341,370.1796415481081,5.5,32.20136072315761,18738635.474066354,4973178.150084462,26.539702727913006,3.767939717532159
Salon/Personal Services,Lagos,381.9008187270133,38190.08187270133,7.971245393471136,327.04568902447596,5.0,3.2641095617693443,2116533.160447717,458280.982472416,21.6524357395598,4.618418047873308
Welding Shop/Technical Services,Abuja,2660.405768691524,266040.57686915237,13.968146736811228,236.10232625886871,5.5,20.671373494106632,15579832.284611735,3192486.9224298284,20.491150765358757,4.880155397082659
Agro-processing Unit,Ibadan,3838.807556897143,383880.7556897143,16.946490854990188,165.1416196612543,5.3,30.953133018038564,15701384.878928434,4606569.068276571,29.33861633096248,3.4084770349058724
Retail Store/Trading,Abuja,231.53406809629038,23153.40680962904,14.895704500209147,505.1856437420343,5.5,1.799021508129684,1419400.1285013752,277840.88171554846,19.574528431873343,5.1086799024577925
Welding Shop/Technical Services,Kaduna,2935.729131902711,293572.91319027107,16.678036729059727,380.2941225135282,6.0,20.90975165172871,17443211.756952364,3522874.958283253,20.19625174176502,4.951413820674659
Bakery/Food Processing,Kano,1701.0889766610474,170108.89766610475,6.334092615151036,185.6610457646278,6.2,11.725179050599994,7734592.502452191,2041306.771993257,26.39191103275418,3.789039750698353
Retail Store/Trading,Enugu,567.6918013863411,56769.18013863411,13.542046801002813,356.48850832512585,5.1,4.756928116191898,3230796.0095779547,681230.1616636093,21.0855207089537,4.74259096468679
Bakery/Food Processing,Lagos,2062.481182458874,206248.11824588742,9.35720317064449,360.72393420886027,5.0,17.628044294520294,14816598.36489624,2474977.418950649,16.704086579105844,5.986559009163907
Salon/Personal Services,Enugu,207.29245820401488,20729.245820401487,10.963986282998484,462.58845812503057,5.1,1.7369906000001245,1407417.2241632,248750.94984481786,17.674286314970765,5.657937085431074
Small Manufacturing Plant,Port Harcourt,4926.902987001654,492690.2987001654,17.887712846066147,202.84011929326581,4.8,43.86487702102612,26988295.270561263,5912283.584401985,21.906843411673663,4.564783621300377
Retail Store/Trading,Port Harcourt,598.5514393391834,59855.14393391834,9.954364965287962,292.33171273254607,4.8,5.328983612350279,3355077.151238935,718261.7272070202,21.40820299592176,4.671106679016912
Salon/Personal Services,Port Harcourt,707.0175844151023,70701.75844151023,14.21050890226184,535.34265524117,4.8,6.2946722259179335,4856662.494642707,848421.1012981228,17.469220935858733,5.724353728604572
Other,Kaduna,645.968884164207,64596.8884164207,16.480333414097256,82.86925079811144,6.0,4.6009179783775425,3336950.2807618445,775162.6609970484,23.229673677369696,4.304838775992786
Retail Store/Trading,Kaduna,910.879424349722,91087.9424349722,9.948885353528734,223.02319837773658,6.0,6.487745187676082,3664874.241510062,1093055.3092196663,29.825179179116596,3.3528717262499925
Agro-processing Unit,Lagos,2780.22144174666,278022.14417466597,17.288282252678783,76.27975057477295,5.0,23.762576425185127,14827181.474396067,3336265.730095992,22.50101097000219,4.444244755638651
Salon/Personal Services,Abuja,378.95013379598447,37895.013379598444,16.278863864200027,267.8299625895067,5.5,2.944445484040283,2532203.420146993,454740.1605551813,17.958279217898852,5.56846225557797
Other,Abuja,638.5667259150139,63856.67259150139,11.097530175976942,262.0538758204181,5.5,4.96166842202808,3846631.5596267655,766280.0710980167,19.920807574624277,5.019876810987472
Retail Store/Trading,Ibadan,932.3329611733627,93233.29611733627,15.143212508917165,327.8135556592035,5.3,7.517601686609923,6723665.720739652,1118799.5534080353,16.63972600477466,6.00971434092759
Agro-processing Unit,Kaduna,3970.9264168039276,397092.6416803928,11.58333037531108,82.03080695115138,6.0,28.28295168663766,22818827.17471556,4765111.700164713,20.882369035358238,4.788728703658047
Bakery/Food Processing,Ibadan,1245.8663470854744,124586.63470854744,11.23284576263175,136.29644328036608,5.3,10.045688978273459,8807957.357456835,1495039.6165025693,16.973738130519735,5.891454152941972
Salon/Personal Services,Port Harcourt,765.917332110628,76591.73321106279,15.202186773813278,197.55796023527495,4.8,6.819064566512001,3999213.8207619693,919100.7985327535,22.982036963395906,4.3512244001379266
Other,Enugu,1304.367706980457,130436.77069804569,14.657389885314863,567.7034108987389,5.1,10.929845039219515,8837806.572350023,1565241.2483765483,17.710743447062587,5.646290360362342
Other,Enugu,1798.7800935981982,179878.00935981981,12.182306713658564,476.0589408861597,5.1,15.07273415114964,7658260.398128126,2158536.112317838,28.185723651358725,3.5478954252494206
Retail Store/Trading,Enugu,649.7158030620681,64971.58030620681,12.632446680546481,113.10807708600555,5.1,5.444241688135311,4182832.7132422472,779658.9636744817,18.63949665513023,5.3649517393205235
Other,Ibadan,514.4340186274585,51443.40186274585,12.354403380269488,197.87384973845363,5.3,4.147992409510228,2852627.935779285,617320.8223529502,21.640425469096783,4.620981234532712
Agro-processing Unit,Enugu,1552.5922561511716,155259.22561511715,14.674070446802547,67.86762817959072,5.1,13.009822826807202,8309426.253040007,1863110.7073814059,22.42165283914501,4.459974503994382
Small Manufacturing Plant,Kano,4583.468943864191,458346.8943864191,12.470325529527774,582.8480798177925,6.2,31.592700192060867,26694622.954560034,5500162.732637029,20.604009811262305,4.853424208007281
Salon/Personal Services,Enugu,464.7385405759671,46473.854057596705,6.763217236533569,353.4283822935539,5.1,3.894239488653989,3277808.9373783087,557686.2486911605,17.01399499926969,5.877514364162702
Retail Store/Trading,Kaduna,872.8769364928811,87287.6936492881,17.96219141137728,286.6887455289899,6.0,6.217072197242743,3163996.6224119593,1047452.3237914573,33.10535530828,3.0206593183728483
Salon/Personal Services,Enugu,358.19418262288264,35819.418262288265,16.879839563423985,155.18317099186675,5.1,3.0014595493789393,2232491.7627579593,429833.0191474592,19.253509747173947,5.193858227052765
Salon/Personal Services,Kaduna,550.0287947714023,55002.87947714023,10.868573090171372,72.5953007255554,6.0,3.9175840083433213,2535197.4600729137,660034.5537256828,26.034838079504063,3.8410071802491843
Other,Kano,890.3904063196862,89039.04063196863,9.182742270032096,427.35013466891775,6.2,6.1372374298296535,4089022.8175264415,1068468.4875836235,26.130166919194853,3.826994305441708
Retail Store/Trading,Lagos,959.0323981535345,95903.23981535345,9.216566248543653,496.30626653342495,5.0,8.196858103876362,6826477.002346463,1150838.8777842415,16.858459750009615,5.93173999777429
Salon/Personal Services,Kaduna,185.98388100996618,18598.388100996617,12.457452120477758,88.80253504044202,6.0,1.3246715171650012,826510.1266735514,223180.65721195942,27.002773469962527,3.7033232942252567
Welding Shop/Technical Services,Kano,2868.065982261279,286806.59822612786,15.196215366688683,411.8724511625258,6.2,19.768858438525495,17341628.594508726,3441679.178713534,19.84634349626973,5.038711539926524
Other,Abuja,1700.6238487619294,170062.38487619293,13.770237546841958,582.9194184458602,5.5,13.213860518740708,7556392.789822016,2040748.6185143152,27.00691553862942,3.702755313059157
Welding Shop/Technical Services,Kaduna,2427.915895729543,242791.5895729543,17.095903314986963,334.42254060585094,6.0,17.29284826018193,13230567.452461343,2913499.0748754516,22.02096837753879,4.541126361272976
Other,Ibadan,499.0095020691665,49900.95020691665,12.338132657076205,119.78005543470131,5.3,4.023621206814759,3093529.083745075,598811.4024829997,19.35690230389136,5.166115860382101
Bakery/Food Processing,Kaduna,1807.2389145998886,180723.89145998887,11.789916726331956,392.41646880802995,6.0,12.872072041309748,7734545.735202837,2168686.6975198663,28.038966627986365,3.566465245555362
Retail Store/Trading,Abuja,208.03758484386526,20803.758484386526,8.33808589986437,320.231737551672,5.5,1.6164536506904836,1018204.5483168385,249645.1018126383,24.518168007137533,4.078608155833209
Agro-processing Unit,Abuja,3876.2589039728373,387625.8903972837,10.603308484261902,283.40461432949905,5.5,30.118561802430744,25116452.897753354,4651510.684767405,18.51977547826221,5.39963349541554
Bakery/Food Processing,Port Harcourt,2014.9833513112578,201498.3351311258,13.245513087433416,214.40938255408327,4.8,17.93966658930963,14436446.206605162,2417980.0215735096,16.74913608909651,5.970457190630794
Welding Shop/Technical Services,Enugu,1821.6327911348556,182163.27911348557,8.61239758628679,581.3118025216147,5.1,15.264226505235927,9641470.876243765,2185959.3493618267,22.6724674836487,4.410635943005306
Small Manufacturing Plant,Kaduna,2957.220335450759,295722.0335450759,10.462041414797033,64.21143472100616,6.0,21.062822902070934,15030064.325232202,3548664.402540911,23.61044055269595,4.235414403929092
Welding Shop/Technical Services,Enugu,1443.5589838670928,144355.89838670928,15.36565366056186,160.64637775888372,5.1,12.096187228650015,6346532.179043424,1732270.7806405113,27.29476085161214,3.6637067656921274
Bakery/Food Processing,Ibadan,936.1077842992415,93610.77842992415,11.69343815813428,55.483079103985176,5.3,7.548038899364953,4404268.265853323,1123329.3411590897,25.505470451660727,3.9207275235140284
Bakery/Food Processing,Abuja,944.1024625247665,94410.24625247665,15.6915104347557,474.3103396727835,5.5,7.335683469500903,5093372.07186082,1132922.9550297197,22.24308255995553,4.4957797432281765
Retail Store/Trading,Port Harcourt,932.1110563239168,93211.10563239169,16.254185230928996,425.7465597819,4.8,8.29870954704342,4434743.1966243405,1118533.2675887002,25.222052732165206,3.9647843520869293
Retail Store/Trading,Kaduna,241.86628584053028,24186.62858405303,15.39418341583989,515.0309459623082,6.0,1.7226943435935205,1442468.722813458,290239.54300863633,20.12102851301619,4.969924869164144
Salon/Personal Services,Ibadan,669.4033947517704,66940.33947517704,12.101748423696312,178.0960112572149,5.3,5.397543902207469,4248959.967549187,803284.0737021244,18.90542814799597,5.28948613155848
Other,Kaduna,1737.0609586708354,173706.09586708352,14.725953716881662,589.4186459138683,6.0,12.372229050362074,10856055.29033988,2084473.1504050023,19.201018184384562,5.208057147788449
Retail Store/Trading,Lagos,324.55407820474636,32455.407820474637,8.70797499662466,166.48898243482648,5.0,2.7739664803824473,2156444.8211507187,389464.89384569565,18.06050820432632,5.536942752034264
Agro-processing Unit,Port Harcourt,3481.349419053342,348134.9419053342,8.242887557401417,86.66290640281835,4.8,30.994920041429324,27156526.156761404,4177619.3028640104,15.38348196212081,6.500478906286163
Welding Shop/Technical Services,Lagos,2997.121613171257,299712.1613171257,6.29780653734179,509.3842330873761,5.0,25.61642404419878,18490063.52786425,3596545.935805509,19.451236229586595,5.141061412224971
Agro-processing Unit,Abuja,2413.417103876632,241341.71038766322,16.099385517093783,355.0412701661297,5.5,18.752269649391078,13878319.321982354,2896100.5246519586,20.8678043606096,4.792070994721494
Welding Shop/Technical Services,Enugu,2803.26245897272,280326.245897272,17.11431583697552,55.003999704426796,5.1,23.48971391798827,20924365.190724596,3363914.9507672642,16.076544832329866,6.220242038506957
Small Manufacturing Plant,Abuja,2763.942615974759,276394.2615974759,9.004304754850265,418.1234789999259,5.5,21.475855601979475,16254036.93534139,3316731.1391697107,20.40558387041741,4.900619390997825
Agro-processing Unit,Lagos,3720.680491278765,372068.0491278765,11.519303415527553,383.83521395084597,5.0,31.800687959647565,16291957.607699305,4464816.589534518,27.405034416640767,3.6489645836488505
Retail Store/Trading,Port Harcourt,350.7998822364489,35079.98822364489,15.659602006580224,582.0304612444083,4.8,3.123218324754709,2465846.8005696703,420959.8586837387,17.07161444849237,5.857676806239682
Salon/Personal Services,Ibadan,324.58930639448835,32458.930639448834,11.937911419206555,97.3638607785056,5.3,2.617233562284215,2256546.0014059623,389507.167673386,17.26121104691417,5.793336268713152
Small Manufacturing Plant,Port Harcourt,4456.97829762039,445697.82976203895,12.033401302160167,129.4400662852927,4.8,39.68107458707612,32468328.986375388,5348373.957144467,16.472587669629668,6.0706916245083296
Retail Store/Trading,Port Harcourt,553.6529704944601,55365.29704944601,10.009255825038759,337.00698141785415,4.8,4.929246532180022,3615766.519874082,664383.5645933521,18.37462571052539,5.442287727402132
Salon/Personal Services,Kaduna,530.6753180287194,53067.53180287194,6.101946943286514,468.5532906222554,6.0,3.779738732398286,2904810.1220529843,636810.3816344633,21.922616449174154,4.561499318835508
Welding Shop/Technical Services,Abuja,2426.0285837234815,242602.85837234816,10.395436634478266,79.11476456285004,5.5,18.850260945792396,16891279.918406233,2911234.300468178,17.235131467425624,5.802102536264366
Welding Shop/Technical Services,Ibadan,2509.8650795701005,250986.50795701006,17.46210192573759,182.0833778121078,5.3,20.23758328955088,10852704.271740386,3011838.095484121,27.751959512309917,3.6033491601068053
Retail Store/Trading,Port Harcourt,458.8196909896303,45881.96909896303,8.20575467378178,367.3148678396618,4.8,4.0849331462751985,3132726.780003453,550583.6291875564,17.575220178854842,5.689829144804247
Agro-processing Unit,Port Harcourt,1887.1034866186374,188710.34866186374,10.274327321536553,433.35715766384465,4.8,16.801135030436583,10305128.68873628,2264524.183942365,21.974729790784046,4.550681667172939
Agro-processing Unit,Kaduna,2900.289957523371,290028.9957523371,10.637550771935222,281.137280994148,6.0,20.65733587979609,15617692.866183003,3480347.949028045,22.284648435903385,4.487394103955769
Salon/Personal Services,Enugu,515.3720737050992,51537.20737050992,6.070376734645936,93.18042764948542,5.1,4.318519136124511,3208873.184068333,618446.488446119,19.273011208938733,5.188602803988433
Welding Shop/Technical Services,Kaduna,2762.5161355260234,276251.61355260236,6.934547869095489,438.74197791577785,6.0,19.676040851324952,11045789.58465252,3315019.3626312283,30.011610643364545,3.3320437609405555
Bakery/Food Processing,Kaduna,2364.0648789853894,236406.48789853894,9.248203251620772,253.77029038273284,6.0,16.838068938642373,9811520.178844074,2836877.8547824672,28.91374428296481,3.4585627866577373
Agro-processing Unit,Enugu,2922.303514611791,292230.3514611791,16.580507635663018,568.0480729932311,5.1,24.487208937588324,18332393.812525775,3506764.217534149,19.12878510791166,5.227723529532465
Agro-processing Unit,Kaduna,3348.90812027817,334890.812027817,7.039437130256328,418.03478554416796,6.0,23.852621939303205,13149759.151385082,4018689.744333804,30.560938022279366,3.2721508720412493
Other,Enugu,997.5163271835255,99751.63271835256,11.64841199389274,77.03161468984737,5.1,8.358608406096241,5065921.43984823,1197019.5926202307,23.628862129691697,4.232112382353842
Retail Store/Trading,Lagos,352.84971147708654,35284.97114770865,15.486163290403773,299.67735817632285,5.0,3.0158094998041585,2515481.3329170374,423419.65377250384,16.832550026578495,5.940870506376076
Bakery/Food Processing,Port Harcourt,1312.825810772953,131282.5810772953,10.608228887579498,519.9197323291241,4.8,11.688263984801932,7373384.740134397,1575390.9729275436,21.365913056895884,4.680352285142565
Agro-processing Unit,Kano,3372.4975435123924,337249.75435123924,9.267784766172994,114.62601211680533,6.2,23.245778491262698,16161024.558853604,4046997.052214871,25.04171092294874,3.993337368508553
Bakery/Food Processing,Enugu,1228.396976794922,122839.69767949221,17.049077412656803,369.8738608173654,5.1,10.29325437233888,9021585.934059199,1474076.3721539066,16.33943724449628,6.120161820976034
Bakery/Food Processing,Port Harcourt,1706.9163548661309,170691.6354866131,13.156723196309539,251.31554616058338,4.8,15.19690486882239,8979237.672049098,2048299.625839357,22.811509179842513,4.3837520442691895
Agro-processing Unit,Kaduna,3517.767550798782,351776.7550798782,12.279434991602997,114.21134652283754,6.0,25.05532443588876,16432544.72737165,4221321.060958538,25.68878485343231,3.8927493289601385
Other,Enugu,519.410712209407,51941.07122094071,12.44230975803142,565.1136199389615,5.1,4.3523605849623515,3231989.459969045,623292.8546512885,19.285114087508756,5.18534656036966
Salon/Personal Services,Kaduna,350.4288790895292,35042.887908952915,16.43449402631062,470.2525726183836,6.0,2.4959321872473588,2002075.9921956505,420514.65490743495,21.003930747217144,4.761013602810951
Salon/Personal Services,Enugu,311.07808788948944,31107.808788948943,6.43608897979491,106.01599582831051,5.1,2.6066539960573945,2243446.35944204,373293.70546738734,16.639297119643544,6.009869243932477
Agro-processing Unit,Enugu,3321.2348346186004,332123.48346186004,8.396036856487761,254.1990062779666,5.1,27.83002207657617,24106064.420160115,3985481.8015423203,16.533108565864556,6.048469324544761
Small Manufacturing Plant,Port Harcourt,4255.947081022487,425594.70810224867,14.705618021401953,112.27717279251897,4.8,37.89126674699507,30716783.86328119,5107136.497226984,16.62653394951302,6.01448265186557
Salon/Personal Services,Kaduna,414.13816343034995,41413.816343034996,11.820874909712344,347.45488518434684,6.0,2.949702018734686,1744254.1812228102,496965.79611641995,28.491592651251196,3.509807304352589
Welding Shop/Technical Services,Kano,2636.721282790433,263672.1282790433,8.060138340518602,494.3072985046423,6.2,18.174257532329975,9267485.227524253,3164065.5393485194,34.14157629246935,2.9289801719570026
Agro-processing Unit,Ibadan,3232.1960692416305,323219.60692416306,12.670449770387512,434.7403287214145,5.3,26.06189380133551,17031697.067327514,3878635.2830899567,22.7730405711036,4.391157153028069
Salon/Personal Services,Enugu,417.8115303185767,41781.15303185767,7.660771031617495,416.170882145952,5.1,3.501018353599603,1948735.2268955235,501373.83638229204,25.728166118340095,3.8867908245009306
Salon/Personal Services,Port Harcourt,491.03699934565446,49103.69993456545,13.672497606513307,235.89932956566952,4.8,4.371768156567436,3428144.11663956,589244.3992147853,17.188437217522594,5.81786457573094
Retail Store/Trading,Enugu,925.4932618718688,92549.32618718687,13.048438422906923,96.9713663599806,5.1,7.75509688178204,5928401.141828159,1110591.9142462425,18.73341374304786,5.338055379100934
Salon/Personal Services,Abuja,442.3725939578786,44237.25939578786,15.076272656923612,486.7740089527498,5.5,3.437238492291209,1779075.653805804,530847.1127494543,29.838366435618664,3.351389903189471
Salon/Personal Services,Kaduna,471.4880842964432,47148.80842964432,16.736970849975613,197.21764045686365,6.0,3.3581772385786555,2802860.6940949513,565785.7011557318,20.18600861426062,4.9539263512130844
Salon/Personal Services,Port Harcourt,416.88915320487325,41688.91532048732,16.783162926827643,542.9411940593684,4.8,3.711619953747091,2225106.1650841767,500266.9838458479,22.482836625771633,4.447837328736889
Salon/Personal Services,Abuja,595.7132997360426,59571.32997360426,16.307766565466643,98.82529682592796,5.5,4.628696967646018,3114607.7452869667,714855.9596832511,22.95171713885876,4.356972482494282
Other,Ibadan,1770.4914595532198,177049.145955322,9.847438878602722,148.08233183551897,5.3,14.27585437472359,10952057.083094327,2124589.751463864,19.399001807097918,5.154904411803854
Retail Store/Trading,Abuja,391.4958690736371,39149.58690736371,11.015622096166645,188.15560253245698,5.5,3.0419259446281046,2043467.0318486905,469795.0428883645,22.990096515692198,4.349699007646343
Welding Shop/Technical Services,Abuja,1641.135172032998,164113.5172032998,7.619741832859705,212.8972210574492,5.5,12.751633038329432,8626672.56940294,1969362.2064395975,22.82875802455429,4.380439789691643
Small Manufacturing Plant,Enugu,4502.993350897004,450299.3350897004,11.302244497092767,240.69531867975115,5.1,37.732473193371916,19856759.22658218,5403592.021076405,27.21285965860247,3.6747332420974814
Retail Store/Trading,Abuja,797.1617030856912,79716.17030856913,16.722119656719816,466.23407259631836,5.5,6.193952626928447,4091585.244065216,956594.0437028295,23.379545741845536,4.277243069826479
Retail Store/Trading,Lagos,465.6005616941433,46560.05616941433,14.933306014050643,133.58910036072817,5.0,3.979491980291823,3207228.4130307203,558720.674032972,17.420669876923427,5.7403073880911215
Welding Shop/Technical Services,Lagos,1260.6359761825818,126063.59761825818,10.147524444433907,494.23630297423136,5.0,10.77466646309899,9331621.146791978,1512763.171419098,16.21115074886163,6.16859355323817
Agro-processing Unit,Enugu,2115.8706181057546,211587.06181057545,6.759040906784155,122.4402443634953,5.1,17.729768879719746,11797367.908883624,2539044.7417269056,21.522129015023435,4.64638047333493
Other,Enugu,1759.8664465002862,175986.6446500286,13.605399416967451,189.26063985348716,5.1,14.746660352775987,9871920.704082211,2111839.7358003436,21.392389577512112,4.674559596891456
Welding Shop/Technical Services,Enugu,2110.5916506563626,211059.16506563628,12.330955469104204,410.4897881423637,5.1,17.685534193534124,13813301.382443415,2532709.9807876353,18.335298062827235,5.453960969564973
Small Manufacturing Plant,Kaduna,3316.1564404756573,331615.64404756576,16.372835846332773,220.15270914400708,6.0,23.619347866635735,20716737.874529794,3979387.728570789,19.208563397730924,5.206011398635509
Other,Ibadan,1480.0238117596027,148002.38117596027,6.193495756466579,254.96142144178097,5.3,11.933751102722162,7241691.0673912745,1776028.574111523,24.525053023993667,4.077463151747998
Retail Store/Trading,Kano,481.3678543670466,48136.78543670466,12.521813142996173,90.00494397745808,6.2,3.317947714137349,2243124.0426580124,577641.4252404559,25.751648783362597,3.88324649971955
Salon/Personal Services,Kaduna,663.5853929219704,66358.53929219705,8.613369621210822,422.3707981851056,6.0,4.726391687478421,3868028.372451544,796302.4715063646,20.58677948635808,4.857486333220087
Other,Lagos,1665.4606095149584,166546.06095149583,12.742523474898157,457.485763697092,5.0,14.234706064230414,10588876.531831572,1998552.73141795,18.87407720176956,5.2982722774189135
Salon/Personal Services,Enugu,580.2092029397536,58020.92029397536,10.26635756582409,494.8721964684609,5.1,4.861816682920677,2645968.554255202,696251.0435277043,26.31365525519966,3.800308206144781
Agro-processing Unit,Kano,2236.75342471382,223675.342471382,12.854555013018206,459.9687565278467,6.2,15.417379547241659,11579887.308977522,2684104.109656584,23.179017533060815,4.314246704260329
Salon/Personal Services,Abuja,396.32134137812994,39632.134137812995,9.6332112914091,302.6403055950525,5.5,3.079419901927971,1769738.041124031,475585.6096537559,26.873220702861346,3.721176598283675
Small Manufacturing Plant,Abuja,5362.872230222038,536287.2230222038,17.159061157747978,349.79587707293956,5.5,41.669558898384125,29338968.615581714,6435446.676266445,21.93480882231363,4.5589638282268945
Salon/Personal Services,Kaduna,579.9530334603737,57995.30334603737,16.83928346686697,104.20076827711831,6.0,4.1307196115411235,2939590.703472748,695943.6401524484,23.674848315797185,4.2238918985290566
Bakery/Food Processing,Lagos,1194.5335823724806,119453.35823724806,14.50680007501899,503.0594540517648,5.0,10.20968873822633,8683149.808994954,1433440.2988469768,16.508298605674902,6.057559436538418
Agro-processing Unit,Lagos,3642.572570826445,364257.2570826445,10.981286122259192,99.13694626052676,5.0,31.13309889595252,21326101.436632663,4371087.0849917345,20.496418897658202,4.878901065562502
Bakery/Food Processing,Enugu,1544.2285114093538,154422.85114093538,8.768815082484645,210.1580502481433,5.1,12.939739495637287,7916234.606923584,1853074.2136912246,23.40853076878893,4.271946880721452
Agro-processing Unit,Kaduna,3430.6688920937645,343066.8892093765,6.906325032310642,505.1696696143862,6.0,24.434963618901456,14474943.53579043,4116802.670512518,28.44088932252759,3.5160644544540154
Bakery/Food Processing,Kano,1527.0374459010873,152703.74459010872,13.152767173207142,99.30872717962345,6.2,10.525485565902173,8943512.986552633,1832444.9350813045,20.489095703629527,4.880644877962357
Welding Shop/Technical Services,Enugu,1674.7181567145594,167471.81567145593,7.07641102817815,578.8490475846103,5.1,14.033167058107587,7976513.084574079,2009661.7880574712,25.194740693699757,3.9690823261779467
Agro-processing Unit,Enugu,3518.154123315626,351815.4123315626,11.515593052277524,172.9814015780191,5.1,29.480091531050995,19761903.427538313,4221784.947978752,21.363250576843086,4.680935592657235
Other,Port Harcourt,1886.8736789247487,188687.36789247487,10.13515914872366,138.5414374280561,4.8,16.799089021765923,9657279.638938563,2264248.4147096984,23.446027239183927,4.265114894726219
Other,Enugu,1257.3794603717233,125737.94603717234,17.325289444137795,52.10665977517742,5.1,10.536110779049132,8527102.202537091,1508855.352446068,17.69481960703056,5.651371543808657
Bakery/Food Processing,Abuja,1204.8122335317978,120481.22335317978,17.261371684924892,144.09728177143913,5.5,9.361400415942484,6457017.099639296,1445774.6802381575,22.39075192040179,4.466129603663866
Salon/Personal Services,Abuja,223.6082435658829,22360.82435658829,12.842246589597654,524.0141028121565,5.5,1.7374377899446998,1112755.0220419713,268329.8922790595,24.114013144300017,4.146966305508449
Other,Abuja,1111.0866900796746,111108.66900796746,17.934771080214297,423.54443474589607,5.5,8.633152215071286,5563547.372469974,1333304.0280956095,23.964998207675553,4.17275224197479
Welding Shop/Technical Services,Port Harcourt,1148.1498144208954,114814.98144208954,17.913985580183706,274.34183022910474,4.8,10.222131538647572,8595644.057414383,1377779.7773050745,16.028813758483135,6.238764858508367
Agro-processing Unit,Kaduna,2218.5063346137063,221850.63346137063,12.694550202934627,217.36917550147538,6.0,15.801327169613291,11400808.956733402,2662207.6015364476,23.351041243122737,4.2824642789516565
Other,Port Harcourt,446.97776210425894,44697.776210425895,6.01714011695012,297.2708441061443,4.8,3.979502867737348,3132454.3027619985,536373.3145251108,17.123101015461614,5.84006366076467
Small Manufacturing Plant,Lagos,5429.021977793072,542902.1977793073,12.86778222756092,599.5640144188925,5.0,46.401897246094634,39850664.2457887,6514826.373351688,16.348099828825703,6.11691884971705
Other,Port Harcourt,787.63929760024,78763.929760024,9.365460777120663,137.8622031286693,4.8,7.01245813390527,6035599.367285663,945167.1571202879,15.659872360702257,6.385748088914536
Welding Shop/Technical Services,Enugu,1328.1271765306703,132812.71765306703,9.422239152120573,486.06202490043995,5.1,11.128935616982321,7026850.254619891,1593752.6118368043,22.680896192272943,4.408996855868005
Other,Kano,1839.7865440819614,183978.65440819613,17.701046036492176,177.75930975304897,6.2,12.681186545919227,11171878.1305019,2207743.8528983537,19.761617761213174,5.0603144544306256
Salon/Personal Services,Kaduna,722.8434046491595,72284.34046491595,9.939061071328045,112.06229948428643,6.0,5.148457298070936,2625457.615557087,867412.0855789913,33.0385103320336,3.0267708499871926
Small Manufacturing Plant,Lagos,5545.087239320579,554508.7239320579,13.633267615723422,140.60199284458395,5.0,47.39390802838102,30840837.982439917,6654104.687184694,21.57562868743512,4.634859148194205
Other,Enugu,1030.7131377721043,103071.31377721044,9.447092338524811,455.23701279060833,5.1,8.636778429462915,7413115.714599412,1236855.7653265253,16.68469524751459,5.993516723950733
Welding Shop/Technical Services,Enugu,1906.8324612485362,190683.2461248536,17.87135934127662,80.10974024277732,5.1,15.978150337259395,9744350.910178334,2288198.9534982434,23.482312722421923,4.258524327738626
Small Manufacturing Plant,Abuja,3742.5534314768634,374255.34314768633,11.782802005319729,326.7234551115759,5.5,29.079669242244467,17716281.921736773,4491064.1177722365,25.34992464904265,3.9447849011171146
Salon/Personal Services,Lagos,355.35828455066394,35535.828455066396,14.750882989170815,531.1108904189362,5.0,3.03725029530482,1886280.997544724,426429.94146079675,22.60691498328504,4.423425313623613
Small Manufacturing Plant,Kaduna,5785.517556922521,578551.7556922521,15.661120521594315,517.8191085186297,6.0,41.20739000657066,30696429.585537538,6942621.068307025,22.617031237984776,4.421446782637517
Agro-processing Unit,Kano,2876.3632515499885,287636.32515499886,15.910658717121775,216.9271500313737,6.2,19.826049431692777,13389187.6265909,3451635.9018599866,25.779278012394453,3.8790845869275654
Welding Shop/Technical Services,Kano,1796.9575242184287,179695.75242184286,9.802956165822533,307.06303449635897,6.2,12.385976869440505,9793516.784035904,2156349.029062114,22.018127671737993,4.541712242333753
Salon/Personal Services,Abuja,335.62675055511363,33562.67505551136,17.539337307053362,222.06454540311748,5.5,2.6078224596356923,2237418.459036704,402752.10066613636,18.000749883843223,5.555324119566603
Salon/Personal Services,Lagos,213.7289497721109,21372.89497721109,12.321805992604961,81.40449314484701,5.0,1.8267431604453923,1406007.2190040678,256474.73972653307,18.24135297884207,5.482049501261711
Other,Abuja,487.9233827245869,48792.338272458685,8.632672670354955,305.3926374351779,5.5,3.7911684749385146,2205651.3509841063,585508.0592695042,26.54581192119349,3.7670725723842935
Other,Ibadan,1036.5265849253474,103652.65849253474,15.596302344033495,456.71105963626235,5.3,8.357737340149551,7296912.814810811,1243831.9019104168,17.046001966554485,5.86647826253965
Bakery/Food Processing,Enugu,1524.741099784192,152474.1099784192,10.004450490907558,224.05783123382423,5.1,12.77644628610853,7739934.738807292,1829689.3197410305,23.639596217357536,4.230190697021056
Salon/Personal Services,Kaduna,653.0968067411059,65309.68067411058,6.624868874655236,57.0519072308332,6.0,4.651686657700184,2604747.846307438,783716.1680893269,30.087986029063984,3.3235856964106323
Other,Lagos,1652.4254662753017,165242.54662753016,11.725756511868592,121.98462620446678,5.0,14.123294583549587,7569901.044668275,1982910.559530362,26.19466949210637,3.8175705950454724
Bakery/Food Processing,Lagos,1200.4620888106522,120046.20888106522,17.19004743716859,522.7266365936939,5.0,10.260359733424378,7442387.80559104,1440554.5065727825,19.356079583632773,5.16633544349335
Retail Store/Trading,Kano,767.8280401791781,76782.8040179178,11.786702764047918,336.17799440526215,6.2,5.292445824229239,2887055.579918524,921393.6482150137,31.91464877309416,3.1333573717504173
Agro-processing Unit,Ibadan,3938.1113382098965,393811.13382098963,17.589245326611447,168.39797518220885,5.3,31.75384081768986,17639587.342223592,4725733.605851876,26.79049976719106,3.73266646270126
Agro-processing Unit,Kano,3527.761415763295,352776.14157632954,8.366911994004202,167.44561283617327,6.2,24.315973364786977,15076199.95230722,4233313.698915955,28.079447820457563,3.561323592949858
Bakery/Food Processing,Ibadan,1949.3581580797804,194935.81580797804,10.860013183050581,562.3494239085861,5.3,15.718095130461057,9629867.085230958,2339229.7896957365,24.291402664148336,4.1166828191271945
Retail Store/Trading,Enugu,271.2077879168071,27120.77879168071,12.138307689713915,555.1868417437167,5.1,2.2725640013139525,1685551.184397935,325449.3455001685,19.308185269758884,5.179150634970511
Agro-processing Unit,Kaduna,3760.284151198763,376028.4151198763,7.878350560988895,251.65073505305105,6.0,26.782650649563838,22141166.720700804,4512340.981438516,20.379869942534324,4.906802657817383
Salon/Personal Services,Kaduna,552.4289100303525,55242.891003035256,7.912738617256826,582.4121946251563,6.0,3.934678846370032,3165605.9779660627,662914.6920364231,20.941162502553563,4.7752840840524495
Welding Shop/Technical Services,Lagos,2829.4986574553204,282949.86574553204,8.003402148413631,116.63550369354198,5.0,24.183749209019833,14631017.894161753,3395398.388946384,23.206850087315235,4.309072520559763
Other,Kaduna,445.19442077405097,44519.442077405096,16.913323968439574,156.49309538750344,6.0,3.170900432863611,1896592.282131698,534233.3049288611,28.168062791461068,3.5501198907549383
Small Manufacturing Plant,Ibadan,3956.9972499052415,395699.7249905241,11.386216387824035,379.45607431746214,5.3,31.906121995688125,28278925.950642146,4748396.699886289,16.791290829694557,5.955468284972767
Bakery/Food Processing,Abuja,921.9500843706224,92195.00843706225,8.721103408806192,562.3197128054094,5.5,7.163559319119055,3605379.9816437685,1106340.101244747,30.68581139512355,3.2588351245583014
Salon/Personal Services,Lagos,740.4665697245701,74046.65697245701,15.375487768868307,60.67068509001849,5.0,6.328774100210001,5391408.060126773,888559.8836694842,16.48103563595946,6.067579866268422
Salon/Personal Services,Port Harcourt,362.5543995224664,36255.43995224664,13.535504824114893,201.35461647541163,4.8,3.2278703661188244,1871814.2903170155,435065.2794269597,23.242972429346924,4.302375709646263
Other,Lagos,1846.2973815914215,184629.73815914214,13.606673541989302,89.54869452404509,5.0,15.780319500781381,13869539.460965872,2215556.8579097055,15.974264063670754,6.260069296552047
Welding Shop/Technical Services,Ibadan,2818.011177671406,281801.1177671406,17.49319989811467,92.74183011544902,5.3,22.722231718040685,14472310.036870044,3381613.4132056874,23.366092936031627,4.27970565185056
Other,Kano,1205.0123992642352,120501.23992642353,9.640371386570045,266.0614920647713,6.2,8.30584780303443,5615921.827018648,1446014.8791170823,25.748486600368782,3.8837234029345926
Other,Abuja,605.4070705240813,60540.70705240813,12.936865224148951,576.8886442868899,5.5,4.704017641989753,3682531.958198474,726488.4846288975,19.727961437279742,5.068947459063406
Bakery/Food Processing,Lagos,1655.2234204617353,165522.34204617352,6.994974976733774,391.0007334125746,5.0,14.147208721895174,10399155.053183736,1986268.1045540823,19.10028357492352,5.235524363171683
Retail Store/Trading,Port Harcourt,472.17839556100563,47217.83955610056,16.271102275095572,289.07298157405864,4.8,4.20386748184656,2636563.6646651216,566614.0746732068,21.49062745068112,4.653191268123287
Retail Store/Trading,Lagos,354.2716871537965,35427.16871537965,8.293267472293739,472.8202993966382,5.0,3.027963138066637,2184773.4082211005,425126.0245845558,19.458586551119943,5.139119418426848
Other,Lagos,751.4989171225118,75149.89171225118,15.206800729910675,163.23802092162964,5.0,6.423067667713776,5088885.739267738,901798.7005470141,17.72094613145663,5.64303955658942
Salon/Personal Services,Kano,359.0961396558511,35909.613965585115,11.585843669276393,568.7577173313979,6.2,2.4751594958357535,1279494.0452603751,430915.3675870214,33.678575463735804,2.9692467280178567
Welding Shop/Technical Services,Ibadan,2863.4628495076495,286346.28495076497,8.482462505067453,247.02047268369003,5.3,23.0887183479088,11647790.215850882,3436155.4194091796,29.500491988026116,3.3897739753150136
Small Manufacturing Plant,Enugu,3022.897859588203,302289.7859588203,12.119820951761966,303.3204028820666,5.1,25.330131218268836,17306223.878521256,3627477.431505844,20.96053683904959,4.770870172261022
Retail Store/Trading,Kaduna,920.608129960586,92060.8129960586,17.16006453349287,260.9620650540106,6.0,6.557037962682236,3624302.064464827,1104729.755952703,30.48117227270432,3.2807137174822283
Small Manufacturing Plant,Lagos,4221.0828005664625,422108.28005664627,16.754834989753597,493.6892942597838,5.0,36.07763077407233,27626002.608766828,5065299.360679755,18.33525983622522,5.453972340355312
Agro-processing Unit,Abuja,1509.1407783616232,150914.07783616232,9.84071477020299,281.9758330648692,5.5,11.726035573905385,6867012.47351458,1810968.934033948,26.37200589075212,3.7918996535287075
Retail Store/Trading,Ibadan,383.77302694658533,38377.30269465853,8.394859390751265,70.78147862762381,5.3,3.094444661720572,2082995.8495577679,460527.63233590237,22.10890782301247,4.52306377142308
Salon/Personal Services,Ibadan,568.1903212953443,56819.03212953443,9.150123485797987,78.7909481372222,5.3,4.5814410683385285,2652967.6334543554,681828.3855544132,25.700591931708693,3.8909609656352973
Salon/Personal Services,Lagos,300.13655184324136,30013.655184324136,15.62296743403352,518.3190499056007,5.0,2.565269673873858,1845438.1605928573,360163.86221188965,19.516441672376875,5.123884859684115
Salon/Personal Services,Lagos,463.99305937564674,46399.30593756468,10.992848044904234,587.81953142598,5.0,3.965752644236297,2166972.0474889977,556791.6712507762,25.69445562973295,3.8918901976768336
Other,Port Harcourt,640.9599212997189,64095.992129971884,8.584311394255302,210.52694737001985,4.8,5.706552005873565,2906020.185786311,769151.9055596626,26.467534854770648,3.778213594454773
Welding Shop/Technical Services,Ibadan,1345.5146365621747,134551.46365621747,10.552387178450239,550.9588248443646,5.3,10.849174621530194,5646481.738966876,1614617.5638746098,28.59510821990248,3.4971016451827586
Agro-processing Unit,Enugu,3038.369601571436,303836.9601571436,10.943358583347164,563.9259370141681,5.1,25.45977544470786,22447969.9772326,3646043.521885723,16.24219706986266,6.156802529231077
Retail Store/Trading,Port Harcourt,238.77138598065784,23877.138598065783,8.523314134822336,361.23873280596746,4.8,2.1258136216226657,1183896.403488256,286525.6631767894,24.201920229892117,4.131903545260374
Salon/Personal Services,Abuja,550.1092050755665,55010.92050755665,6.474690078751358,271.6713168489227,5.5,4.274352797789949,3348490.800282482,660131.0460906798,19.714285792124336,5.072463748088151
Bakery/Food Processing,Ibadan,1903.5617402124838,190356.1740212484,14.37684655684082,400.97694638394813,5.3,15.348828739013737,8091449.439709841,2284274.0882549807,28.230715711385507,3.542241047741832
Agro-processing Unit,Ibadan,2301.4080609023113,230140.8060902311,7.122241483174914,284.91184553063374,5.3,18.556749402534358,10081216.521954427,2761689.6730827736,27.394408869886767,3.6503799178497602
Small Manufacturing Plant,Kano,2950.640530788194,295064.0530788194,17.371483902248006,311.34397631244553,6.2,20.338024061126234,14308827.008682625,3540768.636945833,24.745345197040173,4.041164073636004
Retail Store/Trading,Port Harcourt,453.807339485494,45380.7339485494,15.195648853426801,323.8717259202451,4.8,4.040307509664299,2771442.358883038,544568.8073825928,19.649292204730102,5.08924183925197
Other,Kaduna,827.0578408211651,82705.78408211652,15.74361290868962,526.9336830506171,6.0,5.89072536197411,5187561.9860961,992469.4089853982,19.131711806923025,5.2269238115856345
Salon/Personal Services,Kaduna,587.4553080876401,58745.53080876401,6.5635730688920075,361.47758409159263,6.0,4.184154616008833,3673412.3568546223,704946.3697051681,19.190504664953593,5.21091038229045
Agro-processing Unit,Port Harcourt,3408.237279993204,340823.7279993204,7.638036145002986,175.76891326153185,4.8,30.34399287743237,24634572.077313498,4089884.735991845,16.602215468391705,6.023292505171133
Welding Shop/Technical Services,Kano,2764.990210136273,276499.0210136273,6.2414606622368884,463.9999258042868,6.2,19.05838303099168,14119226.436387088,3317988.2521635275,23.499787804327855,4.255357573125976
Other,Ibadan,1105.4145972745189,110541.45972745189,11.361265906075282,53.90309287218795,5.3,8.913196236691814,6078658.353878506,1326497.5167294226,21.822208775445436,4.58248754876367
Agro-processing Unit,Enugu,3548.4955774162318,354849.5577416232,10.317898807638798,347.4210972152986,5.1,29.734335322743686,19103460.451165702,4258194.692899479,22.29017461932998,4.486281588538128
Retail Store/Trading,Port Harcourt,741.8405490685276,74184.05490685276,14.431554917254989,575.7890323543397,4.8,6.604705743131477,5804446.69586884,890208.6588822331,15.336666964584502,6.5203215425437895
Other,Enugu,1203.2779205022355,120327.79205022355,10.79663461169313,574.5369945704393,5.1,10.082771246038508,7472982.274145682,1443933.5046026825,19.32205178109772,5.175433806560208
Salon/Personal Services,Lagos,567.3716527665888,56737.16527665888,9.577804275318668,119.55533497196413,5.0,4.8493303655264,3547910.7797031286,680845.9833199065,19.190053684971083,5.211032842410242
Bakery/Food Processing,Ibadan,2232.342652490808,223234.2652490808,10.346179233529819,413.2583467504371,5.3,17.999860123293082,10669605.16335663,2678811.1829889696,25.10693827911269,3.9829627526982607
Other,Kaduna,1100.3879129220268,110038.79129220267,8.38715735754046,380.9276347412558,6.0,7.837520747307883,4065158.420265373,1320465.4955064321,32.48251012614245,3.0785798145420538
Other,Enugu,403.1612172161599,40316.12172161599,10.960109518454306,350.63821681501906,5.1,3.378257224871459,2966364.671811199,483793.46065939195,16.309304963640834,6.131469135130842
Retail Store/Trading,Ibadan,548.8375792948632,54883.75792948632,14.984066103011891,505.35872499992183,5.3,4.425395736936487,2768058.9392753625,658605.0951538358,23.793030047483345,4.2029115165421
Small Manufacturing Plant,Port Harcourt,5199.350759116123,519935.0759116123,6.465755373741626,156.7708237452847,4.8,46.29051601777175,31340327.7182822,6239220.910939348,19.90796320645918,5.023115572544096
Salon/Personal Services,Kaduna,498.7948810214533,49879.48810214533,17.217864485325613,509.2262262786643,6.0,3.5526700927453936,1939246.2059770809,598553.857225744,30.86528442757299,3.239885905948971
Salon/Personal Services,Lagos,697.6474304286711,69764.7430428671,9.6384983251161,286.1963433932864,5.0,5.962798550672402,4977563.74789844,837176.9165144053,16.81900943745556,5.945653361564934
Salon/Personal Services,Port Harcourt,455.9588657553593,45595.88657553593,7.8884590001989245,67.08747163445098,4.8,4.059462836141019,2074599.577499754,547150.6389064312,26.373794964609072,3.7916424289409147
Bakery/Food Processing,Ibadan,2409.734929082879,240973.49290828788,8.88855102796208,181.97189704799723,5.3,19.430212297072075,16196953.173088986,2891681.9148994545,17.85324612596858,5.601222281618815
Other,Port Harcourt,441.7443914068912,44174.43914068912,17.142093023325344,368.8554132168746,4.8,3.932909467653946,2187146.0358124725,530093.2696882695,24.236756988718977,4.125964544123832
Salon/Personal Services,Enugu,583.57395713148,58357.395713148006,16.93892264715663,240.09109289543423,5.1,4.890011371974862,4179129.1230878853,700288.7485577761,16.756810520378107,5.967722788199407
Welding Shop/Technical Services,Kano,2243.014622276168,224301.4622276168,6.4655934567466495,152.72489052712115,6.2,15.460536409402868,12243338.776750082,2691617.5467314017,21.984342635709332,4.54869184205532
Other,Enugu,1713.1178686529022,171311.78686529023,15.20122027606003,242.85348030143078,5.1,14.354934377852372,8122999.51383662,2055741.4423834826,25.30766423021148,3.9513721649832547
Agro-processing Unit,Kaduna,2442.026569435531,244202.65694355313,12.402653202642954,50.132552576824004,6.0,17.393351634156204,12633264.341372987,2930431.8833226375,23.1961574153538,4.311058862439382
Welding Shop/Technical Services,Port Harcourt,1482.4886720760558,148248.86720760557,8.498781703298572,187.7656207123699,4.8,13.19879515737229,8250072.23781956,1778986.4064912668,21.563282783587375,4.637512803760741
Agro-processing Unit,Ibadan,3514.7646063336033,351476.4606333603,9.356086278557317,155.33672712758147,5.3,28.34030484061928,16190624.562646648,4217717.527600324,26.050369528863083,3.838717139471008
Retail Store/Trading,Abuja,603.4107686344253,60341.076863442526,16.387740436472782,182.74233711062493,5.5,4.688506360795844,3955565.66320654,724092.9223613103,18.305673170757874,5.462787359262129
Retail Store/Trading,Kaduna,262.82899423423896,26282.899423423896,10.276856830195976,461.2085035107378,6.0,1.8720013834347504,1238158.7625769558,315394.79308108677,25.472887856857845,3.9257425605584744
Retail Store/Trading,Kaduna,640.5524357558356,64055.24357558356,15.801520434892169,577.7756811850787,6.0,4.562339286010225,3008486.301101761,768662.9229070027,25.549822933396932,3.913921449110594
Welding Shop/Technical Services,Kano,2585.324953503234,258532.4953503234,13.24563694612504,321.33787342880925,6.2,17.819995543860173,10120949.687136162,3102389.944203881,30.653150545220598,3.2623074046655174
Retail Store/Trading,Kaduna,232.05526907861332,23205.52690786133,17.811863745768495,260.91461741627336,6.0,1.65281530682773,1079662.3785958202,278466.32289433596,25.79198168009723,3.877173969814289
Bakery/Food Processing,Ibadan,1058.7879636586736,105878.79636586735,14.000506264757481,206.35855900250263,5.3,8.537235636660808,7245097.1791274315,1270545.5563904082,17.536625458258204,5.702351358191825
Salon/Personal Services,Enugu,530.755876105181,53075.587610518094,13.041214894135095,295.15140149657805,5.1,4.44742647984901,2869708.536974518,636907.0513262171,22.19413724843627,4.505694403914966
Agro-processing Unit,Enugu,3590.2965388626067,359029.65388626064,9.179604738665317,296.7479253897538,5.1,30.084603141131275,26493747.780762773,4308355.846635127,16.261783279160845,6.149387080330117
Salon/Personal Services,Abuja,499.49988358413145,49949.988358413146,13.963496649207595,481.1845177780742,5.5,3.8811179765666775,3409653.5803244174,599399.8603009577,17.579494402593436,5.688445737395461
Agro-processing Unit,Enugu,2487.01820719564,248701.820719564,13.752563329159152,132.83602418768552,5.1,20.839770464183342,11627747.15230487,2984421.8486347683,25.666380680140538,3.896147308271454
Bakery/Food Processing,Ibadan,2385.501770922214,238550.1770922214,10.596705677052043,451.23678208704115,5.3,19.234815117902063,10981627.230883647,2862602.125106657,26.06719445963488,3.8362394600941916
Welding Shop/Technical Services,Ibadan,1040.6821637643552,104068.21637643552,8.462245714857684,317.8953993779679,5.3,8.391244668314426,7091186.011423441,1248818.5965172262,17.610856554960773,5.678315514518865
Welding Shop/Technical Services,Port Harcourt,2756.504935464693,275650.4935464693,12.327061799408126,561.4287652616335,4.8,24.541532545091638,16126348.222238256,3307805.9225576315,20.511810094712963,4.875240144007357
Salon/Personal Services,Ibadan,464.4679827788176,46446.79827788176,11.8853891608314,115.86073367529254,5.3,3.745105489266389,1879105.1546564153,557361.5793345812,29.661010612069333,3.3714292917352284
Bakery/Food Processing,Abuja,2164.5156150587736,216451.56150587735,8.96358494960475,544.7868691547733,5.5,16.818303147309816,10251575.288579032,2597418.738070528,25.336776689961326,3.946831959868871
Small Manufacturing Plant,Ibadan,5687.884771156387,568788.4771156387,17.319721342489796,336.1267690066995,5.3,45.86264127686169,33894858.29106283,6825461.7253876645,20.13715964461594,4.965943646711712
Retail Store/Trading,Lagos,741.6750278269154,74167.50278269155,15.342190560739962,122.05804025775608,5.0,6.339102801939448,5196203.050694393,890010.0333922985,17.128084193579816,5.838364575384524
Other,Kano,1321.6272314957453,132162.72314957454,6.4115748156397405,323.6613458637992,6.2,9.109644551252723,5040871.43118746,1585952.6777948944,31.461875182587175,3.1784500898200054
Retail Store/Trading,Kaduna,323.87414529618195,32387.414529618196,8.195075111545016,250.77616168093084,6.0,2.3067959066679626,1255396.5001155878,388648.97435541835,30.95826492423982,3.230155186174585
Salon/Personal Services,Ibadan,431.084158365727,43108.4158365727,13.478069094386246,90.93563014118362,5.3,3.4759245151243907,3020012.0414694636,517300.99003887235,17.129103557718476,5.838017130495973
Bakery/Food Processing,Port Harcourt,1656.2759941036559,165627.5994103656,8.191501563037214,365.686346267458,4.8,14.746046956051066,11803611.119174702,1987531.1929243873,16.838331700844392,5.938830626254102
Welding Shop/Technical Services,Port Harcourt,2274.809224522367,227480.9224522367,12.680511078634247,456.0625307630692,4.8,20.25293113000683,14904371.819579951,2729771.06942684,18.31523731742069,5.459934712660489
Salon/Personal Services,Kaduna,368.14600875658584,36814.60087565859,15.181279099597571,288.0218949395065,6.0,2.622122569491352,2117822.101626847,441775.210507903,20.859882903693595,4.793890764472763
Small Manufacturing Plant,Kaduna,4194.645744129089,419464.57441290887,13.777225527132856,60.09711119957318,6.0,29.876394188953622,20063245.87369644,5033574.892954906,25.088537142208306,3.985884048686226
Other,Ibadan,1411.7901764144221,141179.01764144222,13.423021788865384,220.41591421430397,5.3,11.383568589053557,9145357.503028905,1694148.2116973065,18.524679993496278,5.398203911490423
Salon/Personal Services,Port Harcourt,205.76628518466816,20576.628518466816,7.091225398956494,557.7730608418757,4.8,1.8319647897495384,1188434.390370171,246919.5422216018,20.776876218189194,4.813043065273432
Welding Shop/Technical Services,Kaduna,2378.558642451674,237855.8642451674,7.525231365248885,246.1977431198985,6.0,16.94130087216292,10124762.273625124,2854270.3709420087,28.190986551628438,3.5472330780925985
Bakery/Food Processing,Ibadan,1807.2210896327138,180722.10896327137,16.026860461087786,74.01351079215469,5.3,14.572013301344247,11535283.95944797,2168665.3075592564,18.800276743798854,5.319070637243908
Agro-processing Unit,Abuja,2091.582828675022,209158.2828675022,16.676987883544562,55.04105260109907,5.5,16.25161483041975,10853948.3940656,2509899.3944100263,23.124298211905213,4.324455561142886
Other,Enugu,642.3784747496086,64237.84747496086,17.508290111675592,387.3710155871941,5.1,5.382759131469822,4804386.193625806,770854.1696995304,16.04480028525303,6.232548752377506
Salon/Personal Services,Lagos,320.0863883143792,32008.63883143792,6.803893132750171,65.50523724597218,5.0,2.7357810967040956,1750336.5304867227,384103.66597725503,21.944560905121822,4.556937841333621
Agro-processing Unit,Enugu,2111.862699092318,211186.2699092318,16.577829835066925,278.7525098636302,5.1,17.69618484240253,15372515.94441272,2534235.2389107817,16.485494294327747,6.06593883171629
Retail Store/Trading,Kaduna,776.2666953327944,77626.66953327943,17.019420424559492,274.4222538815491,6.0,5.528965066472894,4827809.468978408,931520.0343993532,19.294879808015043,5.182722100111774
Bakery/Food Processing,Lagos,1125.171530763575,112517.1530763575,12.205415170283034,549.4460278829199,5.0,9.616850690286967,5738770.8175145,1350205.83691629,23.52778809001251,4.250293296480758
Other,Kaduna,1667.436504034091,166743.65040340912,6.789958120357845,430.91504004267,6.0,11.87632837631119,9730138.935942143,2000923.8048409093,20.56418534220206,4.862823318110193
Bakery/Food Processing,Kaduna,1772.2257881802213,177222.57881802213,16.889558116157104,117.36477926766348,6.0,12.622690799004426,8497971.628050892,2126670.9458162654,25.0256301020864,3.9959033835341056
Agro-processing Unit,Abuja,2835.0902830116415,283509.02830116416,16.553552322142707,275.5130827079587,5.5,22.02867352767398,19099077.831727173,3402108.33961397,17.812945575636252,5.613894657421258
Welding Shop/Technical Services,Port Harcourt,1963.9898354657341,196398.9835465734,6.8455281320034995,202.97900224690096,4.8,17.485664489545353,11891121.048732847,2356787.8025588808,19.819727617776014,5.045478017079888
Bakery/Food Processing,Enugu,1351.6613035872106,135166.13035872107,17.34146938493864,205.46704829763746,5.1,11.326137955314316,9035103.61094367,1621993.5643046529,17.952130204019255,5.570369580854046
Small Manufacturing Plant,Ibadan,4113.040573443782,411304.0573443782,14.055653082771357,139.20085482433257,5.3,33.1643329579405,22776831.534176264,4935648.688132538,21.669601764963133,4.6147594720308485
Retail Store/Trading,Lagos,589.1539097134996,58915.39097134996,14.86246847371089,526.7703671648862,5.0,5.035503501824783,2976588.352156559,706984.6916561995,23.751510387520806,4.210258563284491
Bakery/Food Processing,Lagos,1864.6407669261255,186464.07669261255,14.028642183803374,119.45590992151293,5.0,15.937100572018167,9239375.507623585,2237568.9203113504,24.217750631144817,4.129202646566058
Salon/Personal Services,Enugu,764.7547232101257,76475.47232101257,7.590888929813788,476.0701154499891,5.1,6.408201132982451,4294600.030907062,917705.6678521507,21.36882739364956,4.67971396641625
Welding Shop/Technical Services,Lagos,1529.6326435566375,152963.26435566376,17.20311772441502,445.9777466532137,5.0,13.073783278261859,10487761.004606377,1835559.172267965,17.50191648590925,5.713659991493489
Small Manufacturing Plant,Lagos,5138.347995424291,513834.7995424291,8.6287100767186,293.6719871493384,5.0,43.91750423439565,32588043.92221318,6166017.594509149,18.921103731255776,5.285103946383951
Agro-processing Unit,Lagos,3044.5329864732157,304453.2986473216,15.239683418479212,107.17765675181427,5.0,26.02164945703603,20178532.723573845,3653439.5837678593,18.10557602882433,5.523160370087017
Welding Shop/Technical Services,Enugu,2924.730632909057,292473.0632909057,16.68264804665467,198.6917247725714,5.1,24.507546781540615,15021423.890060198,3509676.759490868,23.364474534356564,4.280002096899454
Agro-processing Unit,Ibadan,3556.9006075808297,355690.06075808295,12.219887076477882,303.9935648591103,5.3,28.680056503635136,19863065.42178207,4268280.729096996,21.488529783607063,4.653645503299482
Welding Shop/Technical Services,Enugu,1628.8682116228108,162886.8211622811,12.971623039579109,451.4390147369788,5.1,13.648971104598717,7066865.427798297,1954641.853947373,27.6592482751769,3.6154272525817746
Small Manufacturing Plant,Port Harcourt,3938.2651673696537,393826.5167369654,13.550630316099506,434.6221066354171,4.8,35.06290213114008,28997474.701479677,4725918.200843585,16.29768884875493,6.135839316115031
Retail Store/Trading,Lagos,768.8974536122287,76889.74536122287,6.623593177574163,522.8612931267868,5.0,6.571773107796826,5888025.230469157,922676.9443346744,15.670397259169958,6.381459151680554
Welding Shop/Technical Services,Lagos,1916.5066295300958,191650.66295300957,9.148992980354574,182.97047911382487,5.0,16.38039854299227,10856135.753332624,2299807.9554361147,21.184406751086527,4.720453169870858
Agro-processing Unit,Enugu,2707.535282109876,270753.52821098757,16.64197847362751,258.0911699254558,5.1,22.687575683843438,11443283.325999038,3249042.338531851,28.39257096038211,3.5220480786870665
Other,Abuja,1574.5337695320236,157453.37695320236,7.161824771846623,311.83118618308396,5.5,12.234139623403445,6947976.555418724,1889440.5234384283,27.194111960047625,3.677266613703567
Salon/Personal Services,Kano,794.5959912552781,79459.59912552782,15.245253633508044,165.79066864233715,6.2,5.476950587643218,4168018.2804408693,953515.1895063338,22.876943558066074,4.371213302431805
Small Manufacturing Plant,Ibadan,4255.045157942687,425504.5157942687,8.803497163782799,275.2585099943801,5.3,34.309346540418375,25554689.845600873,5106054.189531224,19.980888910730442,5.004782342105734
Other,Ibadan,1626.1428403494401,162614.28403494402,15.254697783484843,175.45520784631182,5.3,13.111940335022092,10688144.245620873,1951371.4084193283,18.25734536862038,5.477247539605289
Other,Port Harcourt,1867.7796408632623,186777.96408632625,13.110818193177922,258.958360029108,4.8,16.629092244152975,10003290.377111347,2241335.5690359147,22.405983276905992,4.463093574789495
Retail Store/Trading,Lagos,601.5484646246884,60154.84646246884,13.260855041252924,357.939792515182,5.0,5.141439868587081,4141186.964501363,721858.1575496261,17.431189746743165,5.736843064236849
Retail Store/Trading,Kaduna,589.1240284289426,58912.402842894255,12.059193649072801,147.0265507353374,6.0,4.196040088525232,3252743.458093866,706948.834114731,21.733925322503264,4.601101665535778
Welding Shop/Technical Services,Ibadan,2625.4658086093586,262546.58086093585,12.501123839292184,122.0939239375867,5.3,21.169696892512164,13318402.473900331,3150558.97033123,23.655682252471983,4.227314136735589
Welding Shop/Technical Services,Port Harcourt,2532.314203165556,253231.42031655562,17.18932774052821,571.0187945803292,4.8,22.545532435590776,16192094.511894818,3038777.0437986674,18.767041172878297,5.328490467880346
Welding Shop/Technical Services,Port Harcourt,1738.0354648223456,173803.54648223455,7.626202482729049,335.11979464818586,4.8,15.473962471708916,8648544.99016196,2085642.5577868146,24.115531111410192,4.14670527213416
Small Manufacturing Plant,Kaduna,2894.1323027222725,289413.23027222726,17.207849022151407,150.9687950453303,6.0,20.613477939617326,14038310.332937965,3472958.7632667273,24.73915080163283,4.04217593408258
Bakery/Food Processing,Lagos,1229.701961916979,122970.19619169789,10.879638322619645,260.74045770751917,5.0,10.510273178777597,8959786.49464553,1475642.3543003746,16.46961515413604,6.071787292181313
Retail Store/Trading,Lagos,835.7303139183113,83573.03139183113,11.475801846611548,143.9225430018353,5.0,7.142994136053942,4774924.090526665,1002876.3767019736,21.0029805225942,4.76122900235154
Salon/Personal Services,Kaduna,323.68643206594817,32368.643206594817,12.109360622250264,131.0996545843742,6.0,2.3054589178486338,1926964.079153344,388423.7184791378,20.157289006124117,4.960984583274981
Retail Store/Trading,Lagos,689.3245405168113,68932.45405168114,12.788967678613751,443.0862740102417,5.0,5.891662739459926,4336860.873306512,827189.4486201736,19.07346056940737,5.2428870805119505
Welding Shop/Technical Services,Lagos,2875.4092307587352,287540.9230758735,16.947054733213868,570.3415899378572,5.0,24.57614727144218,14174309.779386604,3450491.0769104823,24.343274068473214,4.1079108635394785
Salon/Personal Services,Kaduna,309.0651380654056,30906.513806540563,7.578783679672256,216.25218527304668,6.0,2.2013186471894985,1612339.3285754465,370878.16567848675,23.00248831653629,4.347355756642679
Salon/Personal Services,Kaduna,731.8053622981045,73180.53622981044,17.66464169548186,522.6287230887618,6.0,5.212288905257154,3661076.969752753,878166.4347577253,23.986560293951737,4.169001256308317
Bakery/Food Processing,Kano,987.0301259168241,98703.0125916824,17.369135976717516,282.8469150429323,6.2,6.803350743843562,4486514.101655824,1184436.151100189,26.399920389485743,3.7878902104502883
Bakery/Food Processing,Enugu,815.8274942960013,81582.74942960012,11.308724888978324,75.33804332150717,5.1,6.836161339835774,3745205.8641928155,978992.9931552014,26.139898009750624,3.8255696316297145
Salon/Personal Services,Enugu,503.5206487547264,50352.064875472635,10.062648329244617,310.3892134767268,5.1,4.21921106715876,2812878.2560934485,604224.7785056717,21.480658723738177,4.655350717410284
Bakery/Food Processing,Port Harcourt,1842.389613263299,184238.9613263299,16.42561314981384,414.04586705956075,4.8,16.403041428626235,8678930.423074676,2210867.5359159587,25.47396312842795,3.925576852562996
Bakery/Food Processing,Lagos,1537.883076412907,153788.3076412907,15.83313424404438,548.0701756652227,5.0,13.144299798400915,7091449.908156,1845459.6916954885,26.023728794488036,3.8426468700819125
Retail Store/Trading,Kano,295.8079731457578,29580.79731457578,12.383195730633497,206.48157785834428,6.2,2.0389300602823117,1358674.918767121,354969.5677749093,26.126158867863204,3.82758141010182
Bakery/Food Processing,Lagos,880.0040363908106,88000.40363908107,14.022560341367825,524.5239276025741,5.0,7.521402020434278,4679459.768409465,1056004.8436689728,22.56681104083743,4.431286273414425
Bakery/Food Processing,Enugu,1076.93451261157,107693.451261157,15.748963891486806,519.367653445318,5.1,9.024086748881933,7852920.289047428,1292321.415133884,16.45657115527203,6.076599982856331
Other,Lagos,1854.378752533022,185437.8752533022,9.18342106903263,547.1741858544391,5.0,15.849391047290785,10306578.814929087,2225254.5030396264,21.590622290845374,4.631640471168862
Other,Abuja,845.1266830519348,84512.66830519348,12.628056161466034,77.77910895775517,5.5,6.5666408939544265,5273953.301462877,1014152.0196623218,19.229446331673408,5.200357736524475
Agro-processing Unit,Kaduna,1609.702720921859,160970.2720921859,14.644478552786435,294.46398788778504,6.0,11.465119094885036,8164299.963265385,1931643.265106231,23.659631245759044,4.226608562123083
Salon/Personal Services,Enugu,316.5900439899914,31659.00439899914,8.284961952298922,418.47441997256993,5.1,2.6528409920394784,2073551.4254925044,379908.05278798967,18.321612288817718,5.458034938389853
Other,Port Harcourt,300.6826248430778,30068.26248430778,15.67069403036225,93.58728337146084,4.8,2.677017671323698,1617042.8689122326,360819.14981169335,22.31351788802065,4.481588268682927
Bakery/Food Processing,Kaduna,1125.5323453438032,112553.23453438032,10.634836743589075,316.672306843857,6.0,8.016612146323384,7028660.811536951,1350638.8144125638,19.216161522485258,5.203952926966593
Salon/Personal Services,Kaduna,380.7468252790622,38074.68252790622,9.848545979811526,580.1538066402536,6.0,2.7118719749220954,1930948.8430653692,456896.1903348746,23.661744948641665,4.226230999321994
Small Manufacturing Plant,Port Harcourt,4745.528884351879,474552.8884351879,6.2811954644086585,286.59674964437227,4.8,42.25007909857442,35174442.6566275,5694634.661222255,16.18969408218692,6.176768967489464
Bakery/Food Processing,Enugu,2287.5147895647497,228751.47895647498,9.617474236928015,102.00598962591353,5.1,19.168047507665072,12382909.03184001,2745017.7474777,22.167793855381415,4.511048805865911
Other,Port Harcourt,1589.2541117028602,158925.411170286,13.272165983232975,363.67187930457715,4.8,14.149342162596689,7641840.947814857,1907104.9340434321,24.95609300254749,4.007037479375963
Retail Store/Trading,Ibadan,242.86124768592634,24286.124768592636,7.6859881175462075,392.4021679172126,5.3,1.9582426034988416,1506837.6421655687,291433.4972231116,19.340736458127942,5.170433929261003
Retail Store/Trading,Ibadan,366.25907316706866,36625.907316706864,12.048840956981092,349.6849273161664,5.3,2.953225876206004,1485779.3358071384,439510.88780048233,29.58116842846797,3.3805290768623997
Small Manufacturing Plant,Port Harcourt,3492.275165948288,349227.5165948288,17.381101866497914,513.3552587595664,4.8,31.09219342902678,21457257.17964646,4190730.1991379457,19.53059593801725,5.120171464166394
Agro-processing Unit,Abuja,3305.933769081996,330593.3769081996,6.935926396912909,108.3715106199607,5.5,25.68713107289818,14824576.634408087,3967120.5228983955,26.760430471185554,3.7368606647667932
Agro-processing Unit,Port Harcourt,2731.9533646623895,273195.33646623895,7.928560190291828,588.0460049412108,4.8,24.322946622706457,18265321.67406317,3278344.0375948674,17.948460454710354,5.5715085008171945
Small Manufacturing Plant,Enugu,3054.820819095933,305482.0819095933,11.849614025567687,250.26658126282797,5.1,25.59762710822803,22827143.43210231,3665784.9829151197,16.05888618441783,6.227081931562069
Welding Shop/Technical Services,Ibadan,2278.7728429081963,227877.28429081963,7.548436906673099,286.674035423315,5.3,18.374236759459734,12600337.960736567,2734527.4114898355,21.702016406312215,4.60786675891159
Salon/Personal Services,Lagos,328.55827132464333,32855.827132464336,16.653018296060257,72.3221416740823,5.0,2.8081903532020798,2322371.4636949985,394269.92558957206,16.977039709326718,5.890308423150047
Bakery/Food Processing,Kaduna,2353.336739810981,235333.67398109808,15.995929662636005,213.6638940424485,6.0,16.7616576909614,11785350.734503835,2824004.087773177,23.96198595520261,4.173276797129916
Salon/Personal Services,Lagos,663.038925540118,66303.8925540118,6.374562724064971,581.7760526613665,5.0,5.666999363590753,3957469.738079106,795646.7106481417,20.104934801961015,4.9739032225185875
Agro-processing Unit,Kano,2816.487356474473,281648.7356474473,9.639372312785344,249.42076692707238,6.2,19.413339926071636,16931720.982348863,3379784.8277693675,19.96125988192669,5.0097038258863575
Agro-processing Unit,Lagos,1666.0133836512434,166601.33836512433,17.87219416850447,71.61056983288086,5.0,14.239430629497807,12188758.215004552,1999216.0603814921,16.402130759476595,6.096768856828152
Salon/Personal Services,Lagos,575.6896300461084,57568.963004610836,11.3128311324775,571.9039200037932,5.0,4.920424188428277,4006800.7406897796,690827.55605533,17.241375370625555,5.800001325321866
Retail Store/Trading,Abuja,396.79979224543615,39679.97922454362,12.385041887256136,315.29591472051413,5.5,3.0831374688845075,1906927.619811687,476159.75069452345,24.969996015975962,4.0048064058968755
Salon/Personal Services,Ibadan,606.8631886325659,60686.31886325659,6.816122783429046,156.58402151284517,5.3,4.893268735950378,3513383.4245719113,728235.826359079,20.72747942242629,4.824513292812829
Small Manufacturing Plant,Kaduna,3250.9768703249742,325097.68703249743,14.857809058100276,154.02628297970705,6.0,23.15510591399554,13651298.617415253,3901172.244389969,28.577297689563103,3.499281180687761
Other,Abuja,1274.9359986146603,127493.59986146603,8.582925846011445,523.8937225461882,5.5,9.906262615498525,6712153.463850856,1529923.1983375924,22.79332864746293,4.387248635189172
Other,Lagos,1901.7152726323854,190171.52726323853,12.221915699306885,243.76988631504804,5.0,16.253976689165686,11275143.497962477,2282058.3271588623,20.239727570396347,4.940777965127608
Bakery/Food Processing,Kaduna,1197.8982175297485,119789.82175297485,6.597372018276525,197.67504190862246,6.0,8.53203858639422,7104253.258283178,1437477.861035698,20.234045842322356,4.942165337534024
Salon/Personal Services,Kano,575.2532569644566,57525.32569644566,12.40340317571053,569.2227030545101,6.2,3.9650762128788015,3403666.409405323,690303.908357348,20.281185795700686,4.9306781668159925
Salon/Personal Services,Ibadan,407.58022061960537,40758.02206196054,14.326360107940735,319.1275111113168,5.3,3.286407197384336,2188247.7415880593,489096.26474352647,22.351046248016626,4.474063490825346
Salon/Personal Services,Abuja,483.1745403507376,48317.45403507376,9.21329177524941,300.2229272630998,5.5,3.754269932795163,1903721.8727236926,579809.4484208851,30.456625872104958,3.2833577960974796
Small Manufacturing Plant,Enugu,4147.747489544476,414774.74895444757,14.479710260987208,567.3519995523626,5.1,34.75571886663713,29358487.154255047,4977296.987453371,16.95351998657734,5.8984800843230945
Welding Shop/Technical Services,Abuja,1658.6425549650085,165864.25549650085,6.506405622975581,322.96231902535186,5.5,12.887665539743654,7342250.897565447,1990371.06595801,27.108458887151077,3.68888546620399
Retail Store/Trading,Lagos,635.5690657193348,63556.90657193348,8.021286613582983,468.2555334518367,5.0,5.432214236917392,4067385.5416297126,762682.8788632018,18.75118232725023,5.332997048120778
Small Manufacturing Plant,Port Harcourt,5947.251879545221,594725.1879545221,17.349296604101532,158.40832135300872,4.8,52.949179839255876,27003465.398761924,7136702.255454265,26.42883848449123,3.783745549721424
Bakery/Food Processing,Kaduna,2288.117507831293,228811.7507831293,14.453923636940218,299.61561009380137,6.0,16.29713324666163,10752890.727421032,2745741.0093975514,25.53491036968892,3.9162072062216624
Welding Shop/Technical Services,Enugu,2081.221988649458,208122.19886494582,16.195202099789498,314.07421680110525,5.1,17.439433456087297,15597552.359677397,2497466.38637935,16.011912182040625,6.245350265670492
Bakery/Food Processing,Abuja,1434.4525274787156,143445.25274787156,11.91896991631183,368.521392219277,5.5,11.145707284216904,6021774.203427128,1721343.0329744588,28.585313477792035,3.4982999251587747
Small Manufacturing Plant,Kano,3161.771788224221,316177.1788224221,16.81089276320389,420.8028218562876,6.2,21.7932987884217,14590117.9766654,3794126.145869065,26.004766732778812,3.845448837422208
Welding Shop/Technical Services,Kano,2266.5378346749776,226653.78346749776,7.193954714167658,382.2956659949255,6.2,15.622676004101029,9730739.664647872,2719845.401609973,27.951065338756,3.577681164851466
Welding Shop/Technical Services,Ibadan,1241.9213244769846,124192.13244769846,6.944372102344788,340.0209926033163,5.3,10.01387941039336,8632317.034552401,1490305.5893723816,17.26425921808902,5.792313399420157
Agro-processing Unit,Lagos,2506.9638351162375,250696.38351162375,13.065723241874679,99.07219243148123,5.0,21.427041325779808,18164475.230205413,3008356.602139485,16.561758949892138,6.03800600543406
Small Manufacturing Plant,Port Harcourt,4008.4407199654042,400844.0719965404,8.097440580541896,592.9050472582641,4.8,35.68768447262646,21237009.579250496,4810128.863958485,22.649746641627903,4.415060423510888
Retail Store/Trading,Enugu,648.9201699481396,64892.01699481396,14.249242331290407,228.9800543754343,5.1,5.4375747439931255,2895373.2361510093,778704.2039377675,26.894777993214618,3.7181939194749765
Bakery/Food Processing,Port Harcourt,961.0561551248851,96105.61551248851,17.71045035340244,207.44246946075077,4.8,8.55641163750788,6424627.520062959,1153267.386149862,17.95072761103138,5.5708048256799545
Other,Enugu,1020.4739147950762,102047.39147950763,13.7983670604309,63.58351372736121,5.1,8.550979678189007,5426002.64697299,1224568.6977540916,22.5685237812636,4.430949980123204
Salon/Personal Services,Lagos,676.6684348362365,67666.84348362366,12.438938280343443,203.01945288785217,5.0,5.78349089603621,4446543.029793389,812002.1218034839,18.26142502979925,5.476023904860578
Retail Store/Trading,Lagos,249.2863882339754,24928.63882339754,7.949980985693298,542.2686223693903,5.0,2.130652890888679,1092700.8658925507,299143.6658807705,27.37653782642709,3.652762837800042
Agro-processing Unit,Kaduna,3215.060559839728,321506.0559839728,8.998820659642679,86.08042071976624,6.0,22.899291736750197,12671545.06989057,3858072.6718076738,30.446742291711644,3.284423635274191
Salon/Personal Services,Kaduna,598.8999530513136,59889.99530513136,12.868892711613181,272.4857384520293,6.0,4.265669181277162,3303969.342727645,718679.9436615763,21.7520161088498,4.597275006582724
Salon/Personal Services,Abuja,386.3474419735415,38634.74419735415,8.6017713111493,418.2861910956347,5.5,3.001922626057043,1755969.4231337735,463616.93036824977,26.402335044129664,3.787543784777254
Retail Store/Trading,Abuja,976.5344222350964,97653.44222350964,8.10858295004191,378.4141410085268,5.5,7.587680048446746,6396680.38309385,1171841.3066821157,18.319522572665058,5.458657538882158
Other,Lagos,1021.1145947681596,102111.45947681596,11.360264660935979,189.7810040702979,5.0,8.727475168958629,4568277.791526294,1225337.5137217916,26.82274523661131,3.728179167265343
Agro-processing Unit,Enugu,3562.8371891535476,356283.71891535475,11.823067249766893,348.87321870904526,5.1,29.854509713034584,17500498.435739648,4275404.626984257,24.430187761126813,4.0932964158023974
Agro-processing Unit,Port Harcourt,2261.9022819933143,226190.22819933144,8.181701588003397,97.25071351155127,4.8,20.13801889239062,18112619.50586834,2714282.7383919773,14.985589122062503,6.673077660508869
Agro-processing Unit,Abuja,3285.2978523122897,328529.785231229,8.354811380254267,429.5414448038388,5.5,25.526789839256327,17185411.98168307,3942357.422774748,22.940139153932865,4.359171464871257
Retail Store/Trading,Port Harcourt,512.3011568375631,51230.11568375631,10.989297611875818,308.0476228510244,4.8,4.561085798055227,3563057.5808331897,614761.3882050758,17.253759566280127,5.79583827025357
Small Manufacturing Plant,Lagos,3786.9797784464013,378697.97784464015,7.2074397266710815,220.29749550156518,5.0,32.367348533729924,18548601.69350044,4544375.734135682,24.499829201292638,4.081661107854739
Bakery/Food Processing,Enugu,1928.3484131796954,192834.84131796955,13.989412817626452,207.4233689819969,5.1,16.1584415382914,12021032.089263916,2314018.0958156344,19.2497456011477,5.194873847789336
Small Manufacturing Plant,Kaduna,4110.359192951908,411035.9192951908,8.32136673614325,165.70464484140967,6.0,29.27606262786259,23141042.006752964,4932431.031542289,21.31464533923286,4.691609848930243
Small Manufacturing Plant,Port Harcourt,2580.664809423126,258066.4809423126,16.760958598892934,165.88866579119843,4.8,22.976004357399624,14378168.801087542,3096797.771307751,21.538193174317957,4.642914992481335
Agro-processing Unit,Port Harcourt,2068.834692341158,206883.46923411582,9.355217191741582,120.07443943248595,4.8,18.41911228936216,15316575.737405758,2482601.63080939,16.20859435798331,6.169566452919864
Salon/Personal Services,Kaduna,565.5208740678859,56552.08740678859,6.901715438131038,123.81133447949264,6.0,4.02792645347497,2986171.8774656127,678625.048881463,22.725585690580456,4.400326634549581
Agro-processing Unit,Ibadan,3111.891816475232,311189.1816475232,10.075927445777314,439.37130468565397,5.3,25.091854672433737,16451454.53900102,3734270.1797702783,22.698723513580788,4.405534079489949
Salon/Personal Services,Port Harcourt,512.3260840355923,51232.60840355923,9.072254076738156,407.95537276913046,4.8,4.561307728237111,3298085.2874580706,614791.3008427108,18.640855140424467,5.364560758971861
Bakery/Food Processing,Abuja,997.6652564978971,99766.5256497897,12.436924596960365,290.43145777476906,5.5,7.751866794855454,5664322.7021522205,1197198.3077974764,21.13577157852585,4.73131532617437
Other,Ibadan,755.3850907896493,75538.50907896493,13.248059972874001,529.2334757871554,5.3,6.090832855907509,3448715.547774581,906462.108947579,26.284049710406222,3.804588756366893
Small Manufacturing Plant,Enugu,5996.166449170769,599616.6449170769,13.293153224921094,272.5882308810436,5.1,50.24439793171417,33216217.14648834,7195399.739004923,21.662309429373508,4.6163129709708
Other,Port Harcourt,682.8520703675428,68285.20703675428,9.085153072741342,313.7002379823711,4.8,6.079523418514447,3874919.430256702,819422.4844410513,21.146826384123475,4.728841963495647
Other,Ibadan,924.3720921772057,92437.20921772056,16.96577427149933,252.56250721064023,5.3,7.453411483447876,4921942.924210649,1109246.5106126468,22.536760943658056,4.4371948679759345
Welding Shop/Technical Services,Enugu,1746.8891822908708,174688.91822908708,10.602414149207723,510.14111570221195,5.1,14.637918403643965,11775389.077980641,2096267.018749045,17.80210407373251,5.617313525739506
Small Manufacturing Plant,Kano,4777.759122964157,477775.91229641566,13.370026203826711,233.7786623111242,6.2,32.93189359638928,22822308.19454008,5733310.947556987,25.121521007803242,3.9806506926446854
Retail Store/Trading,Abuja,854.3233414659516,85432.33414659515,6.460366336268414,528.9384447859622,5.5,6.638099001289444,5815814.187730279,1025188.0097591418,17.627592228135455,5.672924509814203
Bakery/Food Processing,Kano,1671.6748296496803,167167.48296496802,10.779002818360954,323.4420043947271,6.2,11.52243472325393,7114764.282699733,2006009.7955796162,28.19502819590849,3.546724596448939
Salon/Personal Services,Lagos,583.8200948469902,58382.00948469902,6.153185118214768,529.3535210520363,5.0,4.989915340572566,3324687.9352522325,700584.1138163882,21.07217662108902,4.7455942401280025
Other,Port Harcourt,1059.4571930293678,105945.71930293678,10.115598236400938,126.0350610987314,4.8,9.432489254178844,7685429.290427987,1271348.6316352412,16.54232422928768,6.045099746198485
Agro-processing Unit,Ibadan,2598.6634358961055,259866.34358961054,11.955873255412547,272.00568197141274,5.3,20.95358358245529,15053260.572916646,3118396.1230753264,20.715751965961758,4.8272445125
Other,Kaduna,1453.7221595057251,145372.2159505725,11.050758345110712,578.7796678156153,6.0,10.354146435225962,7442677.030520566,1744466.5914068702,23.4386979880122,4.266448590751301
Small Manufacturing Plant,Abuja,4597.471312382571,459747.13123825716,15.689735227822908,110.14574671021336,5.5,35.72238781960039,18623369.105492942,5516965.574859086,29.623885686891445,3.3756543978378217
Agro-processing Unit,Kano,2493.228232364764,249322.82323647643,10.042172417365833,363.21531347512547,6.2,17.18519597714891,11332603.316671303,2991873.878837717,26.400587713472646,3.787794464475819
Agro-processing Unit,Lagos,3652.7838001535642,365278.3800153564,6.94005861314408,89.91613892459094,5.0,31.220374360286876,18991150.57140913,4383340.560184277,23.08096365042424,4.332574736244253
Retail Store/Trading,Ibadan,880.2541665260791,88025.4166526079,8.55420103246029,417.8142899473975,5.3,7.097679136639889,6386023.589051891,1056304.9998312949,16.540887848303747,6.045624691800019
Welding Shop/Technical Services,Kano,2085.75626472161,208575.626472161,15.994723138646753,118.79890041002194,6.2,14.376594049638888,8961535.294270825,2502907.517665932,27.929449982371423,3.5804500290237806
Small Manufacturing Plant,Ibadan,2954.2403800291395,295424.03800291393,12.681820323339691,570.508259347104,5.3,23.820677149081916,20338061.13246349,3545088.456034967,17.43080833981917,5.736968593221157
Agro-processing Unit,Kano,2537.4943959268858,253749.43959268858,9.923305203056339,383.6791277588372,6.2,17.490311524172082,13476171.237690998,3044993.275112263,22.595388715422636,4.425681773367515
Welding Shop/Technical Services,Enugu,2860.8972010900625,286089.7201090063,16.043133994135484,597.5159859032709,5.1,23.972659637087837,15255399.035447977,3433076.6413080753,22.504010765833517,4.443652335601615
Small Manufacturing Plant,Abuja,2578.99004120832,257899.004120832,7.354297736553146,385.2072698516421,5.5,20.0387726589613,14376091.065708214,3094788.049449984,21.52732641512051,4.645258685247664
Bakery/Food Processing,Kano,2194.9799468675446,219497.99468675448,9.422932107681198,181.5660984188203,6.2,15.12944545676554,12651459.428441072,2633975.936241054,20.81954221281185,4.8031795789660725
Small Manufacturing Plant,Abuja,5254.415297834203,525441.5297834203,6.6765822462387785,253.1604561704218,5.5,40.82684769101944,34839481.02902296,6305298.357401043,18.09814087686446,5.5254294173294785
Other,Kaduna,1159.8756784069606,115987.56784069605,12.724184092203881,450.7383362360273,6.0,8.261222780676357,4660631.203970867,1391850.8140883525,29.863998097564398,3.3485134734238966
Small Manufacturing Plant,Abuja,3741.960032007304,374196.0032007304,13.352212136095286,371.956482535026,5.5,29.075058523755274,18486772.843366817,4490352.038408766,24.289539750686856,4.116998552727711
Small Manufacturing Plant,Ibadan,4416.656352288115,441665.63522881153,13.685799517706545,192.69704408744195,5.3,35.61245244547746,22581474.04832975,5299987.622745738,23.470512205724475,4.260665430880964
Bakery/Food Processing,Kaduna,943.9028810938693,94390.28810938692,7.431260064476922,173.5203104596456,6.0,6.722954993546077,3474543.605465598,1132683.457312643,32.59948890930268,3.067532754216393
Bakery/Food Processing,Kano,1650.336490388735,165033.6490388735,16.08531300655224,435.7113381486113,6.2,11.375354910316618,8409744.190785544,1980403.788466482,23.548918296901192,4.24647955117153
Retail Store/Trading,Kano,831.2324833616377,83123.24833616377,10.211707487113097,272.5595579067026,6.2,5.729476725679884,4823807.002145217,997478.9800339653,20.678252251600696,4.835998651300863
Other,Kaduna,969.2592061840418,96925.92061840418,8.302478212854018,83.66916197896461,6.0,6.903555599601437,4505465.800495656,1163111.0474208503,25.815556014050618,3.873633399395816
Welding Shop/Technical Services,Lagos,2181.8321856544535,218183.21856544534,17.870600201047033,141.75633772264456,5.0,18.64813833892695,14844186.240600862,2618198.622785344,17.637872365304982,5.669618076877997
Salon/Personal Services,Enugu,180.34513293452795,18034.513293452794,15.354380181887196,188.92230367659832,5.1,1.5111876398066695,1135023.0625173238,216414.15952143352,19.066939401341937,5.244680223453271
Agro-processing Unit,Kano,3574.109513382321,357410.9513382321,14.447240004414185,570.1204453779425,6.2,24.635439160341335,16019428.207729457,4288931.416058785,26.77331150926694,3.7350628055624497
Retail Store/Trading,Kano,527.1417886053375,52714.17886053375,13.943638073407609,305.6701294472989,6.2,3.6334559457219293,2021741.7997280168,632570.146326405,31.28837452989813,3.196075267650715
Small Manufacturing Plant,Ibadan,4707.060440579902,470706.0440579902,11.395186872092848,153.74773553324115,5.3,37.95404322351155,29745704.878846496,5648472.528695882,18.989203825231133,5.266150225167896
Other,Port Harcourt,1163.4256072057474,116342.56072057474,12.343010417249308,495.8321165430886,4.8,10.358133967287637,8719747.185112283,1396110.7286468968,16.010908332647027,6.24574183565183
Welding Shop/Technical Services,Kaduna,2471.0414115871627,247104.14115871626,13.965499487297329,112.36290255391489,6.0,17.60001005403962,13628423.411769606,2965249.693904595,21.75783364159191,4.596045803422345
Bakery/Food Processing,Kano,2025.0476941283155,202504.76941283155,12.003661876254178,541.7547448583875,6.2,13.958145120818275,7078892.750288427,2430057.2329539787,34.328210903533844,2.913055978390814
Small Manufacturing Plant,Kaduna,5719.5482694569,571954.82694569,6.6618790872214255,501.35285819496335,6.0,40.73752328673005,23892278.671609044,6863457.92334828,28.72667784301402,3.4810847445180224
Retail Store/Trading,Lagos,230.1579123381365,23015.79123381365,10.406035508340272,348.2649865915935,5.0,1.9671616439156965,1038252.1664709387,276189.49480576377,26.60138873049917,3.7592022361354185
Other,Lagos,551.7713576661166,55177.13576661166,14.955765750828922,54.59508729467621,5.0,4.715994509966809,3433972.340648551,662125.6291993399,19.28162383143391,5.186285183977854
Bakery/Food Processing,Abuja,1086.6183823378626,108661.83823378626,12.969561958241709,442.9131591205108,5.5,8.443033273798465,6776303.122233405,1303942.058805435,19.242676062219427,5.196782384979053
Bakery/Food Processing,Kano,2358.2932745796575,235829.32745796576,14.465959823215487,419.47859864017624,6.2,16.25512320498799,8846552.926377384,2829951.929495589,31.989317794704462,3.126043532461767
Small Manufacturing Plant,Kano,3880.1940122273254,388019.40122273256,6.015413106321617,116.08759230459206,6.2,26.745202731095432,22341207.353113636,4656232.8146727905,20.8414556164256,4.798129355283028
Small Manufacturing Plant,Kano,4370.940906646137,437094.09066461364,14.101558630133036,279.5965561430544,6.2,30.12779781255953,21758403.77994401,5245129.087975364,24.106221858103883,4.1483066317330275
Bakery/Food Processing,Kano,2042.1543195982633,204215.43195982632,12.262347543986145,90.79690757687172,6.2,14.076056793481273,10922845.597000271,2450585.183517916,22.43540990994982,4.457239711749206
Bakery/Food Processing,Kano,1126.427626645513,112642.76266455131,16.079978678927315,448.7020106434417,6.2,7.764182703649801,6898947.9243291775,1351713.1519746156,19.593033123322932,5.103854996343733
Salon/Personal Services,Enugu,731.5952915581217,73159.52915581217,7.410686989451239,594.6223940382906,5.1,6.1303443234298785,3270369.4702282483,877914.349869746,26.84450053309952,3.725157779586887
Bakery/Food Processing,Lagos,1155.9914137148871,115599.14137148872,6.141358515439704,598.5826164794548,5.0,9.880268493289634,8501868.37449409,1387189.6964578647,16.316292317809616,6.1288433703070915
Small Manufacturing Plant,Abuja,3483.758599057896,348375.8599057896,14.016233430150718,147.17527279696787,5.5,27.06883138351123,14899796.73763136,4180510.3188694753,28.05749898796308,3.5641095467169364
Agro-processing Unit,Lagos,2950.5713304978544,295057.13304978545,16.848419837454713,226.09964208564122,5.0,25.218558380323543,16573221.032653548,3540685.5965974256,21.363895344310897,4.680794320902228
Agro-processing Unit,Enugu,3175.6349401108982,317563.49401108985,8.254843065580998,393.6374692952989,5.1,26.609979387555708,22367696.157433156,3810761.928133078,17.036899559576227,5.869612581227625
Welding Shop/Technical Services,Kano,1672.9007036350204,167290.07036350205,8.53449910305542,222.25012788699934,6.2,11.530884364729944,9945407.305913353,2007480.8443620247,20.185003817474765,4.954172954548911
Small Manufacturing Plant,Kaduna,3125.9437397772977,312594.37397772976,16.822993294054594,268.45278747442086,6.0,22.264556551120354,15641934.580172714,3751132.487732757,23.981256720556736,4.169923251531684
Agro-processing Unit,Kano,2113.1982624359184,211319.82624359184,11.380894092191195,226.29489174357255,6.2,14.565744847228551,10744303.053084219,2535837.914923102,23.60169759168487,4.236983361537141
Retail Store/Trading,Kaduna,795.5354030506608,79553.54030506608,17.654638942625933,290.91851118370573,6.0,5.666206574434906,4438106.920405813,954642.4836607929,21.51012809699281,4.6489727791988535
Bakery/Food Processing,Kano,2263.7567799528088,226375.6779952809,12.790356882715434,136.4796158018284,6.2,15.60350689242355,12999335.69538273,2716508.135943371,20.897284288982977,4.785310790489647
Small Manufacturing Plant,Kaduna,4917.179597284696,491717.9597284696,12.161213965509841,407.83358778865687,6.0,35.02264670430695,19213580.456691407,5900615.516741635,30.710650365464083,3.2561993578767003
Other,Ibadan,1812.4686013718303,181246.86013718304,11.285214847872552,545.6476927695455,5.3,14.614325119914774,12042609.05600794,2174962.321646197,18.06055740521718,5.536927668196601
Retail Store/Trading,Abuja,800.535211425324,80053.5211425324,11.863259110535818,381.77217461188,5.5,6.220164812939579,4307529.1971575385,960642.2537103887,22.301468190727512,4.484009713834801
Salon/Personal Services,Kano,361.62773613735743,36162.77361373574,17.80316759686529,417.0431396777178,6.2,2.492609154517214,1695595.8071244168,433953.2833648289,25.592967471462195,3.907323373559804
Retail Store/Trading,Abuja,235.07748199730392,23507.74819973039,9.919462868976105,392.82293856748163,5.5,1.826553861672913,1222987.2224253793,282092.9783967647,23.065897437368903,4.335404693076917
Bakery/Food Processing,Port Harcourt,895.7665722587077,89576.65722587077,6.286610295829713,297.5133317402914,4.8,7.975129738770545,5611976.252114155,1074919.8867104494,19.1540348429932,5.2208321024633255
Other,Ibadan,865.5733054775391,86557.33054775391,11.259583296397992,194.48132043400284,5.3,6.979304188659402,6127970.208650437,1038687.966573047,16.949951308620953,5.8997219625721735
Bakery/Food Processing,Abuja,1080.0201698030676,108002.01698030675,14.269720283764052,333.0141139472903,5.5,8.391765111134944,6036041.473291362,1296024.203763681,21.47142642240625,4.6573524288841
Bakery/Food Processing,Enugu,1140.2621591239235,114026.21591239235,9.835073115119979,375.49434921482924,5.1,9.55473570574764,8420311.636377603,1368314.5909487081,16.250165671271446,6.15378341506938
Welding Shop/Technical Services,Abuja,1144.4586965449557,114445.86965449557,7.769436111194155,90.28508225906457,5.5,8.89245296460727,5087515.084896629,1373350.435853947,26.994523120551133,3.704455142749651
Other,Enugu,1680.939465614002,168093.9465614002,15.02891079854411,464.3221125335914,5.1,14.085298019222407,11122517.43693079,2017127.3587368024,18.135528851042373,5.5140382627580395
Small Manufacturing Plant,Abuja,5007.138702166098,500713.87021660974,14.03262508403843,312.34555345799623,5.5,38.905506621337196,32092989.609650392,6008566.442599317,18.722364340879402,5.341205746202401
Small Manufacturing Plant,Kaduna,4747.973572274903,474797.3572274903,6.460338657455695,391.80543246123153,6.0,33.81747558600358,26095306.862368926,5697568.286729883,21.83368954724244,4.580077947138799
Other,Port Harcourt,1622.3920994126913,162239.20994126913,12.004300324612682,246.63233063498032,4.8,14.44437410445772,10728832.039397929,1946870.5192952296,18.146155258522274,5.510809236189875
Retail Store/Trading,Abuja,421.9413878407833,42194.13878407833,13.71362460194499,431.0406592464498,5.5,3.278487862010748,2379936.6698452067,506329.66540893994,21.274921800413793,4.700369803383015
Retail Store/Trading,Lagos,896.774079890034,89677.4079890034,10.10800898953189,473.37476906207206,5.0,7.664735725555847,6471889.71359431,1076128.8958680409,16.627738473472665,6.014046958913664
Agro-processing Unit,Abuja,2903.3895604733448,290338.9560473345,16.59403788813695,340.2966595625914,5.5,22.55935944423733,18694008.090746038,3484067.4725680137,18.63734869298953,5.365570052226107
Agro-processing Unit,Abuja,2794.074570994918,279407.4570994918,12.93452497729091,462.1234453283389,5.5,21.709981126611634,11916944.894837132,3352889.4851939017,28.135478638040016,3.5542313420890936
Agro-processing Unit,Enugu,3911.7261970711525,391172.6197071152,6.882760250589188,79.38903131505944,5.1,32.77799729404351,27515000.217388492,4694071.436485383,17.060045064142496,5.861649229179593
Small Manufacturing Plant,Abuja,5781.426180925685,578142.6180925685,12.358507506218473,388.19665801181486,5.5,44.92172634751891,29901134.058398858,6937711.417110821,23.202168197236333,4.30994203429278
Other,Port Harcourt,1120.1201227110391,112012.01227110391,7.123889431289694,472.4491581302666,4.8,9.97257944009116,5998294.43637859,1344144.147253247,22.408772385384278,4.462538075723559
Other,Port Harcourt,1570.2818966505977,157028.18966505976,9.740439857913744,218.43158487562022,4.8,13.980429991547343,11854110.4253605,1884338.275980717,15.896074934053194,6.290861134894129
Other,Lagos,1724.3303475393816,172433.03475393815,6.868287092895919,534.6078315961113,5.0,14.737866218285312,9915782.589136096,2069196.4170472578,20.867706592461047,4.792093446249976
Agro-processing Unit,Kano,2141.654224739786,214165.4224739786,13.115816973065927,564.7967984509778,6.2,14.76188464805477,12154136.848007664,2569985.069687743,21.1449410338754,4.729263602097272
Bakery/Food Processing,Abuja,1952.808252612299,195280.82526122988,10.97315774960444,429.2438148979783,5.5,15.173335296132857,9185352.177033827,2343369.9031347586,25.512031090042424,3.9197192746849114
Welding Shop/Technical Services,Lagos,1687.9592726327405,168795.92726327406,9.327100996190234,598.1758028640738,5.0,14.427002330194364,7236176.4968229495,2025551.1271592886,27.9920083216407,3.572448209180108
Small Manufacturing Plant,Port Harcourt,5127.765809129257,512776.5809129257,13.736639728581812,245.4093037706253,4.8,45.65318562258953,31874309.01210137,6153318.970955108,19.30494859863141,5.180018972290314
Small Manufacturing Plant,Kaduna,2672.0629020426686,267206.29020426684,6.372682512421868,354.79969049683933,6.0,19.031787051585958,10278902.66058461,3206475.4824512023,31.194725627150117,3.2056701249831057
Small Manufacturing Plant,Enugu,5167.114523636679,516711.4523636679,12.448550285326261,512.4317895665131,5.1,43.297423526367346,34713725.860971704,6200537.428364014,17.861918519484586,5.598502752709095
Agro-processing Unit,Lagos,1583.566332733054,158356.6332733054,10.40102491711128,180.38871514579793,5.0,13.534754980624394,8262021.219489001,1900279.599279665,23.000178150077367,4.3477924104541605
Retail Store/Trading,Enugu,557.8183745256977,55781.837452569765,6.86851671832947,574.7724028640899,5.1,4.6741945242642675,3166571.682959198,669382.0494308372,21.139014570018887,4.73058948272018
Welding Shop/Technical Services,Abuja,1446.5108021387218,144651.0802138722,17.06769330580302,284.241235270175,5.5,11.239400172018039,6010982.112593562,1735812.9625664663,28.87736030572738,3.462920396507521
Salon/Personal Services,Ibadan,790.5906866158917,79059.06866158918,12.64870060152253,561.9580752966941,5.3,6.3747031657465865,3918298.6303001884,948708.8239390701,24.21226438951611,4.1301382799743385
Other,Port Harcourt,309.0932807801788,30909.328078017883,14.978865674170802,546.6778592063835,4.8,2.7518988673448965,2236182.279778189,370911.93693621457,16.586838214861714,6.0288765528803765
Other,Ibadan,537.524963864222,53752.49638642219,7.153510220785818,283.51493395227556,5.3,4.334179679601854,2429893.5387770506,645029.9566370663,26.54560565487596,3.7671018435260963
Agro-processing Unit,Enugu,3834.197265332338,383419.72653323377,12.508638722285266,340.1010550469527,5.1,32.128349801678716,24381042.403794464,4601036.718398806,18.871369985734237,5.299032347709506
Welding Shop/Technical Services,Port Harcourt,1282.2522365986438,128225.22365986438,6.009474133118625,495.57704991000367,4.8,11.416063360030659,9897388.345513867,1538702.6839183725,15.546552587439002,6.432294197544222
Agro-processing Unit,Port Harcourt,1718.9364074655955,171893.64074655954,13.606197824823887,553.0390499833553,4.8,15.303921006638136,11813627.730815459,2062723.6889587145,17.46054417795956,5.727198361104345
Salon/Personal Services,Port Harcourt,285.62374355298016,28562.374355298016,13.98327403484293,93.2842171891302,4.8,2.542946434766561,2096427.1027048894,342748.4922635762,16.349172924799014,6.116517359010644
Welding Shop/Technical Services,Enugu,2207.510287675226,220751.02876752263,7.967180651438433,454.7744582833479,5.1,18.49765617291123,10055115.979041925,2649012.3452102714,26.344920841606,3.795798081961667
Agro-processing Unit,Port Harcourt,2253.0782369847702,225307.82369847703,11.560692105655754,379.68679811519195,4.8,20.05945723811227,12041546.355824942,2703693.8843817245,22.453045518309594,4.453738799863646
Welding Shop/Technical Services,Ibadan,1342.546821332479,134254.6821332479,14.899653823411452,216.452187350248,5.3,10.825244487441372,9286062.955328522,1611056.1855989748,17.349184399773208,5.763959716821456
Small Manufacturing Plant,Port Harcourt,4818.301509694637,481830.15096946375,7.899396608392484,428.46471256349264,4.8,42.89798352648359,33719627.296315685,5781961.8116335645,17.14716998744918,5.831866137280653
Salon/Personal Services,Lagos,233.32224732680012,23332.224732680013,11.104277955239803,185.96334055638226,5.0,1.9942072421094028,1507264.7699668668,279986.69679216016,18.57581377678687,5.383344234693194
Small Manufacturing Plant,Enugu,5119.313372998638,511931.33729986387,9.144420054082495,534.9445185174679,5.1,42.89687760179854,32837846.97512242,6143176.047598367,18.70760909584714,5.345418513272162
Agro-processing Unit,Enugu,3729.5505285165323,372955.05285165325,8.35729578267343,387.61526975424835,5.1,31.251470827187298,20803486.029376198,4475460.634219839,21.513032132692224,4.648345216202009
Retail Store/Trading,Enugu,270.17411337597144,27017.411337597143,10.69844519521955,442.32695122569976,5.1,2.2639024080440038,1172299.9502674157,324208.9360511657,27.655800546371236,3.615877972229633
Bakery/Food Processing,Ibadan,1921.0195196448576,192101.95196448575,13.496408032879295,205.39747501434397,5.3,15.489594578655518,12605069.872260137,2305223.4235738292,18.288065412845615,5.468046933480431
Welding Shop/Technical Services,Port Harcourt,1756.0498988688041,175604.98988688042,7.235353736403434,445.46255123848056,4.8,15.63434739021371,12061669.100437662,2107259.878642565,17.470715380229613,5.723864067590673
Salon/Personal Services,Enugu,477.5277179143278,47752.77179143278,14.505187588147855,186.91893863828003,5.1,4.001405378869849,2757455.619776658,573033.2614971934,20.781232429902413,4.812034143658803
Bakery/Food Processing,Ibadan,1351.5449886796125,135154.49886796126,10.010584047121377,64.15832536096892,5.3,10.897798650859638,9371058.974413093,1621853.9864155352,17.3070513251904,5.777991763071164
Other,Lagos,879.78138381206,87978.138381206,15.639654882216401,543.5141726623563,5.0,7.519499006940683,4770850.410281927,1055737.660574472,22.128919789628966,4.518973404515951
Welding Shop/Technical Services,Port Harcourt,2036.4366312718548,203643.6631271855,11.466020342630642,66.95354028465364,4.8,18.130668013460244,11199833.940249762,2443723.9575262256,21.81928741589654,4.583101092804
Other,Abuja,1794.6473738951504,179464.73738951504,6.156122561110473,569.6125441156165,5.5,13.944424039589356,11840468.842635889,2153576.8486741805,18.188273431533798,5.498047980003736
Retail Store/Trading,Ibadan,591.3729989504725,59137.29989504725,10.10321392289672,558.3201391634631,5.3,4.768367996697891,3904316.1690353667,709647.598740567,18.175976740016385,5.501767604039631
Other,Abuja,341.46468828716445,34146.468828716446,12.977098738429046,351.9128884746357,5.5,2.6531832811745484,1873125.9700891231,409757.62594459736,21.875604336696114,4.571302280881492
Agro-processing Unit,Port Harcourt,2048.301003028455,204830.1003028455,11.146649176202526,408.7452032690736,4.8,18.236298103885815,10071796.124457786,2457961.203634146,24.40439791732252,4.09762209003398
Small Manufacturing Plant,Abuja,5044.959189086747,504495.9189086747,6.008602304478957,565.2693865500584,5.5,39.19937209857611,22971952.70438681,6053951.026904096,26.35366311610075,3.794538905633391
Small Manufacturing Plant,Port Harcourt,3075.8388033748433,307583.88033748436,8.80296521066831,194.91039513161653,4.8,27.38460473090138,20880520.017730255,3691006.564049812,17.676794260467034,5.657134349503818
Retail Store/Trading,Port Harcourt,230.25610924162825,23025.610924162826,7.4766254830838985,592.4924576192891,4.8,2.050000972592844,1340734.4511209005,276307.3310899539,20.60865452207567,4.852330359212997
Bakery/Food Processing,Kano,1335.8684535413863,133586.84535413864,7.3836130840685925,108.84519364604282,6.2,9.207805717820417,7684735.913720378,1603042.1442496637,20.860081104252153,4.793845215664853
Agro-processing Unit,Ibadan,3298.64991917493,329864.991917493,16.25482396839169,191.32376472965842,5.3,26.597725521487902,23405519.79913613,3958379.9030099157,16.912164040706394,5.912903857797677
Agro-processing Unit,Abuja,1552.2737808380875,155227.37808380876,8.67708022134427,81.08362993821653,5.5,12.061179338291277,9917362.244061781,1862728.537005705,18.782499732941098,5.324104960566998
Agro-processing Unit,Kaduna,1758.4873415751038,175848.73415751036,11.178097438171708,176.4551039738979,6.0,12.52483861520729,8153897.504775456,2110184.8098901245,25.879462044430433,3.864067955829908
Welding Shop/Technical Services,Abuja,2031.8917570508468,203189.17570508466,9.041925039086284,567.2955156066212,5.5,15.787814740099817,12874561.463144535,2438270.108461016,18.938665331948968,5.280203131912519
Salon/Personal Services,Abuja,738.8635791520719,73886.35791520719,12.801673260125593,244.93319559306238,5.5,5.740975750987349,3677535.125606318,886636.2949824863,24.10952620979537,4.1477380820271526
Small Manufacturing Plant,Ibadan,3834.0140871215744,383401.40871215746,10.942227397733964,450.16862717421924,5.3,30.91448223771629,17523566.196918752,4600816.904545889,26.255026247767262,3.8087945163834696
Other,Kaduna,1067.7862923820244,106778.62923820244,16.280759358070767,569.2521322617005,6.0,7.605315472806441,3904244.0794643806,1281343.5508584292,32.81924809972986,3.046992414211437
Welding Shop/Technical Services,Kaduna,1671.8923067578676,167189.23067578676,12.728333776508162,102.28109525791044,6.0,11.908064862947775,7791288.285186377,2006270.7681094413,25.75018013290531,3.8834679790147675
Welding Shop/Technical Services,Enugu,1400.9380955327179,140093.8095532718,10.96158920052192,163.41149374597836,5.1,11.739048898380407,10112295.188665781,1681125.7146392616,16.62457121033736,6.01519273699034
Agro-processing Unit,Lagos,3691.4012269717937,369140.1226971794,7.899435072709177,300.61345185420055,5.0,31.55043783736576,18791271.511062734,4429681.472366152,23.573080032175177,4.242127030642954
Welding Shop/Technical Services,Lagos,2211.3984809197514,221139.84809197515,14.302366897930133,260.68815334957867,5.0,18.900841717262832,11011729.915778952,2653678.177103702,24.098649325762956,4.14961015649511
Bakery/Food Processing,Abuja,2277.468416832038,227746.84168320382,12.819829812935106,291.7292792461535,5.5,17.69594729473223,15712732.647750624,2732962.100198446,17.393296006915048,5.749341583115877
Small Manufacturing Plant,Port Harcourt,2735.3422191821282,273534.22191821283,11.57627362134198,501.40471244865165,4.8,24.35311804827393,12420130.268914098,3282410.663018554,26.428150043111724,3.7838441145850896
Salon/Personal Services,Port Harcourt,549.451661843855,54945.1661843855,15.98594944474942,321.7064188296181,4.8,4.89184171869529,3983489.6213885504,659341.994212626,16.55186926237792,6.0416136941884915
Bakery/Food Processing,Kaduna,1001.3848986606191,100138.48986606191,6.163678150030573,216.77075069522516,6.0,7.132371073081332,4483037.44697411,1201661.878392743,26.804636200481035,3.730697900619349
Retail Store/Trading,Kaduna,758.3923771982339,75839.23771982339,15.483118847300325,212.6640590411812,6.0,5.401655108249529,2781826.359613898,910070.8526378807,32.714869118006106,3.056714047648764
Bakery/Food Processing,Kaduna,1642.61166550152,164261.166550152,11.053426853208979,275.78753139328535,6.0,11.699513287047862,10144893.849151254,1971133.998601824,19.429813933112115,5.1467296776105975
Other,Port Harcourt,693.2928124402558,69329.28124402558,7.6364532603535,158.1787070271672,4.8,6.172478743235896,3431015.0975677813,831951.374928307,24.247966017930686,4.124057247772981
Bakery/Food Processing,Enugu,894.0650581776883,89406.50581776883,8.377568901882924,55.060493693958705,5.1,7.4917467586533295,5399389.643464279,1072878.069813226,19.87035833044383,5.0326218751066865
Bakery/Food Processing,Port Harcourt,1866.339281081163,186633.92810811632,9.796504888652194,585.2295912847998,4.8,16.616268528144257,10129637.584838973,2239607.1372973956,22.109449805483813,4.522952894793292
Other,Kaduna,629.3189863197064,62931.89863197064,10.149942843715127,246.81263725284327,6.0,4.482328962391071,2358050.715344284,755182.7835836477,32.02572271535679,3.1224900336768537
Agro-processing Unit,Port Harcourt,1521.1287401561513,152112.87401561512,16.070495436473507,67.5969530793786,4.8,13.54281285751559,7041842.781046255,1825354.4881873815,25.92154560877851,3.8577946511852415
Bakery/Food Processing,Enugu,2398.3057190397103,239830.57190397102,16.704892213123447,344.53705384727994,5.1,20.096411253894,10977115.604129976,2877966.8628476523,26.217878781971287,3.814191103391818
Agro-processing Unit,Kano,2858.98893727823,285898.893727823,13.845335075473876,262.8775065641878,6.2,19.70629264735477,10415698.028106166,3430786.724733876,32.93861549630274,3.035950312217121
Agro-processing Unit,Enugu,3118.0557084946386,311805.57084946387,6.5372206642618425,79.72619504234962,5.1,26.127498814267124,21012341.91170477,3741666.8501935666,17.806995840426996,5.615770391374568
Small Manufacturing Plant,Kaduna,4100.306468668405,410030.6468668405,12.595467613272419,538.2997021847004,6.0,29.20446202755274,20274510.90035613,4920367.762402086,24.268737167492695,4.12052754578212
Salon/Personal Services,Ibadan,218.02941204013257,21802.941204013256,15.871775126326671,165.52603551063828,5.3,1.758018158685152,1120133.2885669898,261635.29444815905,23.35751442427665,4.281277458874858
Bakery/Food Processing,Abuja,1469.9422024670541,146994.2202467054,9.799229217928955,270.08540007596946,5.5,11.421462334631343,7622085.066937066,1763930.6429604648,23.14236363763518,4.321079798321697
Small Manufacturing Plant,Lagos,3026.7342432540495,302673.4243254049,12.042840892842658,490.903424407252,5.0,25.86952344661581,22547325.465929184,3632081.091904859,16.108700330747542,6.207825457471863
Small Manufacturing Plant,Lagos,4045.3690363261394,404536.90363261395,11.88736291077839,516.8221719047228,5.0,34.575803729283244,29883892.233970866,4854442.843591368,16.244345969341378,6.155988070479052
Retail Store/Trading,Abuja,764.8464917104246,76484.64917104246,11.885452902237416,191.73260650404882,5.5,5.942863183453182,4672698.553720122,917815.7900525095,19.642092882747587,5.09110717462465
Retail Store/Trading,Ibadan,907.9413974759733,90794.13974759734,12.9242448202867,171.63118556088136,5.3,7.3209272494434225,6251141.754309241,1089529.676971168,17.429290836671523,5.737468089613738
Salon/Personal Services,Lagos,324.92783921470675,32492.783921470676,15.637597067234951,74.2800591481005,5.0,2.7771610189291174,1743666.126262131,389913.4070576481,22.36170108399704,4.471931702528845
Agro-processing Unit,Ibadan,3980.23046757205,398023.04675720504,7.564220156577502,487.83768896831555,5.3,32.09345643905862,20939174.440635636,4776276.561086461,22.810242947388478,4.3839953932384095
Small Manufacturing Plant,Ibadan,3881.7136087008903,388171.36087008903,11.906594199449602,534.3578176055178,5.3,31.299093764722546,23333000.932124447,4658056.330441069,19.963382952717165,5.00917105266416
Small Manufacturing Plant,Abuja,3945.1891635622464,394518.9163562246,12.449925044078814,77.11481432504347,5.5,30.654150455029107,22973764.673958708,4734226.996274696,20.60710146317922,4.8526960561959696
Other,Port Harcourt,303.99070557467036,30399.070557467036,8.93759847602071,424.32070110532203,4.8,2.706469957039444,1874717.434476189,364788.84668960446,19.458337559629584,5.139185179286387
Small Manufacturing Plant,Port Harcourt,2924.4271267569784,292442.71267569787,7.3651435056545935,276.0283344197468,4.8,26.036566299474522,17190985.003441095,3509312.5521083744,20.41367932905485,4.898675950967335
Agro-processing Unit,Port Harcourt,3119.592596520566,311959.2596520566,14.544863906975166,148.14787075410612,4.8,27.774150610047773,24843203.506337386,3743511.1158246794,15.068552309969716,6.636337581934637
Retail Store/Trading,Port Harcourt,263.67051789763394,26367.051789763394,17.28476440734653,193.36651040915595,4.8,2.3474939271512993,1944780.0538763744,316404.6214771607,16.269429586471578,6.146496991090113
Retail Store/Trading,Kaduna,882.677198086979,88267.7198086979,16.36189740555382,474.88742546939943,6.0,6.286874630249138,4237303.70342981,1059212.6377043747,24.997326409410164,4.000427820247022
Other,Ibadan,587.0171313093691,58701.713130936914,15.861617511050405,473.0878075828727,5.3,4.733245696737374,3743604.4436341473,704420.557571243,18.816639636409306,5.314445189591916
Agro-processing Unit,Port Harcourt,2991.807475265543,299180.7475265543,10.046424422027433,194.37973234659924,4.8,26.6364625646861,16190299.262820063,3590168.9703186513,22.17481537579255,4.509620409699844
Bakery/Food Processing,Lagos,1007.2116605366102,100721.16605366103,12.117084802810457,371.89348153041556,5.0,8.608646671253078,4649252.2703764,1208653.9926439323,25.996739311073792,3.846636257086409
Small Manufacturing Plant,Lagos,3757.6864668052553,375768.64668052556,11.704308812170423,249.93295155309667,5.0,32.11697834876286,20586097.021225296,4509223.760166307,21.90421892754645,4.565330557130314
Small Manufacturing Plant,Ibadan,4743.521200622454,474352.1200622454,16.81511049355876,140.15614412581968,5.3,38.248034193053165,25289184.071722567,5692225.440746944,22.508537343882836,4.442758695165818
Retail Store/Trading,Kaduna,505.1270479224987,50512.704792249875,7.690423247410336,393.7190737243076,6.0,3.5977709965989937,1822684.2131441073,606152.4575069984,33.25603267619206,3.0069732302010226
Small Manufacturing Plant,Abuja,5051.046783210086,505104.67832100857,17.18295279116947,203.3795594435307,5.5,39.24667275221511,32414486.39583809,6061256.139852103,18.699220051903545,5.347816632053602
Salon/Personal Services,Port Harcourt,767.6372838125296,76763.72838125296,6.759152061848098,381.6576248505235,4.8,6.834377526820954,4399134.090238868,921164.7405750356,20.939683166716506,4.77562144583684
Small Manufacturing Plant,Lagos,2699.964517701655,269996.4517701655,16.72529025314334,341.39498138852974,5.0,23.076619809415856,16895945.64158271,3239957.4212419866,19.175946052218045,5.214866569174207
Other,Ibadan,1437.8921962967534,143789.21962967532,15.978887110925431,132.6708423661828,5.3,11.59403480323136,6140030.108566633,1725470.635556104,28.101989811885602,3.55846687972627
Welding Shop/Technical Services,Port Harcourt,1077.1831238762677,107718.31238762676,16.546573750954224,223.21327510241287,4.8,9.590305590066485,5466462.021037497,1292619.7486515213,23.646368413004925,4.228979192635874
Retail Store/Trading,Kano,303.1831263417322,30318.31263417322,11.621534845045039,379.06834163281036,6.2,2.089765138831901,1788582.9419867585,363819.7516100786,20.341228973477044,4.916123806009467
Other,Kaduna,352.6500258182672,35265.00258182672,9.298747899085052,68.0399308522928,6.0,2.5117523206429286,1867425.0846038773,423180.0309819206,22.661151682648974,4.412838385286801
Small Manufacturing Plant,Kano,3971.1738621842464,397117.38621842465,16.741200348794933,590.4588263214631,6.2,27.372303985278784,24090737.55009077,4765408.634621096,19.781082354629447,5.0553351028639035
Agro-processing Unit,Lagos,3092.618883759069,309261.8883759069,7.939652325415102,548.2171644996181,5.0,26.432640032128795,23776160.072521172,3711142.6605108827,15.608671245446242,6.406695254676117
Bakery/Food Processing,Lagos,1677.6212994401028,167762.1299440103,7.844991745235017,556.9496681984137,5.0,14.338643584958144,9302109.65536814,2013145.5593281235,21.641817113673355,4.620684089268075
Other,Ibadan,1587.697386229275,158769.7386229275,14.78046327267782,440.0493870869226,5.3,12.801946349212022,7931077.492755707,1905236.8634751302,24.022421483277455,4.16277768124301
Salon/Personal Services,Enugu,280.2208837126875,28022.08837126875,8.532080300490312,428.5611491349903,5.1,2.3480885177868904,1980242.6578102156,336265.060455225,16.981002763927545,5.8889337331967395
Agro-processing Unit,Enugu,2049.3068752759923,204930.68752759922,11.264060361636586,480.1010040766678,5.1,17.172003312183612,15445265.149160434,2459168.2503311904,15.921826052075671,6.280686629343206
Retail Store/Trading,Enugu,827.1620144782728,82716.20144782728,11.439141270310316,485.70446605138477,5.1,6.931138046575103,5211221.148999988,992594.4173739273,19.04725186273091,5.250101207285787
Small Manufacturing Plant,Lagos,5435.176286693199,543517.6286693199,13.857309015411122,175.6342187696311,5.0,46.454498176864945,38002394.38613751,6522211.544031839,17.16263316926948,5.826611745047072
Small Manufacturing Plant,Port Harcourt,3459.041231349416,345904.1231349416,9.778093864904825,114.2422592536736,4.8,30.79630725916503,25028107.89624453,4150849.4776192997,16.584751411600454,6.029635146056726
Salon/Personal Services,Port Harcourt,327.5537532404643,32755.37532404643,8.514230691750384,300.4308123947312,4.8,2.916254925573934,1872631.9325258702,393064.50388855714,20.98994987009424,4.764184794098845
Retail Store/Trading,Port Harcourt,926.7500382978119,92675.00382978118,7.253763801047497,446.1473581710676,4.8,8.250979685699892,6020807.139490098,1112100.0459573742,18.470946173697868,5.413907823649951
Bakery/Food Processing,Enugu,1968.381107502317,196838.11075023172,7.149050383960292,557.41482269819,5.1,16.493892303522014,13743086.740526367,2362057.329002781,17.18724020010306,5.818269764996964
Small Manufacturing Plant,Abuja,4489.652707548868,448965.27075488685,10.36470625362821,466.0962209224187,5.5,34.88463642229112,27044159.1673457,5387583.249058642,19.92143004232813,5.019719959236092
Salon/Personal Services,Ibadan,317.28754796106216,31728.754796106216,14.322118044555845,71.84116416473597,5.3,2.5583579097005495,1300836.7992104262,380745.05755327456,29.269240982756394,3.4165559694190137
Agro-processing Unit,Ibadan,3598.52009402318,359852.009402318,11.378050164255821,400.18110289686797,5.3,29.015643396413317,18415714.345519315,4318224.112827816,23.44858326866084,4.26464997284721
Welding Shop/Technical Services,Lagos,1442.4756396133673,144247.56396133674,14.124884551901376,474.7321517413021,5.0,12.328851620627072,6876913.580754186,1730970.7675360409,25.17075061667718,3.972865232463263
Other,Enugu,1104.462417703478,110446.2417703478,13.412723088741531,300.97925810231925,5.1,9.254754631334658,5489817.579147933,1325354.9012441735,24.142057220230623,4.142149075688618
Bakery/Food Processing,Abuja,2319.9553277383375,231995.53277383375,11.97443016617183,512.9947899658504,5.5,18.026070922597803,15542002.477668768,2783946.393286005,17.912404770788488,5.582723329425862
Salon/Personal Services,Enugu,670.8788378756616,67087.88378756616,10.926057856180279,176.54647052161127,5.1,5.621575648363177,2893747.189993109,805054.6054507939,27.820488542840227,3.5944731828131617
Small Manufacturing Plant,Kano,3921.2874639591982,392128.7463959198,15.914608509302642,175.1978947006658,6.2,27.028449572368334,15890573.769877573,4705544.956751037,29.612177791030703,3.376989045037046
Other,Ibadan,1191.541787958174,119154.1787958174,15.673160975528969,244.41261132060833,5.3,9.607658345090904,5993523.800711865,1429850.1455498086,23.856585759782618,4.19171464881533
Welding Shop/Technical Services,Port Harcourt,2284.419274005395,228441.9274005395,8.947578888585774,110.10369495248796,4.8,20.33849068736997,15187841.724835139,2741303.128806474,18.04932641827508,5.540372958114894
Other,Ibadan,1650.4531826578557,165045.31826578558,7.187623480904482,199.25976729377152,5.3,13.307959866617123,9497101.475850591,1980543.819189427,20.85419245256662,4.795198866005121
Agro-processing Unit,Port Harcourt,3637.7735549936,363777.35549936,10.157631444944005,585.1749422327886,4.8,32.38758506938746,19021481.112279832,4365328.26599232,22.949465607986564,4.357399937242954
Bakery/Food Processing,Enugu,2465.5483691155614,246554.83691155614,9.21931224544268,72.53802223743975,5.1,20.659865670484006,11687212.189804925,2958658.042938674,25.315344625295605,3.950173362446663
Agro-processing Unit,Lagos,3262.6582105134476,326265.82105134474,11.411838031780125,105.41406417776696,5.0,27.885967611226047,16584320.734872766,3915189.852616137,23.607779391189965,4.2358918364561795
Salon/Personal Services,Kaduna,609.8898323357278,60988.98323357278,6.374098909343054,528.6081797707332,6.0,4.343944674755895,3045156.6957050376,731867.7988028734,24.033830503209156,4.16080158286243
Welding Shop/Technical Services,Abuja,1277.3050582266073,127730.50582266074,7.5277425449607005,146.6197638827215,5.5,9.924670227090965,6038875.151984056,1532766.0698719288,25.38164859010775,3.9398544048464217
Small Manufacturing Plant,Ibadan,5860.932254722233,586093.2254722232,14.318032323046152,490.7543445050002,5.3,47.25796044768773,41541684.84028694,7033118.705666679,16.93026831411997,5.90658093212848
Small Manufacturing Plant,Ibadan,3891.7224500646353,389172.24500646355,10.035752730059468,178.96620373074347,5.3,31.379797210648565,21512297.237928215,4670066.940077563,21.708824903384997,4.6064216025072495
Bakery/Food Processing,Enugu,1617.1016481310953,161710.16481310953,12.621944802410022,397.47616400901546,5.1,13.550374125449098,7093870.27123092,1940521.9777573142,27.3549121080924,3.655650568528678
Other,Lagos,737.1014567977807,73710.14567977807,17.38384897083589,143.3671740139247,5.0,6.300012451263083,4987761.200455008,884521.7481573368,17.73384315345022,5.638935629164197
Welding Shop/Technical Services,Abuja,2931.3063495328247,293130.6349532825,6.178273470090046,314.6191304992651,5.5,22.77627311214316,14384084.59442733,3517567.6194393896,24.454581008249647,4.089213385674668
Agro-processing Unit,Kano,2333.419595291407,233341.9595291407,11.38948096716301,363.86551843943397,6.2,16.083675181220062,12246039.077708926,2800103.5143496883,22.86538117820175,4.373423701999465
Retail Store/Trading,Port Harcourt,548.4713264101672,54847.13264101672,10.978162203619139,452.9978784773186,4.8,4.8831136610591805,2987673.2666324847,658165.5916922006,22.02936977891304,4.539394499416049
Bakery/Food Processing,Port Harcourt,1965.9896676469898,196598.96676469897,15.999255384430175,187.47743968172256,4.8,17.50346926323887,12747732.847865479,2359187.6011763876,18.506722954830494,5.403441778648268
Bakery/Food Processing,Ibadan,1836.1984665819082,183619.84665819083,13.022337424714246,253.3557959799788,5.3,14.805664139509014,11975724.330018483,2203438.15989829,18.399205753051007,5.435017214447842
Agro-processing Unit,Ibadan,2715.1438547567022,271514.3854756702,9.765385719668744,128.01441868934185,5.3,21.892790314116287,19073075.47439302,3258172.6257080426,17.082576064265957,5.853918028744164
Salon/Personal Services,Enugu,288.97078693077634,28897.078693077634,7.266163756814413,425.68826635456827,5.1,2.421407633071697,1463621.920828836,346764.9443169316,23.692248618452073,4.220789744799389
Small Manufacturing Plant,Ibadan,4812.5458758820305,481254.587588203,17.407276458958474,451.3231275059827,5.3,38.80459503210797,24599892.86693474,5775055.051058436,23.475935778650545,4.25968110250761
Salon/Personal Services,Kaduna,183.82979519148543,18382.979519148543,16.61094208714745,524.4713396201491,6.0,1.3093290255803804,897815.5126632627,220595.7542297825,24.570276534364112,4.069958262787132
Small Manufacturing Plant,Enugu,4051.621122704445,405162.1122704445,13.030356606335058,586.8430828598854,5.1,33.950235651956135,29566239.518658474,4861945.347245334,16.444246635345994,6.081154230869753
Salon/Personal Services,Kano,495.9978365013081,49599.78365013081,16.863861940513075,95.67131679560254,6.2,3.418788506350345,2942054.663510988,595197.4038015697,20.23067114229867,4.942989745452295
Small Manufacturing Plant,Abuja,3168.68154048039,316868.154048039,11.289059321295813,371.61624458551756,5.5,24.62068019021282,13195485.851268081,3802417.848576468,28.816050363246436,3.470288215748868
Bakery/Food Processing,Kano,2187.5873481667604,218758.73481667603,17.859145381718243,263.86832306076406,6.2,15.078490130733114,8334966.095597828,2625104.8178001125,31.495086934865647,3.1750983957214656
Other,Enugu,380.60658143814436,38060.658143814435,15.614058039543899,382.40939549554446,5.1,3.1892624554897298,2226754.7539893477,456727.8977257732,20.510920518190037,4.875451587427066
Agro-processing Unit,Ibadan,1996.357147170504,199635.7147170504,11.937941479457042,458.2706350435484,5.3,16.097058112969712,8735031.708609445,2395628.5766046047,27.425528109341823,3.646237899278136
Other,Lagos,1609.7000380166944,160970.00380166943,11.995420943985144,217.86799157087253,5.0,13.75811998304867,8780877.239275586,1931640.045620033,21.998258180630156,4.545814453984894
Bakery/Food Processing,Port Harcourt,2455.3623894654393,245536.23894654392,13.960351331477915,274.5306356404643,4.8,21.860420134129622,12227716.750903126,2946434.867358527,24.096361793307867,4.150004090151583
Welding Shop/Technical Services,Port Harcourt,1560.9264484093048,156092.64484093047,14.773235796042746,183.20089507657224,4.8,13.897137183131274,10484224.619275777,1873111.7380911657,17.86600159870054,5.597223276151133
Agro-processing Unit,Port Harcourt,1929.2749724342204,192927.49724342205,12.358006667544844,209.49306595427802,4.8,17.176593415546833,15111935.50013449,2315129.9669210645,15.319877238097401,6.527467449368357
Other,Abuja,1369.1387463701456,136913.87463701455,7.415264098490802,410.21760751202686,5.5,10.638218697514727,9560498.08139338,1642966.4956441745,17.184946659230153,5.819046284108732
Retail Store/Trading,Abuja,426.6372223981618,42663.722239816176,6.002915213214153,119.814831720797,5.5,3.3149745330082494,2155053.185689904,511964.6668777941,23.75647479502448,4.209378742545752
Salon/Personal Services,Kaduna,756.8499955928112,75684.99955928112,16.408255669384296,178.48496761993027,6.0,5.3906694842792815,3986966.3995762,908219.9947113735,22.77972532720401,4.3898685591515
Agro-processing Unit,Kano,3445.929761363728,344592.97613637283,13.30285911808769,583.9975912974282,6.2,23.75192832481202,20011167.33574959,4135115.7136364738,20.66404045429756,4.839324633590849
Retail Store/Trading,Abuja,498.8845276272473,49888.45276272473,14.177527350206056,84.94464733315522,5.5,3.8763366560003667,2120297.343388346,598661.4331526968,28.234786739675133,3.5417303102729436
Small Manufacturing Plant,Ibadan,3886.865713857421,388686.5713857421,17.565811934258164,346.4394809475663,5.3,31.340636299447027,24314873.11445232,4664238.856628905,19.182657604972515,5.213042012180735
Bakery/Food Processing,Abuja,1289.395155669236,128939.5155669236,7.443251557543283,436.94058709984176,5.5,10.01861037816034,6647723.3300417075,1547274.1868030832,23.275249434807264,4.296409380277306
Welding Shop/Technical Services,Kaduna,2289.712086859454,228971.20868594537,10.487264563245295,573.0177435262088,6.0,16.308490647147107,9499018.41432329,2747654.5042313444,28.925667730975626,3.4571371326689557
Retail Store/Trading,Abuja,217.76225039028026,21776.225039028024,9.64468621958191,556.5882174647697,5.5,1.692014377546855,1118593.154185306,261314.7004683363,23.36101374218199,4.280636153192027
Welding Shop/Technical Services,Lagos,1641.8708766388809,164187.0876638881,9.027034006262046,343.821225462186,5.0,14.03308441571693,7442925.055546769,1970245.051966657,26.471381039882306,3.7776646352276835
Other,Lagos,1700.4629748649145,170046.29748649144,7.237761130540333,568.6613903051549,5.0,14.533871580042003,11309719.067397064,2040555.5698378973,18.042495641826157,5.54247050880144
Other,Abuja,1651.6238980079788,165162.3898007979,8.175003066618624,441.60437865898945,5.5,12.833130520652514,7713957.122801034,1981948.6776095745,25.693021701550556,3.8921074041658974
Other,Kaduna,954.4298284838471,95442.98284838471,10.827536136915825,480.8095508413765,6.0,6.797933251309452,4245732.541293143,1145315.7941806165,26.975693429614438,3.7070409426516564
Salon/Personal Services,Enugu,775.8101251874759,77581.0125187476,7.519870474166327,281.3466302833507,5.1,6.50083899101287,3565271.505382659,930972.1502249711,26.112237141531537,3.8296220832396592
Other,Kano,1117.6007337433161,111760.07337433161,10.51574180345997,249.75401804392376,6.2,7.703341147941247,6515976.226358792,1341120.8804919794,20.58204072425559,4.85860470979205
Agro-processing Unit,Port Harcourt,1630.6716689039913,163067.16689039912,14.22646344675148,289.91792941602495,4.8,14.518088220299067,10124591.141521009,1956806.0026847895,19.32725949455792,5.1740392903690005
Salon/Personal Services,Kano,276.6159717185524,27661.59717185524,15.79240202762482,491.40841148339535,6.2,1.9066444149335011,1389674.4670879827,331939.16606226284,23.886109583478962,4.186533585576694
Salon/Personal Services,Ibadan,466.154558257781,46615.4558257781,9.581407933773127,400.9509991880488,5.3,3.7587047109964598,2735484.0789158237,559385.4699093372,20.449231425651103,4.890159337458621
Retail Store/Trading,Lagos,430.52170862192247,43052.170862192244,8.832095163884544,451.78305971447963,5.0,3.6796727232642947,2444028.48829838,516626.05034630693,21.13829903455833,4.730749614077897
Welding Shop/Technical Services,Enugu,1080.6504794419013,108065.04794419013,7.1372216524151275,53.733495712974374,5.1,9.055224396194916,5224972.833006572,1296780.5753302816,24.818896035945198,4.02918807730892
Small Manufacturing Plant,Lagos,3035.3011526639916,303530.11526639917,6.827880104525514,597.6913022789553,5.0,25.94274489456403,20703687.970033742,3642361.38319679,17.592814325972732,5.684138884610825
Salon/Personal Services,Kano,337.7264804701582,33772.64804701582,7.791216152030968,182.54794189775487,6.2,2.3278638025238365,1282239.7736659155,405271.7765641898,31.606551667440506,3.163900986484869
Retail Store/Trading,Ibadan,948.9004572321077,94890.04572321077,12.241922676292749,250.64995296932128,5.3,7.651188979455794,4143497.689502112,1138680.5486785292,27.481143565337778,3.638858760089261
Small Manufacturing Plant,Port Harcourt,5556.870102682267,555687.0102682267,10.73988324658839,234.2547134767327,4.8,49.47355860650166,38790140.1579096,6668244.123218721,17.190564653989824,5.817144579761702
Retail Store/Trading,Enugu,365.82601803978844,36582.60180397885,10.533561886912938,224.1763958093093,5.1,3.065409904808014,1788773.380797649,438991.22164774616,24.54146659159202,4.0747361053907145
Retail Store/Trading,Abuja,741.8431674385129,74184.31674385129,9.474992456048724,367.4598605324088,5.5,5.764127175124419,3589374.448626429,890211.8009262155,24.80130768376309,4.032045458049294
Small Manufacturing Plant,Kano,2730.6225776119045,273062.25776119047,8.295469880358173,274.07289938624183,6.2,18.821495572180204,12988544.45247077,3276747.093134286,25.227977662354313,3.9638532005370366
Small Manufacturing Plant,Ibadan,5779.3223886804335,577932.2388680433,10.527023828588344,415.2407666599088,5.3,46.59992250185803,31675855.865210902,6935186.8664165195,21.894236720635313,4.567412021527566
Welding Shop/Technical Services,Lagos,1510.1744448427962,151017.4444842796,7.524402911678781,82.19513004402756,5.0,12.907473887545267,10112123.565387093,1812209.3338113553,17.92115495912637,5.579997507307691
Salon/Personal Services,Port Harcourt,348.5187740527884,34851.877405278836,7.891932321562896,145.70574640886832,4.8,3.1029093131480447,2325235.5837692195,418222.52886334603,17.986243277139476,5.55980470513818
Small Manufacturing Plant,Kaduna,5162.657579354325,516265.75793543254,6.190056851338491,356.79556915448893,6.0,36.77106538001656,27863586.055567577,6195189.095225191,22.233997744835488,4.497616719567581
Agro-processing Unit,Abuja,2448.653451483662,244865.3451483662,12.078599998902567,359.5566304680316,5.5,19.026056344084395,14947283.34315748,2938384.1417803946,19.65831565724295,5.086905803303438
Salon/Personal Services,Port Harcourt,353.6890013972308,35368.90013972308,9.541306322211422,453.37101713419815,4.8,3.1489405395052597,1943038.3016562108,424426.80167667696,21.8434603844352,4.578029224309904
Salon/Personal Services,Ibadan,716.3300422787522,71633.00422787522,8.310979589502335,103.69031829433192,5.3,5.775923579090083,3632670.819926862,859596.0507345027,23.662921672374633,4.226020834812862
Other,Port Harcourt,1826.252870866444,182625.2870866444,10.198745563768783,353.2245648645478,4.8,16.25937385030666,10978314.576603802,2191503.445039733,19.962111941209155,5.009489992567527
Small Manufacturing Plant,Kaduna,3758.401005820012,375840.1005820012,7.509628036152616,374.13240472125045,6.0,26.76923793319097,16676830.19275164,4510081.206984014,27.0439955006813,3.6976784734889034
Other,Port Harcourt,1192.7394480083703,119273.94480083704,8.435922710294367,298.5279745587528,4.8,10.619119017168538,9493228.49063145,1431287.3376100445,15.076929192450535,6.632650370877443
Welding Shop/Technical Services,Abuja,2593.8950080312916,259389.50080312917,13.085113237294696,103.30452988684718,5.5,20.1545843669875,16640043.475561513,3112674.00963755,18.705924742378198,5.345899835331338
Other,Kaduna,1231.6365452895297,123163.65452895297,14.432859591475042,485.98687317941324,6.0,8.772340066164741,4963932.800630464,1477963.8543474358,29.774050409379456,3.3586293643305543
Retail Store/Trading,Enugu,703.2940629074135,70329.40629074135,7.831897974489404,440.59529662458834,5.1,5.893196437970618,2959785.202791903,843952.8754888962,28.513990633266665,3.507050320881151
Agro-processing Unit,Ibadan,3193.3546152037907,319335.46152037906,6.293122595287599,276.4612171746337,5.3,25.748706782807535,13314998.923127407,3832025.5382445487,28.77976603954909,3.4746634097921514
Small Manufacturing Plant,Kaduna,3665.3258643683066,366532.58643683064,14.03294477104372,168.8746967710064,6.0,26.10630957527284,15601793.191210842,4398391.037241967,28.191573771915973,3.5471591905102695
Retail Store/Trading,Abuja,672.6975383794068,67269.75383794068,16.958471541770066,488.7913047147342,5.5,5.2268651000730895,2852386.6033098022,807237.046055288,28.300407985320103,3.533517963835422
Small Manufacturing Plant,Lagos,5725.102076757856,572510.2076757855,17.74207160319228,55.86856985338952,5.0,48.93249638254578,34905274.34233472,6870122.492109426,19.682190217817674,5.080735370064309
Bakery/Food Processing,Kano,1858.6601698417119,185866.01698417118,10.954072773106876,522.919969684317,6.2,12.811277707759247,10802444.881996,2230392.203810054,20.6471056152053,4.84329386712471
Other,Kaduna,728.084993415524,72808.4993415524,17.772353869380915,387.539383249061,6.0,5.18579055139262,4121148.2094356064,873701.9920986288,21.20045064378509,4.7168808663656865
Small Manufacturing Plant,Abuja,5277.380907800909,527738.0907800909,7.02719463387322,150.90183661737578,5.5,41.00529065890372,24039090.24960351,6332857.08936109,26.343996480755095,3.7959312693141425
Small Manufacturing Plant,Abuja,5154.412855619711,515441.28556197113,6.263838264471883,499.28289224158056,5.5,40.049827937993086,26421660.56883709,6185295.426743654,23.409942045954796,4.271689344796129
Agro-processing Unit,Enugu,1534.8725467297786,153487.25467297787,13.88542606873528,250.80165612749323,5.1,12.861341936733522,9043551.406954259,1841847.0560757346,20.366413294885476,4.910044716862961
Small Manufacturing Plant,Enugu,4640.231984517197,464023.1984517197,14.352376883869365,238.3613705524673,5.1,38.882453364481286,32042343.145818,5568278.381420637,17.377875132541234,5.7544434654581735
Welding Shop/Technical Services,Abuja,1215.9248962216711,121592.48962216711,6.835750412979188,373.9148124094013,5.5,9.447745891388275,7894996.016942702,1459109.8754660054,18.48145169845239,5.410830362875329
Retail Store/Trading,Kaduna,616.5242829872892,61652.42829872892,14.90641210945359,330.3545305021654,6.0,4.391198596775564,3793500.8082719664,739829.139584747,19.502543349180346,5.127536353057398
Retail Store/Trading,Kano,537.9566320247034,53795.663202470336,10.77704613883477,64.54579642871711,6.2,3.7079999450282832,2609312.516862372,645547.958429644,24.740154897424784,4.042011879659212
Agro-processing Unit,Kaduna,2338.8930042416428,233889.30042416428,17.71224189029393,530.4555669248989,6.0,16.658782081493182,12955699.722970182,2806671.6050899713,21.66360493917439,4.616036909866722
Agro-processing Unit,Ibadan,2323.4451675855444,232344.51675855444,13.053544860796466,516.0132100445217,5.3,18.73443934515033,10205026.58203416,2788134.2011026535,27.32118509138559,3.6601633371873805
Agro-processing Unit,Kano,2603.1858418751717,260318.58418751718,6.2154943650018115,90.98075400025203,6.2,17.94310616125704,13028769.008724874,3123823.010250206,23.97634809672579,4.170776950542188
Retail Store/Trading,Kaduna,608.3141770789653,60831.41770789653,17.63327250811054,431.26524822037726,6.0,4.332722058966989,2597366.0249954956,729977.0124947584,28.10451070314683,3.5581476958004155
Retail Store/Trading,Kano,256.7329531508556,25673.29531508556,8.272330509502353,474.2277287692675,6.2,1.7695957619992804,1190383.629050289,308079.54378102673,25.88069394291137,3.8638840295621066
Small Manufacturing Plant,Port Harcourt,5445.039159846857,544503.9159846856,13.41233503426309,404.4327432963991,4.8,48.47791274792429,36533934.461750224,6534046.991816228,17.884870841538163,5.591317985240739
Small Manufacturing Plant,Kaduna,2599.181076341846,259918.10763418462,15.942363114978102,483.55136449395627,6.0,18.512685728930528,11159342.826161873,3119017.2916102153,27.94982948546053,3.5778393586272106
Agro-processing Unit,Enugu,2147.587860258368,214758.7860258368,14.504120639586084,168.17003353374895,5.1,17.99554097752948,9373409.827163283,2577105.4323100415,27.493788064636053,3.6371852348940314
Retail Store/Trading,Abuja,232.26412884121038,23226.412884121037,8.413638511084528,148.2458822148647,5.5,1.8046940857902902,909734.6349494299,278716.95460945246,30.6371708740039,3.264008952107634
Other,Enugu,874.1715944492403,87417.15944492402,11.021393966105498,329.69639032373937,5.1,7.3250510679507315,3727453.4257776416,1049005.9133390882,28.142696729208332,3.553319746227925
Welding Shop/Technical Services,Lagos,1953.5077510166564,195350.77510166564,9.248095271583473,66.04386771574096,5.0,16.696647444586805,8404088.771702304,2344209.3012199877,27.893676101009966,3.585041987218717
Salon/Personal Services,Lagos,543.3160544541479,54331.60544541479,10.748937958168252,214.26968656315233,5.0,4.643726961146563,2526846.9811479454,651979.2653449775,25.802087352704817,3.8756554317888186
Salon/Personal Services,Ibadan,713.511677839833,71351.1677839833,14.960919693577917,521.7710516048433,5.3,5.753198498950435,3427729.6947473935,856214.0134077996,24.979041221361488,4.003356218271595
Retail Store/Trading,Lagos,595.9862357699687,59598.62357699688,7.571175025521329,432.92178986669984,5.0,5.093899451025374,2997701.785371973,715183.4829239625,23.857726155879718,4.191514285419656
Retail Store/Trading,Abuja,364.85902394974016,36485.902394974015,11.2947560291006,85.75043392188867,5.5,2.8349574510469315,2536489.268458679,437830.82873968815,17.261292376992397,5.793308972234904
Welding Shop/Technical Services,Kano,2650.616804845965,265061.68048459647,7.511287692570007,546.7036288771203,6.2,18.270035875695925,11371314.945987713,3180740.165815158,27.971612614049175,3.5750530861339564
Salon/Personal Services,Enugu,711.7498914700121,71174.98914700121,11.574993173270952,459.40251236719484,5.1,5.964051378163332,3286003.3285221765,854099.8697640145,25.992057352788233,3.8473291530065334
Salon/Personal Services,Port Harcourt,552.6392979817997,55263.92979817997,15.636907708052938,287.49280543225166,4.8,4.92022167006588,3533826.2959091305,663167.1575781596,18.766263592125707,5.328711254059111
Bakery/Food Processing,Kano,2135.874423215395,213587.4423215395,11.549481804781776,567.5311833135366,6.2,14.722045927870104,12413378.588943327,2563049.307858474,20.64747554015148,4.843207093551852
Other,Lagos,1126.832571402751,112683.2571402751,11.551431263204755,481.789523859932,5.0,9.631047618826932,7427696.520326198,1352199.0856833013,18.204824092946616,5.493049506517592
Small Manufacturing Plant,Kano,5375.521921162933,537552.1921162932,12.65386937185405,148.88879742229147,6.2,37.05212242323499,22914249.13720705,6450626.305395519,28.151157241811188,3.55225183607998
Welding Shop/Technical Services,Port Harcourt,1935.516461915159,193551.6461915159,17.61687003491614,464.14240617155184,4.8,17.232162232150632,12487225.42716483,2322619.7542981906,18.599966564594414,5.3763537505681835
Agro-processing Unit,Abuja,3527.90650969783,352790.650969783,6.393905985830882,307.32270444878793,5.5,27.41186099221313,21544143.53380045,4233487.811637396,19.650295241467862,5.088982062161121
Agro-processing Unit,Enugu,3116.5528341438885,311655.28341438883,15.960392203536896,77.10050947052432,5.1,26.114905598658357,20663204.83298624,3739863.400972666,18.099144983562468,5.525122876844149
Agro-processing Unit,Port Harcourt,3631.0972141046827,363109.7214104683,12.580811240902941,158.52268381683297,4.8,32.32814471247046,24783253.011951312,4357316.65692562,17.581697829677065,5.687732832673577
Salon/Personal Services,Kano,356.21589069230504,35621.589069230504,9.383154621018729,341.97246885866167,6.2,2.4553066631672524,2082895.9869064584,427459.068830766,20.522343483201638,4.872737856758611
Salon/Personal Services,Kaduna,183.59569194223567,18359.569194223568,7.902433901999082,496.9811738566803,6.0,1.307661623520197,1108952.2182769133,220314.8303306828,19.866936257452764,5.03348874250737
Retail Store/Trading,Kaduna,306.08319259744883,30608.319259744883,8.800755233497524,299.35383308228654,6.0,2.1800797193550485,1594891.0004600831,367299.8311169386,23.029776392931083,4.342204556996683
Welding Shop/Technical Services,Abuja,2034.241776226661,203424.1776226661,15.163325755369904,296.0328346664033,5.5,15.806074407355561,10620773.905536788,2441090.131471993,22.984107873715416,4.350832346830386
Other,Ibadan,1642.769855760416,164276.9855760416,13.42015568454549,112.20485668310235,5.3,13.246007545237992,10022301.762961349,1971323.826912499,19.669372101703914,5.084046378447293
Retail Store/Trading,Enugu,325.0651507142709,32506.51507142709,11.24440470539725,268.28916619897177,5.1,2.723857472048524,2253405.8854853474,390078.1808571251,17.310604510696418,5.776805768868954
Retail Store/Trading,Kaduna,794.8354157098356,79483.54157098357,12.968845677568222,263.47319455123716,6.0,5.661220909614213,2843409.5804512054,953802.4988518028,33.54432317487124,2.9811303533741325
Welding Shop/Technical Services,Kaduna,1341.5205669007712,134152.05669007712,8.72204522790594,366.52556015798245,6.0,9.554989792740535,8568903.414596684,1609824.6802809255,18.786822565168286,5.322879888449314
Bakery/Food Processing,Ibadan,1519.8459683296473,151984.59683296474,12.179130106328065,143.87258941622852,5.3,12.254845737216959,7023956.855085285,1823815.161995577,25.965637312751287,3.8512438110229503
Bakery/Food Processing,Kaduna,1926.9406289857618,192694.06289857617,16.230464890271605,191.8667287327953,6.0,13.724648354599443,9443924.96421582,2312328.754782914,24.484827691289468,4.084161884282944
Welding Shop/Technical Services,Kano,1983.0284516636532,198302.84516636532,17.706327948250824,233.2829573029002,6.2,13.668517036556748,11601999.83311189,2379634.1419963837,20.51055142411701,4.875539322771038
Retail Store/Trading,Lagos,676.0370759390089,67603.7075939009,7.082348402402932,383.3082513636937,5.0,5.778094666145376,3409169.224826494,811244.4911268107,23.79595841764347,4.202394299271224
Bakery/Food Processing,Enugu,952.3740146178504,95237.40146178505,17.510825223885867,443.61445863977127,5.1,7.980342002830991,5512166.582232069,1142848.8175414205,20.733205364752255,4.823180894643828
Small Manufacturing Plant,Lagos,5258.559258474972,525855.9258474972,14.449252329259643,374.35096984205614,5.0,44.94495092713651,24856035.2963906,6310271.110169966,25.387279326426988,3.9389805703167498
Salon/Personal Services,Lagos,442.4433077055785,44244.33077055785,16.30048055713275,576.2596171486847,5.0,3.781566732526312,2488386.3618218475,530931.9692466941,21.336396043336997,4.686827137858098
Other,Enugu,1148.3614939369381,114836.1493936938,17.178420589863144,370.83310049368464,5.1,9.622603435033836,5493103.411819889,1378033.7927243258,25.086616606545498,3.986189192762981
Bakery/Food Processing,Port Harcourt,1715.2531177239364,171525.31177239364,11.453792795464281,165.10826884156592,4.8,15.271128184864105,9856766.477655213,2058303.7412687237,20.8821396543663,4.788781305707375
Agro-processing Unit,Abuja,1509.299152045148,150929.9152045148,8.898074722272735,330.34774438196087,5.5,11.727266138656937,7615518.774765797,1811158.9824541777,23.782476755956484,4.204776526269676
Welding Shop/Technical Services,Enugu,1759.919904519505,175991.9904519505,11.381822736031605,589.3565207602272,5.1,14.747108299979093,13232113.02782249,2111903.885423406,15.960443211018626,6.265490167025117
Retail Store/Trading,Ibadan,480.21789653546205,48021.789653546206,11.426195272321294,123.43355324405076,5.3,3.8721004397311884,3476856.607152575,576261.4758425545,16.57420886029846,6.033470486759587
Small Manufacturing Plant,Enugu,2667.8520635294567,266785.20635294565,15.304914175109936,363.8757462895882,5.1,22.355053322686917,12203948.013411773,3201422.476235348,26.23267874229782,3.8120392119451774
Bakery/Food Processing,Abuja,2093.1981702746216,209319.81702746215,7.798353586638619,364.50582415048,5.5,16.264166047199854,12854993.732431618,2511837.8043295457,19.539782411503463,5.1177642562246755
Retail Store/Trading,Enugu,402.9139794731004,40291.39794731004,8.736741802800239,56.33930772914189,5.1,3.376185515946878,1757973.6935632562,483496.7753677205,27.503072266554547,3.6359574316214207
Small Manufacturing Plant,Port Harcourt,2956.1925324917515,295619.25324917515,9.711217337996345,114.28331832501648,4.8,26.319377960218585,13477543.005325366,3547431.038990102,26.32105152688743,3.7992403114232807
Welding Shop/Technical Services,Kano,2971.716880821875,297171.6880821875,9.703591782287408,121.6781706862805,6.2,20.483298048124308,11104683.244217837,3566060.25698625,32.11312001036214,3.1139920371403456
Other,Ibadan,638.4399318075282,63843.99318075282,13.052438740097717,85.22393812563368,5.3,5.147878824443865,4562020.679828099,766127.9181690338,16.793609059174678,5.954646178057125
Small Manufacturing Plant,Ibadan,5518.519455494049,551851.945549405,17.537996150845768,185.71108136705948,5.3,44.49701221975527,38994752.82499469,6622223.346592859,16.982344717795403,5.888468386536303
Bakery/Food Processing,Enugu,1565.161956604461,156516.1956604461,6.265613412353964,402.39062359997183,5.1,13.115149627991126,7574931.766000081,1878194.3479253533,24.79486820403569,4.033092621307972
Retail Store/Trading,Kaduna,531.140846442071,53114.084644207105,9.240701593218668,163.76041083913466,6.0,3.7830544618381126,2136173.331067959,637369.0157304853,29.836952201432034,3.3515487548758576
Bakery/Food Processing,Enugu,1911.8392320198927,191183.92320198927,10.994604372387773,148.8126089664516,5.1,16.02010417311792,9551410.943869121,2294207.078423871,24.019562051159376,4.163273243159452
Agro-processing Unit,Port Harcourt,3222.77270371706,322277.270371706,12.780867396440325,522.2696302112229,4.8,28.69277692055787,20263378.417503823,3867327.244460472,19.085303372313348,5.239633766842183
Small Manufacturing Plant,Enugu,2911.165646067725,291116.5646067725,15.427999223333474,420.4342327494925,5.1,24.393880057547552,17755862.613614198,3493398.77528127,19.674621567542026,5.082689883345651
Salon/Personal Services,Port Harcourt,224.75710893826357,22475.710893826355,14.337848758460648,292.85100888390673,4.8,2.0010426365586143,1177888.479195555,269708.53072591627,22.89762872204295,4.367264454058189
Retail Store/Trading,Port Harcourt,955.9878284446745,95598.78284446745,7.699336207414792,403.5583649486559,4.8,8.511287646409139,6831577.498909205,1147185.3941336095,16.792393767278202,5.955077125148222
Salon/Personal Services,Lagos,398.2870295509149,39828.70295509149,17.481776047090534,231.48619240965206,5.0,3.4041626457343153,2123589.057326826,477944.43546109786,22.50644651855262,4.443171422799575
Welding Shop/Technical Services,Enugu,2924.3718189836004,292437.18189836,16.81783021320899,198.71077942086097,5.1,24.50454012890565,21290831.692675382,3509246.1827803203,16.48242883807867,6.06706699494277
Salon/Personal Services,Abuja,672.302154937178,67230.2154937178,17.94725042164207,188.9646511942053,5.5,5.22379296765484,3984129.866102589,806762.5859246135,20.249404839652378,4.93841674813968
Other,Port Harcourt,1042.5211878496434,104252.11878496435,12.242168838801117,212.21212469212537,4.8,9.281705732279589,6260886.218721746,1251025.4254195723,19.981602950691986,5.004603496864944
Small Manufacturing Plant,Port Harcourt,2553.4269387611043,255342.69387611042,8.64155093037032,205.06528638796715,4.8,22.733501947659402,18549737.38550617,3064112.326513325,16.51835960172389,6.053869900590116
Bakery/Food Processing,Ibadan,1554.1194922409181,155411.9492240918,8.053229740960823,530.2898961804199,5.3,12.531200550241236,10365381.159907145,1864943.3906891015,17.992038709609865,5.5580138312279335
Bakery/Food Processing,Lagos,1998.3489256432713,199834.89256432714,7.022405730715944,407.55084812696225,5.0,17.079905347378386,10524512.005271295,2398018.7107719257,22.785082192607664,4.388836483216363
Small Manufacturing Plant,Kaduna,4787.797667419672,478779.7667419672,17.474654083723532,51.661479245888685,6.0,34.1011229873196,21684420.469633993,5745357.200903606,26.495322800760007,3.7742510537418905
Retail Store/Trading,Enugu,398.3459598446458,39834.59598446458,17.133497752503786,562.6736534690557,5.1,3.337908160253442,2918607.0182315093,478015.15181357495,16.378195105664545,6.105678883103188
Agro-processing Unit,Enugu,3301.4660484265933,330146.6048426593,15.18915985257048,100.31562686130592,5.1,27.664371111333946,15655168.444686195,3961759.258111912,25.306398152851845,3.9515698518609903
Retail Store/Trading,Lagos,611.100667822587,61110.0667822587,8.778995895467993,149.66992398748948,5.0,5.223082630962281,2699603.3597719087,733320.8013871044,27.164020178470338,3.6813402192676183
Agro-processing Unit,Abuja,3525.7582478083314,352575.82478083315,7.620457640166569,307.7584003480119,5.5,27.395168980639713,18673153.406098846,4230909.897369998,22.657715091593143,4.413507699066431
Retail Store/Trading,Lagos,950.8625916688264,95086.25916688265,8.22998466678411,587.896383056029,5.0,8.127030698024157,6668098.330948416,1141035.1100025917,17.111851885967916,5.843902849696947
Agro-processing Unit,Abuja,3985.7199644026477,398571.99644026475,12.667405856188836,143.57850709743684,5.5,30.96907509248366,25043676.558566693,4782863.9572831765,19.09809027479674,5.236125631470464
Small Manufacturing Plant,Ibadan,3606.367107793135,360636.71077931346,11.093913992118422,220.12832339702263,5.3,29.078915560338128,25235039.185489412,4327640.529351762,17.14933152091252,5.831131078086417
Welding Shop/Technical Services,Lagos,1561.2711597530315,156127.11597530314,17.66675651059629,134.3506550786601,5.0,13.344197946607107,9518153.05754471,1873525.3917036378,19.683707336672413,5.080343773131169
Bakery/Food Processing,Enugu,2046.657444818666,204665.7444818666,6.0049234732700985,377.9004681713073,5.1,17.14980262123903,9261337.057309575,2455988.933782399,26.518729623861304,3.7709197015991647
Bakery/Food Processing,Kaduna,2357.103106721889,235710.3106721889,9.455209129118629,152.03928639174555,6.0,16.78848366611032,12347519.925078938,2828523.728066267,22.907626351112643,4.36535843859453
Other,Port Harcourt,1407.8556512933258,140785.56512933256,14.551216887580718,428.4167854235897,4.8,12.53432737974827,10169829.87437951,1689426.7815519907,16.6121439829402,6.019692587705401
Retail Store/Trading,Kaduna,455.45350401709925,45545.350401709926,9.026428825911971,575.7553399791243,6.0,3.2439708263326157,1743086.8929390192,546544.2048205191,31.35496038863506,3.189288034828648
Retail Store/Trading,Kano,938.6396066159435,93863.96066159435,11.487799318713844,515.4066263849054,6.2,6.469807048634846,3681727.552565487,1126367.5279391322,30.593451358296765,3.268673378130663
Agro-processing Unit,Kaduna,2630.80869408574,263080.869408574,11.092668216870125,136.21962117961206,6.0,18.737953661579347,9461097.566471728,3156970.4329028884,33.36790906892845,2.9968914082518303
Agro-processing Unit,Abuja,2566.015141229932,256601.5141229932,12.449003263197683,62.37738008577756,5.5,19.937957585314155,14703466.772426216,3079218.169475918,20.942123494647223,4.775064955832194
Welding Shop/Technical Services,Ibadan,1888.2260103508129,188822.6010350813,15.376274620742404,424.02533100584844,5.3,15.225173442596459,13012860.68725491,2265871.2124209753,17.412552603750083,5.742983368128539
Retail Store/Trading,Port Harcourt,708.125591091148,70812.5591091148,16.91466514124643,59.91760540387651,4.8,6.304536957720334,4843557.143629169,849750.7093093775,17.5439389711149,5.699974228401292
Welding Shop/Technical Services,Lagos,2114.0951723844682,211409.51723844683,15.448186180916485,347.73446048569696,5.0,18.069189507559557,16132462.132460514,2536914.206861362,15.725524015065101,6.359088568635276
Bakery/Food Processing,Abuja,1350.6224393866446,135062.24393866447,7.635006781103734,538.1596894989052,5.5,10.494346848381076,5511772.229171666,1620746.9272639737,29.4051869321811,3.4007605607349425
Welding Shop/Technical Services,Kano,1941.524784775206,194152.4784775206,16.537382363828417,372.2186673382426,6.2,13.382442685244044,11524965.449323252,2329829.741730247,20.21550304835886,4.946698568953901
Retail Store/Trading,Enugu,739.3536932920006,73935.36932920005,15.6511338525414,412.5355495300739,5.1,6.195355231204966,5115054.504730138,887224.4319504006,17.34535636189099,5.765231795393221
Other,Lagos,976.6932291541941,97669.32291541941,12.163600607143811,491.6750385717339,5.0,8.347805377386274,5223193.51054266,1172031.874985033,22.438990104796357,4.456528548431638
Retail Store/Trading,Port Harcourt,498.92023709838736,49892.02370983874,10.657457481221964,102.62956383190064,4.8,4.4419536778702575,3950720.777910261,598704.2845180648,15.154305205916128,6.59878487606022
Salon/Personal Services,Enugu,744.479882894136,74447.98828941361,7.092435779345301,406.51504759670576,5.1,6.238309727619709,3837652.805956515,893375.8594729633,23.27922573105969,4.295675515813125
Small Manufacturing Plant,Enugu,3946.180675809792,394618.0675809792,10.867432683065308,423.75351011497617,5.1,33.06670584724142,28295904.0081767,4735416.81097175,16.73534377839051,5.975377699090046
Agro-processing Unit,Lagos,1667.7343315746969,166773.4331574697,13.124469395417215,474.61748228479513,5.0,14.25413958610852,12148795.056207042,2001281.1978896363,16.473083862478568,6.070508766593132
Bakery/Food Processing,Enugu,2207.96168840721,220796.16884072102,8.046364672725304,543.5804775429956,5.1,18.50143864929789,14857821.688950205,2649554.026088652,17.83272192625068,5.607668891690331
Agro-processing Unit,Kaduna,3140.3652296186056,314036.5229618606,16.58225760984819,316.90439441060903,6.0,22.367273715232233,16224956.184905577,3768438.275542327,23.226184604727536,4.305485455396134
Bakery/Food Processing,Ibadan,1721.4566866652435,172145.66866652435,17.028459324344055,544.9502488450695,5.3,13.880476428521556,7606516.349226774,2065748.0239982922,27.157609727720917,3.682209185660614
Retail Store/Trading,Kano,558.5286986952017,55852.86986952017,9.29295157962818,266.2437390103453,6.2,3.849798033465685,2744092.511662422,670234.438434242,24.42462983976446,4.094227861631509
Salon/Personal Services,Ibadan,402.04681354433734,40204.681354433735,9.442402499793527,197.7187823831316,5.3,3.2417901430764178,2083558.505405705,482456.1762532048,23.15539376511351,4.318648217101904
Other,Port Harcourt,1763.806992015523,176380.6992015523,6.83834304821594,422.6861501547768,4.8,15.703409829198032,12827908.412722958,2116568.3904186278,16.499715482216697,6.060710568480982
Other,Port Harcourt,593.7940874759689,59379.40874759689,10.134070720728758,83.84866877416027,4.8,5.286628271687757,4246493.054507249,712552.9049711627,16.779796783485974,5.959547740078481
Other,Abuja,758.9551826542854,75895.51826542855,15.221052853406906,536.7584285009923,5.5,5.897087666311463,5096528.547562109,910746.2191851425,17.869932654861554,5.595991990087035
Small Manufacturing Plant,Port Harcourt,3275.345031658285,327534.5031658285,11.562574071107061,308.6782263654635,4.8,29.16083539581806,14753401.668134741,3930414.0379899414,26.64073090668357,3.7536507669507
Retail Store/Trading,Ibadan,898.8602446077873,89886.02446077873,15.153588634509665,332.1924701024274,5.3,7.247703955876369,5969508.212050459,1078632.2935293447,18.069031069459683,5.534331067094141
Welding Shop/Technical Services,Abuja,2341.4944009435467,234149.44009435468,16.1682606469124,55.246424714049716,5.5,18.193429688761043,15926252.196018118,2809793.281132256,17.642526606697594,5.668122385715277
Other,Kaduna,984.9130527850826,98491.30527850827,16.886918007324944,457.17216696417324,6.0,7.015050233511984,5722318.03668689,1181895.6633420992,20.65414148190885,4.841643991234925
Bakery/Food Processing,Kano,1722.830336367927,172283.0336367927,12.3557343244216,241.2735536824408,6.2,11.875036782243775,6555943.991043875,2067396.4036415126,31.534686789054305,3.1711112486682445
Salon/Personal Services,Ibadan,488.3383468669844,48833.83468669844,13.864598393561439,280.09967113583616,5.3,3.9375773816076793,2096805.7967313589,586006.0162403813,27.947558002457196,3.5781301533109913
Small Manufacturing Plant,Enugu,4999.53601237261,499953.60123726097,16.33478672712463,135.07666650167363,5.1,41.89321277335855,21295916.013309553,5999443.214847132,28.17180163134373,3.5496487341704395
Agro-processing Unit,Kaduna,2628.8675570435607,262886.75570435607,10.896241095420972,428.1056422273505,6.0,18.72412789917066,14071146.359344428,3154641.0684522726,22.419218647081475,4.460458750778897
Other,Kano,724.7746909384799,72477.46909384799,13.683010979427316,532.6190829523184,6.2,4.995689901698924,3756104.6741584307,869729.6291261759,23.15509562632309,4.318703822856096
Small Manufacturing Plant,Lagos,3963.4605992776796,396346.05992776796,16.93218839975064,596.2400564134132,5.0,33.87573161775794,30310835.4539753,4756152.719133215,15.691262374984916,6.372973544781232
Other,Enugu,480.3564849115185,48035.64849115185,8.796638255818303,572.7088633151512,5.1,4.025108806029148,2653421.2371210493,576427.7818938221,21.72394544181925,4.6032153904924185
Agro-processing Unit,Kaduna,3895.819216203467,389581.9216203467,7.172487304641102,58.249175207425175,6.0,27.748000115409308,17557894.31036098,4674983.059444161,26.62610320353413,3.7557129271070666
Retail Store/Trading,Kano,328.8800186051378,32888.00186051378,17.95215340058698,148.9997891358778,6.2,2.2668873628697117,1699644.0720329117,394656.02232616534,23.21992167772661,4.306646740153462
Retail Store/Trading,Kaduna,602.0380853776185,60203.80853776185,16.181012717166134,61.220885878513485,6.0,4.288020551122639,3560101.0575203765,722445.7024531421,20.29284255645058,4.92784585115763
Bakery/Food Processing,Enugu,1827.631269839381,182763.1269839381,9.324305386435492,524.2842040418524,5.1,15.314490278526739,13395731.356522214,2193157.5238072574,16.372062602908475,6.10796589442769
Agro-processing Unit,Abuja,2208.652873160198,220865.2873160198,14.241068643382906,420.8207978460683,5.5,17.16124998570472,14093670.826996017,2650383.4477922376,18.805487089392674,5.317596908000617
Agro-processing Unit,Lagos,2053.7338721491,205373.38721491,6.417590398420201,275.0872655819685,5.0,17.553280958539318,11772451.783048691,2464480.64657892,20.93430231863475,4.7768489476233755
Other,Ibadan,791.6283583419785,79162.83583419785,15.707732995364504,490.20030365043993,5.3,6.3830701366068245,4812615.90619421,949954.0300103741,19.738829121761196,5.066156628801978
Small Manufacturing Plant,Ibadan,4099.583832674189,409958.3832674189,13.278146703878626,382.3427337928089,5.3,33.05582835570221,27850187.603863638,4919500.599209026,17.664156052315235,5.661181870440565
Other,Abuja,1706.1688523269597,170616.88523269596,11.10002896947837,201.49567388478,5.5,13.256945239525715,9230066.928534662,2047402.6227923515,22.181882738713693,4.508183600911006
Other,Ibadan,750.5593608389306,75055.93608389306,12.43430735138645,297.0315115027169,5.3,6.051921954837369,3550509.23996296,900671.2330067167,25.367381751022076,3.9420702136897074
Agro-processing Unit,Lagos,2600.3019274623402,260030.192746234,7.093648069076487,445.23205737960757,5.0,22.224802798823422,12621229.390905498,3120362.312954808,24.723124953289048,4.0447961246378155
Welding Shop/Technical Services,Abuja,1427.4733759638214,142747.33759638213,8.363443562504656,277.0170761525664,5.5,11.091479222718114,5546439.459643062,1712968.0511565856,30.88410256021838,3.237911796368963
Small Manufacturing Plant,Enugu,3297.2241956623047,329722.4195662305,13.006299207696184,254.30483663395933,5.1,27.62882684483245,21752042.70110324,3956669.034794766,18.18987342551552,5.4975643678601305
Welding Shop/Technical Services,Kaduna,1897.82344518558,189782.344518558,12.446031859248347,161.94453736499267,6.0,13.5172610055953,7359322.490383404,2277388.134222696,30.945622198220168,3.231474854810044
Retail Store/Trading,Enugu,324.60129829242385,32460.129829242385,16.565062834483257,288.54803655728153,5.1,2.7199706577209977,1625279.407411724,389521.5579509086,23.96643655082212,4.172501814691751
Other,Port Harcourt,1000.5591363753166,100055.91363753166,6.427345803274098,323.88696642306627,4.8,8.90811196915346,5515462.270243018,1200670.9636503798,21.769180982856707,4.593650081679706
Other,Kano,1242.0885267387002,124208.85267387002,12.706090451455998,438.8671431275864,6.2,8.561404237239454,6199757.52223516,1490506.23208644,24.041363339466173,4.159497886537929
Small Manufacturing Plant,Ibadan,3121.1864224685414,312118.64224685414,9.026677610767425,495.901755876727,5.3,25.16679908457137,16589523.879063958,3745423.7069622497,22.577041597251554,4.429278281179835
Small Manufacturing Plant,Ibadan,5815.0971589518795,581509.7158951879,7.631192968407848,323.70725497787,5.3,46.88838218796871,36097939.89009018,6978116.590742255,19.33106601647904,5.173020459127995
Salon/Personal Services,Abuja,289.21456428073145,28921.456428073147,6.720878020259789,229.02683596937447,5.5,2.2471994116606946,1173612.1708339676,347057.4771368778,29.571734663441596,3.3816075092688487
Bakery/Food Processing,Ibadan,1044.2689628131616,104426.89628131616,14.519196881210956,343.54897751929445,5.3,8.420165802396077,4627518.327246822,1253122.755375794,27.07980102417766,3.692789319637799
Other,Ibadan,544.5186006835285,54451.86006835285,6.110899060866172,494.486376963317,5.3,4.390570881176652,3072014.8369729565,653422.3208202343,21.270155109800545,4.701423167051729
Welding Shop/Technical Services,Lagos,1352.388812328495,135238.8812328495,13.274599706649191,235.30705219221005,5.0,11.558878737850385,7337413.417583988,1622866.574794194,22.117693012976773,4.521267201842821
Welding Shop/Technical Services,Lagos,2170.971876630071,217097.18766300712,9.787843523787888,97.8167583807398,5.0,18.555315184872402,11473221.66513559,2605166.2519560857,22.706492805526196,4.404026674505298
Bakery/Food Processing,Lagos,1179.0150145481812,117901.50145481812,8.256702797748908,285.41064384180413,5.0,10.07705140639471,5308703.862450558,1414818.0174578174,26.650912428268725,3.752216749394652
Welding Shop/Technical Services,Ibadan,2316.5675668523145,231656.75668523146,9.165672899356291,56.638464415339875,5.3,18.678983767556154,16031941.453940762,2779881.0802227776,17.33964091753506,5.767132115110469
Small Manufacturing Plant,Kaduna,4316.280774926649,431628.0774926649,13.269113872307665,579.5787717009953,6.0,30.74274056215562,23878730.00480571,5179536.929911979,21.691006719660432,4.610205570097462
Salon/Personal Services,Port Harcourt,533.1560220106105,53315.602201061054,11.654070712537703,365.3708942437371,4.8,4.746759455222672,2604296.581935506,639787.2264127326,24.566603928698648,4.070566704711685
Small Manufacturing Plant,Ibadan,5747.652204517095,574765.2204517095,15.940537747219755,227.6383033500944,5.3,46.34455897852842,24378089.979129724,6897182.645420514,28.292547329693367,3.5344996982667864
Retail Store/Trading,Lagos,389.8034909257098,38980.34909257098,9.151603348392884,327.4315718433672,5.0,3.3316537685958103,2965001.9842606033,467764.18911085173,15.776184690395759,6.3386681864137975
Other,Ibadan,1564.8840670885822,156488.40670885824,12.038630486195546,87.28801770546193,5.3,12.617997638192083,9747012.272154821,1877860.880506299,19.266015349862187,5.190486885017213
Bakery/Food Processing,Port Harcourt,2030.0871907479675,203008.71907479674,15.671641544051447,209.2238258158458,4.8,18.07413809426609,12055132.518028263,2436104.6288975608,20.208028615649013,4.948528226180382
Welding Shop/Technical Services,Kaduna,2328.251478566701,232825.14785667008,11.11910281265272,539.0156456500936,6.0,16.582987739079066,12946212.767533282,2793901.774280041,21.58084240115868,4.633739413000439
Small Manufacturing Plant,Enugu,5458.289453562589,545828.9453562589,12.305183979715707,430.32805019747695,5.1,45.737300599653,36705680.008352734,6549947.344275107,17.84450619845376,5.6039656624774
Small Manufacturing Plant,Kaduna,5591.723953577364,559172.3953577364,11.948604120939306,222.28790726885208,6.0,39.827093686448464,32338997.925794866,6710068.744292837,20.749154812062436,4.819473414978108
Bakery/Food Processing,Enugu,2081.232434446288,208123.2434446288,8.640795057416302,263.6921314033231,5.1,17.439520985807675,12053341.013134928,2497478.921335546,20.720221211811392,4.826203300522478
Retail Store/Trading,Kano,892.581789685435,89258.17896854349,14.69306808323178,272.0960528861246,6.2,6.1523420849561266,4134085.35624147,1071098.147622522,25.90895096071063,3.8596699708777864
Other,Kaduna,665.0656540942076,66506.56540942076,10.271620689986838,206.25728207508814,6.0,4.7369348582208515,2389363.155827526,798078.7849130491,33.40131796066992,2.993893837295585
Small Manufacturing Plant,Ibadan,3116.3125078034886,311631.25078034884,14.91999496278788,188.63843776759433,5.3,25.127499659760428,21876575.26807027,3739575.009364186,17.09396906755439,5.8500164359023765
Welding Shop/Technical Services,Lagos,1908.3349403355278,190833.49403355276,10.63031336203331,590.142558249597,5.0,16.3105550456028,12091392.066764878,2290001.9284026334,18.93910904350765,5.280079425609523
Retail Store/Trading,Port Harcourt,512.8737953185764,51287.379531857645,6.9597897935610575,99.40416391464622,4.8,4.566184075129775,2654147.3466835865,615448.5543822917,23.188183397252146,4.312541361556172
Small Manufacturing Plant,Enugu,4567.6380247357265,456763.80247357266,13.192362620859187,280.3174447654602,5.1,38.27415807554656,33215897.694472965,5481165.629682872,16.501633284458613,6.0600061991548975
Agro-processing Unit,Port Harcourt,2579.6092307800745,257960.92307800744,6.6471909940904546,334.10058071409424,4.8,22.96660639939525,19888455.547781046,3095531.0769360894,15.564461853255656,6.424892870875761
Small Manufacturing Plant,Kano,4266.588163831231,426658.8163831231,7.794591822683334,107.11166236101016,6.2,29.40852056679922,26340437.42024458,5119905.796597477,19.437436497020546,5.14471134171054
Small Manufacturing Plant,Lagos,2932.503717098217,293250.3717098217,7.212338957895103,385.3395075452179,5.0,25.064134334172792,21295055.612758692,3519004.46051786,16.5249836605709,6.051443199826149
Agro-processing Unit,Kaduna,1991.2066310072964,199120.66310072964,9.017161826249561,145.46467928329184,6.0,14.18238341173288,12751576.005988574,2389447.9572087554,18.738452063388788,5.336620104036242
Small Manufacturing Plant,Abuja,5852.423565569761,585242.3565569761,16.255409557822027,176.7721605433365,5.5,45.473376577853614,27187371.159298453,7022908.278683713,25.831509186874,3.871241098480375
Retail Store/Trading,Enugu,462.0530351377008,46205.30351377008,8.518714107659966,320.53177770345303,5.1,3.871736510287421,3240255.643059835,554463.642165241,17.11172522306451,5.843946106919263
Retail Store/Trading,Kano,215.68842597940287,21568.842597940285,14.05641610676155,337.7369823997029,6.2,1.4866861454328844,1232776.9863107305,258826.11117528344,20.995371754128804,4.762954482115073
Retail Store/Trading,Lagos,918.9111426408826,91891.11426408826,7.972712211940969,492.2600853336224,5.0,7.853941390093014,4652487.513417175,1102693.371169059,23.701157025978755,4.219203302623174
Retail Store/Trading,Kaduna,833.5688115733726,83356.88115733727,7.5261742706026435,269.20757327927015,6.0,5.937099797531144,3202323.3196628694,1000282.5738880471,31.236151819715495,3.2014186823385344
Salon/Personal Services,Abuja,260.599216743936,26059.921674393598,9.056646005490586,194.7853961567994,5.5,2.0248579389583212,1805703.9305586505,312719.0600927232,17.318401693680414,5.774204904629887
Retail Store/Trading,Ibadan,644.9891152206183,64498.911522061826,10.936931181125587,571.2530422034679,5.3,5.20068630237557,3216155.483291829,773986.9382647419,24.065594536261152,4.155309765953368
Agro-processing Unit,Kano,1815.9253548675129,181592.5354867513,17.684305618202387,176.85125211784515,6.2,12.516717361921097,10618641.238601726,2179110.4258410158,20.52155616595597,4.872924801185107
Small Manufacturing Plant,Port Harcourt,5205.058777336486,520505.8777336486,10.067639114073856,128.69476747952265,4.8,46.341335268309166,23247170.77754658,6246070.532803783,26.868088992732776,3.7218873298747743
Other,Kaduna,1758.411614918608,175841.16149186078,9.706330790837558,412.3704723247632,6.0,12.524299251557036,6367478.016708356,2110093.9379023295,33.13861362953138,3.017627747434953
Small Manufacturing Plant,Kano,4482.5528978031925,448255.28978031926,11.661075712690492,322.7007099566965,6.2,30.89711123382404,21206186.675087567,5379063.477363831,25.36553865048733,3.9423566508049994
Salon/Personal Services,Kano,625.9546441599869,62595.464415998686,7.053274969481286,417.4993640768478,6.2,4.314548140060565,2569252.4682611525,751145.5729919842,29.235958017794683,3.420445464422074
Salon/Personal Services,Ibadan,732.2778659090761,73227.7865909076,6.69345836423837,127.3593365785167,5.3,5.9045143195377845,4581528.254271282,878733.4390908913,19.179919675747122,5.213786172756985
Other,Enugu,1518.2742923934534,151827.42923934534,11.24737977893541,271.9517414475286,5.1,12.722258189990391,9239231.244164515,1821929.150872144,19.719488588651483,5.071125427540234
Retail Store/Trading,Kaduna,309.5733076353887,30957.33076353887,12.081240488613457,119.59992115800748,6.0,2.2049380885711445,1170809.5987343313,371487.96916246647,31.729153020615176,3.1516756824560574
Other,Lagos,1110.2547757279185,111025.47757279185,15.16338358753988,192.04539683793993,5.0,9.489357057503577,5361973.717309122,1332305.730873502,24.84730066043876,4.0245820407855195
Agro-processing Unit,Abuja,2701.965420449318,270196.5420449318,17.90419163276203,427.6577328447205,5.5,20.99429231118351,13755874.078290852,3242358.5045391815,23.570719578308612,4.242551852003145
Other,Port Harcourt,1730.3065112188376,173030.65112188377,10.978171278726549,472.3235077192204,4.8,15.405150562845776,8846278.70154669,2076367.8134626052,23.471652697303913,4.260458404426142
Other,Port Harcourt,368.86559400024714,36886.559400024715,7.474934190506939,161.68882610603418,4.8,3.2840597756432257,2682712.105401391,442638.7128002966,16.499672548130853,6.060726339161706
Other,Port Harcourt,983.3182718458733,98331.82718458732,16.14893853990916,240.44632793336177,4.8,8.754614243642033,5834320.886033113,1179981.926215048,20.224837633456673,4.944415466385564
Welding Shop/Technical Services,Abuja,2309.242387030926,230924.2387030926,14.5117715376418,372.4002947485878,5.5,17.94283129006158,9641988.534578975,2771090.864437111,28.739827417333814,3.479492014614087
Bakery/Food Processing,Kaduna,1407.3113458892317,140731.13458892316,12.92464010056253,238.2460760343604,6.0,10.023585084681137,6953733.458774986,1688773.6150670778,24.28585485881685,4.117623224767628
Small Manufacturing Plant,Abuja,2793.558084932042,279355.80849320424,17.91364773823217,119.95034949788099,5.5,21.70596802588999,11641676.274404619,3352269.701918451,28.79542106224641,3.472774361723423
Retail Store/Trading,Port Harcourt,257.87870706884587,25787.870706884587,16.54236899048587,216.00906349109232,4.8,2.295928659800978,1266376.6718328372,309454.44848261506,24.436208859938898,4.092287824726427
Salon/Personal Services,Lagos,572.6930331477799,57269.30331477799,9.948068755946794,265.29984893695917,5.0,4.894812249126324,2916544.180892266,687231.6397773359,23.56321718970461,4.243902655351012
Other,Lagos,745.5920524285541,74559.20524285542,10.116528069516121,275.8852203225987,5.0,6.372581644688497,5377255.013368799,894710.462914265,16.638795457716952,6.01005044230054
Welding Shop/Technical Services,Enugu,2440.832138184686,244083.2138184686,12.138434330817502,568.9608694363374,5.1,20.45275798713496,17790729.53583879,2928998.565821623,16.463622584567204,6.073997353033273
Bakery/Food Processing,Lagos,871.1966695259184,87119.66695259184,12.036819871584338,371.323633857445,5.0,7.446125380563405,6184030.149988187,1045436.003431102,16.905415692921537,5.915264186131252
Retail Store/Trading,Lagos,936.1575888594191,93615.7588859419,6.589902283457131,365.42477171436883,5.0,8.001346913328367,5069900.541624032,1123389.1066313027,22.158010742188043,4.513040505463952
Salon/Personal Services,Abuja,704.8594535431721,70485.94535431721,8.90313273743084,531.9607916881656,5.5,5.476763430793877,3335231.5976028536,845831.3442518066,25.360498049362896,3.943140225612099
Salon/Personal Services,Kaduna,162.37821602828967,16237.821602828968,14.789455549604757,563.2122716427592,6.0,1.1565400002014934,832318.2091956245,194853.85923394762,23.41098117056214,4.271499740717567
Salon/Personal Services,Port Harcourt,577.1784800660405,57717.84800660405,11.268350927765376,74.68455905999491,4.8,5.138697294035261,4053102.6001065522,692614.1760792485,17.088493542232076,5.851890908514697
Retail Store/Trading,Lagos,936.091050658103,93609.10506581029,11.643554672298897,65.9482093847714,5.0,8.000778210753017,7179491.2488432685,1123309.2607897236,15.646084407035202,6.3913754648438035
Small Manufacturing Plant,Abuja,4914.373749650667,491437.37496506673,11.782047042915098,118.3899245933259,5.5,38.1847222195079,21101957.54388183,5897248.4995808005,27.946452301012293,3.5782717220381404
Bakery/Food Processing,Enugu,1164.2620758274413,116426.20758274413,6.773888165470155,365.8614468397154,5.1,9.755841091230446,5070274.509433351,1397114.4909929296,27.555006901373268,3.629104516573947
Welding Shop/Technical Services,Kaduna,2244.0589585040184,224405.89585040184,12.068907580265332,499.4061731514382,6.0,15.983325915270786,12430909.547634993,2692870.750204822,21.662700865819964,4.616229556019162
Retail Store/Trading,Kano,888.8070570464108,88880.70570464108,13.387492760197519,57.0160638390868,6.2,6.126323800981601,5102555.7505990155,1066568.468455693,20.902632339303356,4.7840864431208185
Other,Kaduna,1481.8904147711505,148189.04147711504,11.01599060304422,361.05661577451286,6.0,10.554775033982553,8850595.905701563,1778268.4977253806,20.092076473402408,4.977086371952571
Salon/Personal Services,Ibadan,571.9023913122749,57190.239131227485,10.20283937192492,554.4041778444869,5.3,4.611372289245886,3557145.348414077,686282.8695747298,19.293079206918076,5.183205797659411
Salon/Personal Services,Abuja,237.08366338735777,23708.366338735777,14.05814168737245,52.39776897611924,5.5,1.8421419066616764,1624043.9502850347,284500.3960648293,17.518023204661233,5.708406641075335
Small Manufacturing Plant,Kaduna,5736.2788689181325,573627.8868918133,7.3500495988570975,102.18632658116604,6.0,40.8566871005565,28779528.24269227,6883534.642701759,23.918163580216554,4.180922990371764
Agro-processing Unit,Lagos,2332.5190826306107,233251.90826306108,10.482795432468967,167.86503977758323,5.0,19.936060535304364,17255177.122727253,2799022.899156733,16.22135130372012,6.164714525174393
Salon/Personal Services,Port Harcourt,530.329079602631,53032.9079602631,11.314969176503563,68.79657397259808,4.8,4.721590808427982,4188640.560335678,636394.8955231572,15.193351789348963,6.581826142543693
Retail Store/Trading,Ibadan,455.72164980424054,45572.16498042405,15.725194962878046,429.3358441740277,5.3,3.6745819206921504,3082470.750539338,546865.9797650886,17.74115714380757,5.6366109149145505
Other,Port Harcourt,1532.2804510857968,153228.04510857968,14.377403089002282,221.0351617606683,4.8,13.642098033171267,8511351.691220988,1838736.5413029562,21.603343487727294,4.62891311508375
Bakery/Food Processing,Kaduna,969.428667530519,96942.8667530519,9.269606208397152,507.4819151018376,6.0,6.90476258924871,3994310.289674647,1163314.401036623,29.124287215337485,3.4335604253805676
Retail Store/Trading,Kaduna,984.3766382264569,98437.66382264569,11.926164176898736,55.33519520767322,6.0,7.011229616997555,5042813.061807238,1181251.9658717483,23.424464706379826,4.269040989985323
Bakery/Food Processing,Kaduna,1038.0761806281894,103807.61806281893,9.864966903795189,368.22194172612234,6.0,7.393704990229269,5036635.463328021,1245691.4167538271,24.73261020821866,4.043244896439194
Bakery/Food Processing,Kano,927.6591978690337,92765.91978690337,17.32028758451858,250.7960203064204,6.2,6.394121849111067,5442058.442177159,1113191.0374428404,20.45533044657079,4.88870127330377
Retail Store/Trading,Abuja,930.0673743398585,93006.73743398585,15.36626163308426,465.4904998835696,5.5,7.226630725251424,3902472.141678567,1116080.8492078301,28.599329058317664,3.4965855246494524
Other,Port Harcourt,1331.4232856297945,133142.32856297944,13.521405804622136,400.90177936893645,4.8,11.853839793712556,7149003.654939636,1597707.9427557532,22.348679898237425,4.474537218991924
Salon/Personal Services,Enugu,558.6689015666284,55866.89015666284,12.644738776780335,592.5277101655889,5.1,4.681321447684166,3748425.7331707827,670402.6818799541,17.88491301688035,5.591304800063428
Welding Shop/Technical Services,Kaduna,2464.581134851392,246458.1134851392,15.323356660710253,529.8545482960208,6.0,17.553996686975726,9443956.443983335,2957497.3618216706,31.3162960816689,3.1932256528426217
Other,Kaduna,666.5875966339436,66658.75966339436,7.005649909140729,315.5919401292293,6.0,4.747774904800168,2983054.3464981476,799905.1159607323,26.814969593153844,3.729260242216762
Welding Shop/Technical Services,Kano,2028.1613912385462,202816.13912385463,15.950181359399012,294.0809686052846,6.2,13.979607052926289,9154715.63738135,2433793.6694862554,26.58513673049955,3.7615003080001443
Agro-processing Unit,Port Harcourt,2927.132563860782,292713.2563860782,12.3248512621615,71.01153106656508,4.8,26.06065316827619,19520406.98291432,3512559.0766329383,17.99429222816607,5.557317772325171
Welding Shop/Technical Services,Enugu,2230.429793193828,223042.9793193828,15.936519429291026,136.6253014416921,5.1,18.68970833914721,10527035.380530652,2676515.7518325937,25.42516154911673,3.9331116857141066
Retail Store/Trading,Kaduna,675.4653871412766,67546.53871412766,13.123326533356973,140.3017302309973,6.0,4.811007030920773,4061653.2170261624,810558.4645695318,19.95636804175522,5.010931838437107
Salon/Personal Services,Lagos,230.2513229249784,23025.13229249784,17.760623315717815,266.5455433091706,5.0,1.9679600249998155,1336278.104058581,276301.5875099741,20.676952400161554,4.836302665146081
Bakery/Food Processing,Abuja,1186.6169388299998,118661.69388299997,8.055894533452499,417.18094247077926,5.5,9.220022834731932,7991995.866759445,1423940.3265959998,17.817080368102996,5.612591846362487
Other,Abuja,1336.0570054563739,133605.70054563737,13.72262547584901,98.40331513129874,5.5,10.381173313569338,7133402.121440093,1603268.4065476484,22.475508589777636,4.449287525599408
Retail Store/Trading,Port Harcourt,914.8276667987495,91482.76667987496,10.671196761708579,222.35317353669686,4.8,8.144833215800832,4968479.422581594,1097793.2001584994,22.09515440818898,4.525879211006449
Other,Kaduna,1086.0144603211565,108601.44603211565,10.680792788971539,524.9673517265303,6.0,7.735145728783166,4306399.527768298,1303217.3523853878,30.262341986201015,3.3044369152129036
Salon/Personal Services,Abuja,754.0196338786299,75401.96338786298,9.641438597395275,525.1646941029751,5.5,5.8587384139753675,2938145.819087276,904823.5606543558,30.795733648625916,3.24720304250527
Welding Shop/Technical Services,Abuja,2563.0462590661346,256304.62590661345,17.16969206813714,185.1626717022383,5.5,19.91488934783321,14196587.645554291,3075655.5108793615,21.664752035271754,4.6157925019032255
Other,Enugu,1280.8305552056645,128083.05552056644,9.294535016885336,503.2519697664058,5.1,10.732617355502468,5826337.4078297205,1536996.6662467974,26.380152034815307,3.7907287216550007
Salon/Personal Services,Ibadan,153.46072387119176,15346.072387119177,12.777829954636754,236.5618871995549,5.3,1.23738690429924,812580.9740566793,184152.86864543014,22.662709874448165,4.412534977238021
Small Manufacturing Plant,Lagos,3629.3929747723705,362939.29747723707,13.738875886379004,518.3164471226967,5.0,31.020452775832226,22822017.124550723,4355271.569726845,19.0836399164808,5.240090487854946
Salon/Personal Services,Port Harcourt,545.977004405662,54597.7004405662,16.238075743760668,195.5284115345665,4.8,4.860906378255537,2966486.522987542,655172.4052867944,22.08580420675472,4.527795278082562
Bakery/Food Processing,Enugu,1683.153153100468,168315.3153100468,11.406438468804913,56.40469472670292,5.1,14.103847436739299,8040458.393066566,2019783.7837205618,25.120256644350754,3.9808510484501287
Bakery/Food Processing,Kaduna,1746.5806433392581,174658.0643339258,13.9382918897541,375.55292243048854,6.0,12.440033072216938,10075041.578917181,2095896.7720071096,20.80285977571486,4.807031392709739
Retail Store/Trading,Port Harcourt,789.0239190267372,78902.39190267371,12.856074341436926,86.7126401679163,4.8,7.024785603870523,6172794.800701511,946828.7028320846,15.33873607339874,6.519441988015255
Small Manufacturing Plant,Lagos,2907.55933429649,290755.933429649,13.157694930527429,201.2385555855021,5.0,24.85093448116658,13423882.538002774,3489071.201155788,25.99152064448038,3.847408597897339
Bakery/Food Processing,Port Harcourt,935.3967193591019,93539.67193591018,11.155232921382561,354.87742894601047,4.8,8.32796224500625,4682281.261369773,1122476.0632309222,23.9728457256869,4.171386290316382
Bakery/Food Processing,Kaduna,1358.8681801943312,135886.81801943312,14.645204426709336,404.07383445568456,6.0,9.678548291982416,8555885.691645129,1630641.8162331975,19.058714375129256,5.24694363070446
Other,Kaduna,865.7912138558423,86579.12138558424,15.058470346902727,406.7822733931695,6.0,6.166604087292324,3176502.178311185,1038949.4566270108,32.70734280369288,3.0574174307033384
Bakery/Food Processing,Kano,1883.6571438204335,188365.71438204334,12.641132409444817,56.264317448704034,6.2,12.983575570860445,11569053.114278194,2260388.57258452,19.538233166159582,5.1181700591638455
Small Manufacturing Plant,Lagos,4937.775142169112,493777.51421691116,10.512501493309877,568.4353405872606,5.0,42.20320634332574,21180008.002860416,5925330.170602934,27.976052557688853,3.5744857067948392
Agro-processing Unit,Kaduna,3544.9619276930134,354496.19276930136,13.052333634375746,188.70009000059818,6.0,25.249016579010068,21448218.037945796,4253954.313231616,19.83360251982518,5.041948375240578
Agro-processing Unit,Abuja,2009.2934831941666,200929.34831941666,10.08461805213059,312.11236896901016,5.5,15.612225976644648,9725325.057879908,2411152.179833,24.792509921088683,4.033476252234522
Salon/Personal Services,Abuja,342.44258152531563,34244.25815253156,12.179153944709793,140.95373403225227,5.5,2.6607815192332214,2329342.714815155,410931.09783037874,17.641504413101707,5.6684508111300085
Welding Shop/Technical Services,Ibadan,2955.425625651,295542.5625651,7.295094659579926,562.5692768099046,5.3,23.830234040082242,14936269.182476088,3546510.7507812,23.74428786367969,4.211539237315447
